u,v,length_m,speed_kmh,rank,has_traffic_light,light_delay_s,counter_zone
32271693,6212861943,27.08,36.18279569892473,residential,False,20,11346035713
32271693,6865185180,58.12,36.18279569892473,residential,False,28,11346035713
32271693,6969995208,108.11,36.18279569892473,residential,False,23,11346035713
32271695,11258115269,19.36,36.18279569892473,residential,False,28,11346035713
32271695,32271705,105.74,36.18279569892473,residential,False,22,11346035713
32271695,6974384382,103.03,36.18279569892473,residential,False,32,11346035713
32271695,1383527469,43.03,36.18279569892473,residential,False,30,11346035713
32271696,32271706,35.28,36.18279569892473,residential,False,23,11346035713
32271696,12907523381,6.24,36.18279569892473,residential,False,19,11346035713
32271696,1383522734,135.86,36.18279569892473,residential,False,13,11346035713
32271696,3842547305,95.69,36.18279569892473,residential,False,22,11346035713
32271701,32271703,79.09,36.18279569892473,residential,False,10,11346035713
32271701,2311779625,97.38,36.18279569892473,residential,False,20,11346035713
32271701,12909614314,46.0,36.18279569892473,residential,False,15,11346035713
32271703,11258115238,4.85,36.18279569892473,residential,False,35,11346035713
32271703,11961523012,33.39,36.18279569892473,residential,False,29,11346035713
32271703,32271701,79.09,36.18279569892473,residential,False,24,11346035713
32271705,12907523381,44.85,36.18279569892473,residential,False,32,11346035713
32271705,32271695,105.74,36.18279569892473,residential,False,21,11346035713
32271705,6865147056,118.12,36.18279569892473,residential,False,12,11346035713
32271706,12909576497,18.32,36.18279569892473,residential,False,23,11346035713
32271706,32271696,35.28,36.18279569892473,residential,False,13,11346035713
32271706,3842552624,105.83,36.18279569892473,residential,False,17,11346035713
33221214,88965153,307.82,36.18279569892473,residential,False,23,6185036192
33221214,88961141,845.39,60.0,primary,False,28,6185036192
33221214,88970847,454.39,60.0,primary,False,22,6185036192
33221316,147921169,46.93,60.0,primary,False,26,6185036192
33221316,147920870,422.05,36.18279569892473,residential,False,12,6185036192
33221316,88960349,36.85,60.0,primary,False,22,6185036192
33222611,6861072293,40.28,36.18279569892473,residential,False,19,90214098
33222611,1855819263,413.08,54.67289719626168,primary,False,33,90214098
33222611,3756691441,41.52,54.67289719626168,primary,False,20,90214098
33222620,301374458,8.01,36.18279569892473,residential,False,17,90214098
33222620,12899629411,327.97,54.67289719626168,primary,False,20,90214098
33222620,90209697,503.44,54.67289719626168,primary,False,34,90214098
33222633,301372615,14.17,36.18279569892473,residential,False,15,388276886
33222633,6168503118,120.09,54.67289719626168,primary,True,12,388276886
33222633,320067944,316.2,54.67289719626168,primary,False,26,388276886
33222648,9191292963,182.3,54.67289719626168,primary,True,30,82903274
33222648,316054613,22.53,53.482142857142854,secondary,False,13,82903274
33222648,256595154,205.83,54.67289719626168,primary,False,26,82903274
33222648,2101757694,28.41,53.482142857142854,secondary,False,26,82903274
33222670,82637467,165.8,60.0,primary_link,False,16,90214098
33222670,4423412679,590.04,60.0,primary,False,34,90214098
33222670,82638319,80.01,60.0,primary,False,21,90214098
39621234,3868812901,152.3,54.67289719626168,primary,False,21,82903274
39621234,3868812896,72.21,36.18279569892473,residential,False,33,82903274
39621234,83741273,85.72,54.67289719626168,primary,True,30,82903274
39621239,256757168,27.65,36.18279569892473,residential,False,14,82903274
39621239,13204877868,301.77,54.67289719626168,primary,False,17,82903274
39621239,83741273,177.07,54.67289719626168,primary,True,13,82903274
39626409,11258115269,66.84,36.18279569892473,residential,False,14,11346035713
39626409,6368848272,17.95,36.18279569892473,residential,False,18,11346035713
39626409,6191116139,144.46,36.18279569892473,residential,False,16,11346035713
39629023,6865185180,15.16,36.18279569892473,residential,False,15,11346035713
39629023,6871727709,21.34,36.18279569892473,residential,False,29,11346035713
39629023,146264973,110.9,36.18279569892473,residential,False,14,11346035713
39630055,60969247,531.66,36.18279569892473,residential,True,34,11346035713
39630055,60969445,338.92,53.482142857142854,secondary,False,34,11346035713
39630055,9332976361,151.1,53.482142857142854,secondary,False,30,11346035713
39630061,6365819852,473.67,60.0,secondary,True,12,93731379
39630061,6970320249,23.93,53.482142857142854,secondary,True,15,93731379
60969237,6879905270,142.56,60.0,primary,False,34,11346035713
60969237,60969247,264.99,60.0,primary,True,30,11346035713
60969237,256394693,11.97,36.18279569892473,residential,False,25,11346035713
60969244,6368067245,51.95,60.0,primary,False,24,82903274
60969244,6579136831,221.21,60.0,primary,True,34,82903274
60969245,6579136829,36.11,53.482142857142854,secondary,False,28,82903274
60969245,83719505,145.72,60.0,secondary,True,34,82903274
60969247,2272366761,48.97,36.18279569892473,residential,False,28,11346035713
60969247,39630055,531.66,36.18279569892473,residential,False,24,11346035713
60969247,60969237,264.99,60.0,primary,True,31,11346035713
60969247,11172142604,107.75,60.0,primary,False,28,11346035713
60969445,39630055,338.92,53.482142857142854,secondary,False,30,11346035713
60969445,256393699,161.78,36.18279569892473,residential,False,30,11346035713
60969445,12908668258,96.63,53.482142857142854,secondary,False,29,11346035713
60969632,257398732,115.24,44.02390438247012,tertiary,False,20,93731379
60969632,256392915,153.52,30.0,residential,False,30,93731379
60969632,1566970243,161.48,44.02390438247012,tertiary,False,20,93731379
60969794,6969995208,30.36,36.18279569892473,residential,False,14,11346035713
60969794,12912452189,44.83,36.18279569892473,residential,False,24,11346035713
60969794,11258112534,89.28,36.18279569892473,residential,False,12,11346035713
60969925,1404342660,30.56,60.0,primary,False,25,11346035713
60969925,83717571,107.64,40.0,primary,False,24,11346035713
60969925,1800317394,14.21,36.18279569892473,residential,False,30,11346035713
60969925,83723172,113.01,44.02390438247012,tertiary,False,19,11346035713
60969926,1404342660,49.87,60.0,primary,False,35,11346035713
60969926,1952870486,46.49,60.0,primary,False,18,11346035713
60969926,9568889769,31.19,36.18279569892473,residential,False,28,11346035713
60969930,6879934731,15.46,36.18279569892473,residential,False,11,11346035713
60969930,1404317173,251.44,60.0,primary,False,21,11346035713
60969930,6879905270,107.83,60.0,primary,False,26,11346035713
60969930,6879829992,53.01,53.482142857142854,secondary,False,12,11346035713
61334561,84578735,13.31,50.0,primary,False,19,93731379
61334561,84578295,305.88,36.18279569892473,residential,True,24,93731379
61334742,84574175,172.43,40.0,tertiary,False,24,93731379
61334742,84571932,167.78,40.0,tertiary,True,11,93731379
61334742,84577709,56.87,40.0,tertiary,False,11,93731379
61334743,1231480275,9.66,50.0,tertiary,True,21,93731379
61334743,82673371,441.32,50.0,secondary,False,19,93731379
61334743,301435542,41.67,50.0,tertiary,True,12,93731379
61334834,2128254509,50.65,36.18279569892473,residential,False,30,93731379
61334834,84587917,48.48,36.18279569892473,residential,False,12,93731379
61334834,84587914,271.62,36.18279569892473,residential,False,29,93731379
61334834,301436670,134.3,36.18279569892473,residential,False,29,93731379
63904172,2128254509,266.51,36.18279569892473,residential,False,26,
63912055,63912640,56.71,36.18279569892473,residential,False,22,
63912640,63912641,50.16,36.18279569892473,residential,False,24,
63912640,301444251,149.65,36.18279569892473,residential,False,28,
78424736,1800317399,21.11,44.02390438247012,tertiary,True,27,93731379
78424736,254295590,545.59,60.0,secondary,True,35,93731379
78424736,83718078,214.36,44.02390438247012,tertiary,False,33,93731379
78451997,78452163,24.42,53.482142857142854,secondary,False,11,82903274
78451997,78452012,463.28,60.0,secondary,True,24,82903274
78451997,90311903,121.25,53.482142857142854,secondary,True,35,82903274
78452012,1276437793,272.02,45.0,unclassified,False,28,82903274
78452012,6967286689,278.27,60.0,secondary,False,30,82903274
78452068,90136593,92.95,60.0,primary,False,16,82703794
78452128,1383425989,189.02,54.67289719626168,primary,False,20,320981769
78452142,90149936,158.46,36.18279569892473,residential,False,29,82703794
78452142,1800317481,38.29,54.67289719626168,primary,False,25,82703794
78452147,6396793312,188.46,54.67289719626168,primary,False,26,82703794
78452147,82588000,94.64,60.0,secondary,False,14,82703794
78452152,12912737243,96.85,60.0,secondary,False,11,82668285
78452163,78451997,24.42,53.482142857142854,secondary,False,24,82903274
78452163,82896542,90.58,53.482142857142854,secondary,True,13,82903274
78452163,6975294295,600.74,60.0,secondary,False,35,82903274
78452168,8274513455,18.0,44.02390438247012,tertiary,False,20,11253757267
78452168,93731127,247.53,60.0,secondary,False,32,11253757267
78452168,1327337190,144.08,36.18279569892473,residential,False,12,11253757267
78452168,7813814027,169.27,53.482142857142854,secondary,False,26,11253757267
78452212,301946394,42.52,60.0,secondary,False,30,147963281
78452212,301946430,53.76,36.18279569892473,residential,False,15,147963281
78452212,12909415458,177.66,60.0,secondary,False,11,147963281
79467561,6398581389,27.75,44.02390438247012,tertiary,False,17,256619924
79467561,6398581392,26.33,50.0,primary,False,32,256619924
79467561,82665577,505.55,50.0,primary,False,24,256619924
81535495,81535497,30.68,54.67289719626168,primary,False,24,90214098
81535495,81536829,43.33,54.67289719626168,primary,False,26,90214098
81535497,82626265,72.67,54.67289719626168,primary,False,26,90214098
81536829,81535497,32.67,54.67289719626168,primary,False,29,90214098
81536829,6168697493,18.91,54.67289719626168,primary,False,15,90214098
81536866,4766213966,315.82,60.0,primary_link,False,21,320981769
81536866,4766213958,119.19,60.0,primary,False,21,320981769
81536866,4721171417,581.65,54.67289719626168,primary,False,19,320981769
81537737,12322799084,282.41,60.0,secondary,False,22,82903274
81537737,5308051335,177.65,40.0,secondary,False,23,82903274
82587046,2501673823,187.19,54.67289719626168,primary,True,34,90214098
82587046,78452068,86.77,60.0,primary,False,20,90214098
82587046,6396793312,23.52,60.0,primary_link,False,31,90214098
82587347,4856507038,66.18,36.18279569892473,residential,False,29,82903274
82587347,82588281,92.16,36.18279569892473,residential,False,11,82903274
82587475,82587347,68.36,36.18279569892473,residential,False,35,82703794
82587475,11991211010,38.53,36.18279569892473,residential,False,30,82703794
82588000,82588281,77.92,60.0,secondary,False,30,82703794
82588000,82587475,129.68,36.18279569892473,residential,False,20,82703794
82588276,82587347,59.0,36.18279569892473,residential,False,12,82903274
82588276,6396793311,148.21,53.482142857142854,secondary,False,20,82903274
82588281,82588499,45.65,60.0,secondary,False,13,82703794
82588499,254281224,29.27,60.0,secondary,False,27,82703794
82588846,1594343624,68.02,45.0,unclassified,False,31,82703794
82588846,78452068,81.82,36.18279569892473,residential,False,22,82703794
82588848,11672522122,92.08,54.67289719626168,primary,False,19,82703794
82589501,82589614,83.75,36.18279569892473,residential,False,18,82703794
82589501,1510308751,132.36,36.18279569892473,residential,False,33,82703794
82589504,5148545030,147.54,36.18279569892473,residential,False,31,82703794
82589504,257709127,94.04,36.18279569892473,residential,False,29,82703794
82589504,82706074,149.11,36.18279569892473,residential,False,14,82703794
82589614,90141965,179.81,36.18279569892473,residential,False,20,82703794
82589614,2501679855,142.9,54.67289719626168,primary,False,12,82703794
82589766,257709714,66.7,60.0,primary,False,28,82703794
82589766,5148545030,180.8,36.18279569892473,residential,False,31,82703794
82619348,1804727612,24.32,53.482142857142854,secondary,False,14,320981769
82619348,1474109701,140.57,36.18279569892473,residential,False,21,320981769
82619348,4766213966,848.48,53.482142857142854,secondary,False,19,320981769
82619356,1474113373,540.68,36.18279569892473,residential,False,30,320981769
82619356,82619372,330.98,53.482142857142854,secondary,False,32,320981769
82619356,1804727612,274.39,53.482142857142854,secondary,False,31,320981769
82619372,82619397,640.61,53.482142857142854,secondary,False,22,320981769
82619372,82619356,330.98,53.482142857142854,secondary,False,14,320981769
82619372,6222664867,105.16,36.18279569892473,residential,False,29,320981769
82619397,82619398,27.52,53.482142857142854,secondary,False,32,320981769
82619397,6352715816,30.05,36.18279569892473,residential,False,12,320981769
82619397,82619372,640.61,53.482142857142854,secondary,False,19,320981769
82619398,82619397,27.52,53.482142857142854,secondary,False,27,320981769
82619398,82619400,116.95,36.18279569892473,residential,False,22,320981769
82619398,1474142260,384.54,53.482142857142854,secondary,False,30,320981769
82619400,82619398,116.95,36.18279569892473,residential,False,35,320981769
82619400,1474142218,180.05,36.18279569892473,residential,False,20,320981769
82619400,82619401,98.9,36.18279569892473,residential,False,14,320981769
82619401,1474142209,322.33,36.18279569892473,residential,False,31,320981769
82619401,93777160,51.12,36.18279569892473,residential,False,32,320981769
82619401,82619400,98.9,36.18279569892473,residential,False,33,320981769
82619403,1474142260,155.2,36.18279569892473,residential,False,31,320981769
82619403,12887966550,133.7,36.18279569892473,residential,False,26,320981769
82619403,93777160,71.89,36.18279569892473,residential,False,12,320981769
82619405,82619409,172.75,36.18279569892473,residential,False,30,320981769
82619405,12887966550,47.27,36.18279569892473,residential,False,31,320981769
82619405,6913827436,111.67,36.18279569892473,residential,False,23,320981769
82619409,8273722942,80.26,36.18279569892473,residential,False,26,320981769
82619409,6914068269,257.84,36.18279569892473,residential,False,21,320981769
82619409,82619405,172.75,36.18279569892473,residential,False,10,320981769
82619416,1474142517,298.42,36.18279569892473,residential,False,21,320981769
82619416,1804727616,83.29,36.18279569892473,residential,False,19,320981769
82619416,6914068269,156.59,36.18279569892473,residential,False,15,320981769
82621142,82903274,88.38,53.482142857142854,secondary,False,16,82903274
82621142,82901413,175.84,53.482142857142854,secondary,True,20,82903274
82621142,2006674882,22.29,53.482142857142854,secondary,False,34,82903274
82621715,9191292963,6.28,54.67289719626168,primary,True,25,82903274
82621715,2106101561,158.71,60.0,primary,False,16,82903274
82621727,6579136829,19.33,54.67289719626168,primary,False,17,82903274
82621727,60969245,38.63,60.0,secondary,False,14,82903274
82621920,6363680251,7.24,36.18279569892473,residential,False,14,11253757267
82621920,83720668,36.97,36.18279569892473,residential,False,12,11253757267
82622564,6368067230,6.68,44.02390438247012,tertiary,False,19,82903274
82622564,6368067244,504.06,60.0,secondary,False,35,82903274
82622564,83739448,192.9,44.02390438247012,tertiary,True,13,82903274
82623569,4039251388,209.77,53.482142857142854,secondary,True,26,82903274
82623569,82901413,167.61,53.482142857142854,secondary,True,34,82903274
82623569,2016324771,122.91,36.18279569892473,residential,False,27,82903274
82623569,6368143956,186.31,50.0,secondary,False,33,82903274
82624009,12322799084,69.21,44.02390438247012,tertiary,False,26,82903274
82624009,82624011,213.88,36.18279569892473,residential,False,11,82903274
82624009,254281219,65.05,44.02390438247012,tertiary,False,31,82903274
82624011,82705069,50.16,36.18279569892473,residential,False,20,82903274
82624011,82624009,213.88,36.18279569892473,residential,True,34,82903274
82624011,4866078613,54.55,36.18279569892473,residential,False,29,82903274
82624677,13469095395,24.92,36.18279569892473,residential,False,14,82703794
82624677,6396879474,100.11,36.18279569892473,residential,False,29,82703794
82624677,13469019597,84.72,36.18279569892473,residential,False,22,82703794
82624680,82589504,105.28,36.18279569892473,residential,False,14,82703794
82624680,12959613418,145.64,36.18279569892473,residential,False,15,82703794
82624681,82624680,103.1,36.18279569892473,residential,False,15,90214098
82624681,90134546,478.24,60.0,primary,False,32,90214098
82624688,7098520359,228.84,36.18279569892473,residential,False,34,388276886
82624688,1933967150,612.36,36.18279569892473,residential,False,29,388276886
82624688,82669271,130.41,36.18279569892473,residential,True,35,388276886
82624688,90218314,100.42,36.18279569892473,residential,False,15,388276886
82625123,12905883192,5.3,36.18279569892473,residential,False,33,320050383
82625123,6235090406,16.25,36.18279569892473,residential,False,24,320050383
82625123,82701719,28.73,36.18279569892473,residential,False,11,320050383
82625128,2046209213,81.56,36.18279569892473,residential,False,23,320050383
82625128,82625131,111.87,36.18279569892473,residential,False,21,320050383
82625128,301380786,21.37,36.18279569892473,residential,False,31,320050383
82625131,7100035804,24.02,36.18279569892473,residential,False,33,320050383
82625131,82625128,111.87,36.18279569892473,residential,False,17,320050383
82625131,7831375034,55.68,36.18279569892473,residential,False,24,320050383
82625134,309197075,9.47,36.18279569892473,residential,False,29,320050383
82625134,82626094,65.05,36.18279569892473,residential,True,19,320050383
82625134,82625786,129.93,36.18279569892473,residential,False,34,320050383
82625135,6351537815,27.61,53.482142857142854,secondary,False,33,90214098
82625135,82625786,30.5,53.482142857142854,secondary,False,35,90214098
82625222,256396716,148.93,50.0,residential,False,24,90214098
82625222,90134545,53.7,36.18279569892473,residential,False,17,90214098
82625222,90154837,57.44,60.0,primary,False,27,90214098
82625445,257708307,155.33,36.18279569892473,residential,False,17,90214098
82625445,82625883,142.58,60.0,primary,True,19,90214098
82625786,82625883,39.63,53.482142857142854,secondary,True,35,90214098
82625786,90204961,190.8,36.18279569892473,residential,False,35,90214098
82625786,82625135,30.5,53.482142857142854,secondary,False,25,90214098
82625883,82625786,39.63,53.482142857142854,secondary,False,16,90214098
82625883,10270258445,194.88,60.0,primary,False,21,90214098
82626094,10270258445,39.08,36.18279569892473,residential,False,31,320050383
82626094,82625134,65.05,36.18279569892473,residential,False,28,320050383
82626094,7831375034,82.72,36.18279569892473,residential,False,24,320050383
82626265,10270258445,93.7,36.18279569892473,residential,False,24,320981769
82626265,13149331757,127.38,54.67289719626168,primary,False,34,320981769
82626453,1800317445,194.01,36.18279569892473,residential,False,19,320050383
82626453,82626575,81.41,36.18279569892473,residential,False,34,320050383
82626453,82626454,19.92,36.18279569892473,residential,False,22,320050383
82626454,82701724,187.18,36.18279569892473,residential,False,26,320050383
82626454,82626453,19.92,36.18279569892473,residential,False,26,320050383
82626454,301380786,128.1,36.18279569892473,residential,False,23,320050383
82626575,82626669,46.68,36.18279569892473,residential,False,15,320050383
82626575,309197257,240.27,36.18279569892473,residential,False,16,320050383
82626575,82626453,81.41,36.18279569892473,residential,False,35,320050383
82626669,320062590,20.31,36.18279569892473,residential,False,29,320050383
82626669,82626575,46.68,36.18279569892473,residential,False,14,320050383
82626669,309197075,230.66,36.18279569892473,residential,False,18,320050383
82627851,90215325,29.81,30.0,residential,False,11,388276886
82627851,6883599526,267.72,36.18279569892473,residential,False,30,388276886
82627851,388277161,366.63,30.0,residential,False,25,388276886
82627851,6370576106,60.58,36.18279569892473,residential,False,21,388276886
82627854,301373930,50.11,36.18279569892473,residential,False,27,388276886
82627854,301373929,82.37,36.18279569892473,residential,False,13,388276886
82627854,388276886,34.31,36.18279569892473,residential,False,32,388276886
82627854,388276847,74.63,36.18279569892473,residential,False,26,388276886
82627858,82627861,165.76,36.18279569892473,residential,False,13,90214098
82627861,320048711,54.68,20.0,living_street,False,19,90214098
82627861,90211207,199.58,36.18279569892473,residential,False,12,90214098
82627861,82627858,165.76,36.18279569892473,residential,False,34,90214098
82630823,388217312,2148.86,45.0,unclassified,False,15,386876240
82630823,3941683632,1054.79,53.482142857142854,secondary,False,18,386876240
82637467,386889927,934.68,55.0,primary,False,24,90214098
82637467,82638319,225.15,60.0,primary_link,False,26,90214098
82638319,84550083,330.87,60.0,primary,False,14,90214098
82638319,33222670,80.01,60.0,primary,False,23,90214098
82640434,78452128,27.65,44.02390438247012,tertiary,False,12,320981769
82640434,82641149,15.71,36.18279569892473,residential,False,17,320981769
82641065,739119201,283.79,36.18279569892473,residential,False,24,320981769
82641065,82641887,119.01,44.02390438247012,tertiary,False,21,320981769
82641065,1382532387,63.41,44.02390438247012,tertiary,False,10,320981769
82641149,254311384,93.99,44.02390438247012,tertiary,False,23,320981769
82641149,254971816,25.74,36.18279569892473,residential,False,11,320981769
82641152,658735858,15.3,44.02390438247012,tertiary,False,22,320981769
82641152,254311384,109.98,44.02390438247012,tertiary,False,26,320981769
82641152,6166982466,166.5,44.02390438247012,tertiary,False,21,320981769
82641159,320981774,76.27,36.18279569892473,residential,False,17,320981769
82641159,471412801,81.17,44.02390438247012,tertiary,False,22,320981769
82641159,12901260692,54.4,44.02390438247012,tertiary,False,12,320981769
82641887,82641065,119.01,44.02390438247012,tertiary,False,21,320981769
82641887,89041799,44.19,36.18279569892473,residential,False,17,320981769
82641887,10265634293,27.02,44.02390438247012,tertiary,False,10,320981769
82641894,89038869,119.89,36.18279569892473,residential,False,20,320981769
82641894,302344347,67.09,44.02390438247012,tertiary,False,13,320981769
82641894,471413031,45.81,44.02390438247012,tertiary,False,32,320981769
82641908,254349588,64.81,44.02390438247012,tertiary,False,30,320981769
82641908,82653324,216.37,36.18279569892473,residential,False,20,320981769
82641909,254349412,34.62,44.02390438247012,tertiary,False,35,320981769
82643178,89038869,15.22,44.02390438247012,tertiary,False,14,320981769
82643178,6166982920,83.03,44.02390438247012,tertiary,False,14,320981769
82643178,12735642207,57.6,36.18279569892473,residential,False,11,320981769
82643724,89037033,123.33,44.02390438247012,tertiary,False,19,256619924
82643724,82643898,137.68,36.18279569892473,residential,False,25,256619924
82643724,302340001,115.27,44.02390438247012,tertiary,False,32,256619924
82643724,254313294,174.4,36.18279569892473,residential,False,14,256619924
82643736,6399358827,152.06,44.02390438247012,tertiary,False,34,256619924
82643736,82643738,36.7,44.02390438247012,tertiary,False,32,256619924
82643736,255000072,68.77,40.0,residential,False,25,256619924
82643736,82645214,21.24,36.18279569892473,residential,False,24,256619924
82643738,82643739,23.62,44.02390438247012,tertiary,False,29,256619924
82643738,82645213,10.57,51.36889705201475,tertiary_link,False,10,256619924
82643738,82643736,36.7,44.02390438247012,tertiary,False,12,256619924
82643739,82643738,23.62,44.02390438247012,tertiary,False,10,256619924
82643739,5349190045,3.62,44.02390438247012,tertiary,False,18,256619924
82643746,89023253,9.54,44.02390438247012,tertiary,False,16,256619924
82643746,89011030,34.66,44.02390438247012,tertiary,False,14,256619924
82643746,6173482948,97.08,44.02390438247012,tertiary,False,27,256619924
82643810,6399358827,114.36,44.02390438247012,tertiary,False,33,256619924
82643810,89037033,86.49,44.02390438247012,tertiary,False,29,256619924
82643810,6399358828,44.86,36.18279569892473,residential,False,26,256619924
82643891,6399358828,11.22,36.18279569892473,residential,False,23,256619924
82643891,82643898,163.21,36.18279569892473,residential,False,13,256619924
82643891,12901219127,65.46,36.18279569892473,residential,False,34,256619924
82643898,82643954,38.57,36.18279569892473,residential,False,19,256619924
82643898,82643891,163.21,36.18279569892473,residential,False,17,256619924
82643898,82643724,137.68,36.18279569892473,residential,False,19,256619924
82643954,82643898,38.57,36.18279569892473,residential,False,13,256619924
82643954,82643955,53.69,36.18279569892473,residential,False,11,256619924
82643954,8174730333,108.09,36.18279569892473,residential,False,17,256619924
82643955,82643954,53.69,36.18279569892473,residential,False,23,256619924
82643955,302338341,40.28,36.18279569892473,residential,False,30,256619924
82643955,12888837750,154.49,36.18279569892473,residential,False,35,256619924
82644698,82644699,35.27,40.0,residential,False,29,256619924
82644698,254313932,129.8,40.0,residential,False,24,256619924
82644698,302335424,150.44,36.18279569892473,residential,False,12,256619924
82644699,4680630090,113.37,40.0,residential,False,13,256619924
82644699,82644698,35.27,40.0,residential,False,25,256619924
82644699,3104020105,61.57,36.18279569892473,residential,False,29,256619924
82645213,82643739,23.46,36.18279569892473,residential,False,27,256619924
82645213,82643738,10.57,51.36889705201475,tertiary_link,False,10,256619924
82645214,82645213,32.88,36.18279569892473,residential,False,30,256619924
82645214,320978530,38.08,36.18279569892473,residential,False,26,256619924
82645957,320977904,216.1,36.18279569892473,residential,False,28,256619924
82645957,82645959,129.72,44.02390438247012,tertiary,False,17,256619924
82645957,256619907,103.87,44.02390438247012,tertiary,False,32,256619924
82645959,82645960,26.57,36.18279569892473,residential,False,14,256619924
82645959,82645957,129.72,44.02390438247012,tertiary,False,19,256619924
82645959,82646185,285.03,44.02390438247012,tertiary,False,23,256619924
82645960,82645959,26.57,36.18279569892473,residential,False,10,256619924
82645960,82658261,451.86,36.18279569892473,residential,False,29,256619924
82645960,82658896,104.07,36.18279569892473,residential,False,21,256619924
82646185,82645959,285.03,44.02390438247012,tertiary,False,17,256619924
82646185,254318577,27.6,44.02390438247012,tertiary,False,28,256619924
82646185,256619961,242.02,36.18279569892473,residential,False,23,256619924
82650400,89026299,74.05,44.02390438247012,tertiary,False,15,256619924
82650400,89056918,115.88,44.02390438247012,tertiary,False,31,256619924
82650686,6222698235,34.63,44.02390438247012,tertiary,False,31,82703794
82650686,89025571,113.27,36.18279569892473,residential,False,12,82703794
82650686,968604723,46.42,36.18279569892473,residential,False,26,82703794
82650691,82702975,95.44,30.0,tertiary,False,21,82703794
82650691,4576114929,59.24,30.0,tertiary,True,12,82703794
82650691,82703789,261.66,30.0,tertiary,False,26,82703794
82651436,89050657,93.68,44.02390438247012,tertiary,False,27,82703794
82651436,89051355,114.53,36.18279569892473,residential,False,26,82703794
82651439,89055407,80.49,44.02390438247012,tertiary,False,35,82703794
82651439,82703219,64.8,36.18279569892473,residential,False,26,82703794
82651440,82651439,125.86,44.02390438247012,tertiary,False,27,320981769
82651440,254348821,92.68,54.67289719626168,primary,False,10,320981769
82651515,89050898,5.52,44.02390438247012,tertiary,False,22,82703794
82651515,82641908,79.51,36.18279569892473,residential,False,25,82703794
82653324,82641908,216.37,36.18279569892473,residential,False,11,320981769
82653324,82653327,91.71,36.18279569892473,residential,False,30,320981769
82653324,471413278,125.11,36.18279569892473,residential,False,22,320981769
82653327,82641159,53.08,36.18279569892473,residential,False,21,320981769
82653327,82653324,91.71,36.18279569892473,residential,False,18,320981769
82653327,471412801,54.61,36.18279569892473,residential,False,33,320981769
82653886,82653887,35.82,36.18279569892473,residential,False,10,320981769
82653886,89042111,32.57,36.18279569892473,residential,False,21,320981769
82653886,320981771,79.28,36.18279569892473,residential,False,35,320981769
82653887,82653886,35.82,36.18279569892473,residential,False,12,320981769
82653887,4411145005,240.62,36.18279569892473,residential,False,21,320981769
82653887,686454183,81.82,36.18279569892473,residential,False,17,320981769
82655335,82655413,49.88,60.0,primary_link,False,33,256619924
82655335,1893961021,45.82,50.0,primary,False,31,256619924
82655335,6398581392,333.56,50.0,primary,False,30,256619924
82655413,1893961023,26.46,36.18279569892473,residential,False,13,256619924
82655420,302331462,325.6,50.0,residential,False,34,256619924
82655420,82655496,382.51,50.0,residential,False,28,256619924
82655420,8174717586,355.14,36.18279569892473,residential,False,33,256619924
82655496,6354570656,470.96,36.18279569892473,residential,True,34,256619924
82655496,82655420,382.51,50.0,residential,False,20,256619924
82655496,1893961023,68.44,50.0,residential,False,14,256619924
82656138,2070717320,130.71,44.02390438247012,tertiary,False,11,256619924
82656138,6354570656,229.79,44.02390438247012,tertiary,True,21,256619924
82656138,3104637122,112.16,36.18279569892473,residential,False,27,256619924
82656150,301833446,677.28,53.482142857142854,secondary,False,20,256619924
82656150,82656867,208.34,36.18279569892473,residential,False,30,256619924
82656150,90238323,38.31,44.02390438247012,tertiary,False,15,256619924
82656150,9191155714,340.36,50.0,secondary,False,34,256619924
82656162,89015547,154.52,36.18279569892473,residential,False,31,82703794
82656162,82656163,89.74,36.18279569892473,residential,False,24,82703794
82656163,90235320,69.51,36.18279569892473,residential,False,32,82703794
82656163,90233834,127.13,36.18279569892473,residential,False,25,82703794
82656405,90138712,154.82,36.18279569892473,residential,False,30,82703794
82656405,4707301860,25.65,36.18279569892473,residential,False,15,82703794
82656405,2564124091,51.64,54.67289719626168,primary,False,35,82703794
82656867,82657806,55.35,36.18279569892473,residential,False,14,256619924
82656867,82656150,208.34,36.18279569892473,residential,True,12,256619924
82657806,254319245,17.02,36.18279569892473,residential,False,32,256619924
82657806,6394898052,26.99,36.18279569892473,residential,False,34,256619924
82658261,3104046938,15.71,36.18279569892473,residential,False,24,256619924
82658261,82645960,451.86,36.18279569892473,residential,False,11,256619924
82658261,82658524,114.88,36.18279569892473,residential,False,19,256619924
82658524,302336201,101.42,36.18279569892473,residential,False,16,256619924
82658524,82658261,114.88,36.18279569892473,residential,False,11,256619924
82658524,302336373,208.41,36.18279569892473,residential,False,35,256619924
82658533,302335936,27.92,36.18279569892473,residential,False,16,256619924
82658896,2070621105,92.23,36.18279569892473,residential,False,11,256619924
82658896,82645960,104.07,36.18279569892473,residential,False,20,256619924
82658896,302336430,187.38,36.18279569892473,residential,False,19,256619924
82658898,2070621105,24.32,36.18279569892473,residential,False,26,256619924
82658898,302335708,16.86,36.18279569892473,residential,False,22,256619924
82658898,82658902,121.49,36.18279569892473,residential,False,27,256619924
82658902,82658898,121.49,36.18279569892473,residential,False,25,256619924
82658902,254999268,425.52,36.18279569892473,residential,False,18,256619924
82658902,2070716028,145.21,36.18279569892473,residential,False,11,256619924
82658912,2070715969,194.03,36.18279569892473,residential,False,34,256619924
82658912,302335706,23.84,36.18279569892473,residential,False,30,256619924
82658912,302336817,57.0,36.18279569892473,residential,False,16,256619924
82661422,2018092117,158.39,36.18279569892473,residential,False,19,82668285
82661422,6879731228,10.39,36.18279569892473,residential,False,21,82668285
82661422,6967286706,145.81,44.02390438247012,tertiary,False,34,82668285
82661422,82661659,303.68,44.02390438247012,tertiary,False,11,82668285
82661427,254290090,71.98,36.18279569892473,residential,False,30,82668285
82661427,82661659,64.12,36.18279569892473,residential,False,20,82668285
82661427,82661960,53.03,36.18279569892473,residential,False,18,82668285
82661658,82661932,84.57,36.18279569892473,residential,False,13,82668285
82661658,12912737244,99.96,44.02390438247012,tertiary,False,35,82668285
82661658,254280296,65.73,44.02390438247012,tertiary,False,21,82668285
82661659,254280296,74.41,44.02390438247012,tertiary,False,23,82668285
82661659,82661422,303.68,44.02390438247012,tertiary,False,22,82668285
82661659,82661427,64.12,36.18279569892473,residential,False,33,82668285
82661932,82661658,84.57,36.18279569892473,residential,False,24,82668285
82661932,82661933,80.89,36.18279569892473,residential,False,22,82668285
82661932,78452152,93.42,36.18279569892473,residential,True,20,82668285
82661933,82661960,115.35,36.18279569892473,residential,False,15,82668285
82661933,82661932,80.89,36.18279569892473,residential,False,25,82668285
82661960,82661427,53.03,36.18279569892473,residential,False,32,82668285
82661960,254964591,63.58,36.18279569892473,residential,False,25,82668285
82662075,82661933,79.92,36.18279569892473,residential,False,21,82668285
82662075,78452152,101.17,60.0,secondary,True,35,82668285
82662798,2018091851,112.33,45.0,unclassified,False,26,82668285
82662798,6967286690,333.69,60.0,secondary,False,18,82668285
82663207,3252021161,93.79,36.18279569892473,residential,False,35,82668285
82663207,6879731228,135.58,36.18279569892473,residential,False,12,82668285
82663207,254280798,174.66,36.18279569892473,residential,False,33,82668285
82663819,82668356,120.63,44.02390438247012,tertiary,False,23,82668285
82663819,2045965506,396.39,36.18279569892473,residential,False,12,82668285
82663819,6398581389,30.91,44.02390438247012,tertiary,False,23,82668285
82663822,82668356,50.49,44.02390438247012,tertiary,False,29,82668285
82663822,82668635,35.07,44.02390438247012,tertiary,False,15,82668285
82663822,1893963657,194.96,36.18279569892473,residential,False,27,82668285
82663842,12898832395,334.25,44.02390438247012,tertiary,False,19,12908641424
82663842,82663845,68.22,44.02390438247012,tertiary,False,20,12908641424
82663845,82663842,67.13,44.02390438247012,tertiary,False,13,12908641424
82664077,82663845,147.13,44.02390438247012,tertiary,False,12,256619924
82664077,256620279,211.17,50.0,primary,False,20,256619924
82664077,6956022978,217.34,50.0,primary,False,31,256619924
82664959,82664974,833.68,36.18279569892473,residential,False,19,82668285
82664959,301830194,233.26,36.18279569892473,residential,False,19,82668285
82664974,82666135,33.5,36.18279569892473,residential,False,24,82668285
82664985,82668635,104.26,44.02390438247012,tertiary,False,29,82668285
82664985,1952910740,254.19,44.02390438247012,tertiary,False,32,82668285
82664985,301830194,82.09,36.18279569892473,residential,False,23,82668285
82665577,79467561,505.55,50.0,primary,False,15,256619924
82665577,6868197085,62.06,50.0,primary,False,32,256619924
82666135,82666562,79.16,36.18279569892473,residential,False,24,82668285
82666135,1404335836,179.84,36.18279569892473,residential,False,21,82668285
82666141,6872277042,378.7,36.18279569892473,residential,False,24,82668285
82666141,82666146,100.89,36.18279569892473,residential,False,11,82668285
82666141,82666562,127.18,36.18279569892473,residential,False,33,82668285
82666146,82666147,53.12,36.18279569892473,residential,False,21,82668285
82666146,12911996242,213.73,36.18279569892473,residential,False,29,82668285
82666146,82666141,100.89,36.18279569892473,residential,False,23,82668285
82666147,82666146,53.12,36.18279569892473,residential,False,18,82668285
82666147,12776852614,378.28,36.18279569892473,residential,False,30,82668285
82666147,5750123426,225.87,40.0,residential,False,35,82668285
82666562,1313637325,59.48,36.18279569892473,residential,False,11,82668285
82666562,82666626,425.5,36.18279569892473,residential,False,12,82668285
82666562,82666141,127.18,36.18279569892473,residential,False,31,82668285
82666578,82667702,10.43,36.18279569892473,residential,False,30,82668285
82666578,314641632,26.65,36.18279569892473,residential,False,22,82668285
82666578,12911994920,141.93,36.18279569892473,residential,False,21,82668285
82666626,6391427776,28.42,36.18279569892473,residential,False,26,82668285
82666626,82666562,425.5,36.18279569892473,residential,False,35,82668285
82666626,6391427772,12.35,36.18279569892473,residential,False,33,82668285
82666852,6879731242,268.91,53.482142857142854,secondary,False,31,82668285
82666852,301833478,80.68,36.18279569892473,residential,False,15,82668285
82666852,12904001292,81.17,53.482142857142854,secondary,False,10,82668285
82667259,1333834360,450.85,36.18279569892473,residential,False,14,12908641424
82667259,147999957,79.83,40.0,tertiary,False,29,12908641424
82667259,8174226787,85.14,40.0,tertiary,False,31,12908641424
82667264,82667269,232.11,40.0,tertiary,False,35,12908641424
82667264,148002552,163.71,36.18279569892473,residential,False,24,12908641424
82667264,147999957,116.08,40.0,tertiary,False,11,12908641424
82667269,1333834427,49.71,36.18279569892473,residential,False,14,12908641424
82667269,12904001246,408.67,40.0,tertiary,False,12,12908641424
82667269,82667264,232.11,40.0,tertiary,False,17,12908641424
82667702,314641602,172.55,36.18279569892473,residential,False,34,82668285
82667702,82666578,10.43,36.18279569892473,residential,False,30,82668285
82667702,82667890,158.02,36.18279569892473,residential,False,21,82668285
82667890,6872277042,89.55,36.18279569892473,residential,False,21,82668285
82667890,82667702,158.02,36.18279569892473,residential,False,22,82668285
82667890,12911994920,43.74,36.18279569892473,residential,False,28,82668285
82668282,12776854196,8.56,36.18279569892473,residential,False,11,82668285
82668282,12776852614,145.89,36.18279569892473,residential,False,29,82668285
82668282,2045965287,41.59,36.18279569892473,residential,False,14,82668285
82668283,12776854196,58.79,36.18279569892473,residential,False,31,82668285
82668283,12776854196,448.39,36.18279569892473,residential,False,24,82668285
82668283,82668285,84.56,36.18279569892473,residential,False,21,82668285
82668285,86041911,164.25,36.18279569892473,residential,False,21,82668285
82668285,82668283,84.56,36.18279569892473,residential,False,24,82668285
82668285,583505637,122.87,36.18279569892473,residential,False,34,82668285
82668356,82663819,120.63,44.02390438247012,tertiary,False,12,82668285
82668356,82663822,50.49,44.02390438247012,tertiary,False,28,82668285
82668356,82668531,296.98,60.0,residential,False,14,82668285
82668531,90233169,78.34,60.0,residential,False,26,82668285
82668531,12536190858,92.42,50.0,residential,False,21,82668285
82668635,82663822,35.07,44.02390438247012,tertiary,False,22,82668285
82668635,82664985,104.26,44.02390438247012,tertiary,False,20,82668285
82669271,82624688,130.41,36.18279569892473,residential,False,30,388276886
82669271,1579603065,33.09,36.18279569892473,residential,False,18,388276886
82669271,82669274,175.03,53.482142857142854,secondary,False,17,388276886
82669274,1579603065,171.93,53.482142857142854,secondary,False,13,90214098
82669274,90218748,301.22,40.0,secondary,False,10,90214098
82673355,1800349832,10.88,45.0,unclassified,False,33,105814816
82673355,84198521,392.06,45.0,unclassified,False,15,105814816
82673355,1800349883,120.17,50.0,unclassified,False,25,105814816
82673357,1231487712,10.65,60.0,primary,False,26,93731379
82673357,83549433,195.55,50.0,primary,True,22,93731379
82673371,1800349567,10.74,36.18279569892473,residential,False,27,93731379
82673371,84587914,65.86,36.18279569892473,residential,False,13,93731379
82674009,1194129769,155.72,36.18279569892473,residential,False,18,93731379
82674009,1066871516,88.26,36.18279569892473,residential,False,34,93731379
82674298,6987954272,8.25,60.0,secondary,True,18,11253757267
82674298,2502508964,19.71,36.18279569892473,residential,False,32,11253757267
82674298,93731379,152.53,60.0,residential,False,24,11253757267
82674417,82674298,83.85,44.02390438247012,tertiary,True,16,93731379
82674417,257398702,429.33,60.0,secondary,False,29,93731379
82674858,773003993,17.19,53.482142857142854,secondary,False,19,93731379
82674858,4675323061,84.66,53.482142857142854,secondary,False,32,93731379
82686004,93924527,26.86,36.18279569892473,residential,False,25,82686004
82686004,12900960123,48.91,53.482142857142854,secondary,False,16,82686004
82686004,4196994592,64.85,53.482142857142854,secondary,False,13,82686004
82699412,1906136261,20.65,51.36889705201475,secondary_link,False,14,90214098
82699412,82699643,254.34,53.482142857142854,secondary,False,12,90214098
82699643,301371345,55.39,53.482142857142854,secondary,False,24,90214098
82699643,90220636,452.13,30.0,residential,False,15,90214098
82699688,13252200507,61.31,36.18279569892473,residential,False,32,90214098
82699688,1906136261,297.4,53.482142857142854,secondary,False,24,90214098
82699711,301371531,92.67,53.482142857142854,secondary,False,12,90214098
82699711,82699688,70.11,36.18279569892473,residential,False,35,90214098
82700960,6351537818,46.1,53.482142857142854,secondary,False,31,90214098
82700962,90211209,59.43,53.482142857142854,secondary,False,20,90214098
82700962,82700960,36.9,51.36889705201475,secondary_link,False,31,90214098
82700962,2008254016,18.96,53.482142857142854,secondary,False,21,90214098
82700965,82701965,107.33,53.482142857142854,secondary,False,32,90214098
82700965,9158079495,41.82,36.18279569892473,residential,False,12,90214098
82700965,320049762,20.13,53.482142857142854,secondary,False,27,90214098
82701719,6904082952,143.44,36.18279569892473,residential,False,27,320050383
82701719,82625123,28.73,36.18279569892473,residential,False,19,320050383
82701719,2046209213,134.69,36.18279569892473,residential,False,19,320050383
82701724,82626454,187.18,36.18279569892473,residential,False,15,320050383
82701724,346286013,78.2,36.18279569892473,residential,False,32,320050383
82701724,6235090406,116.78,36.18279569892473,residential,False,32,320050383
82701733,320050383,119.88,36.18279569892473,residential,False,32,320050383
82701733,82701846,100.42,36.18279569892473,residential,False,30,320050383
82701733,346286013,194.11,36.18279569892473,residential,False,15,320050383
82701846,346286013,108.71,36.18279569892473,residential,False,35,320050383
82701846,82701733,100.42,36.18279569892473,residential,False,21,320050383
82701846,82701956,67.48,36.18279569892473,residential,False,26,320050383
82701956,5458805035,27.68,36.18279569892473,residential,False,17,320050383
82701956,82701958,32.41,36.18279569892473,residential,False,13,320050383
82701956,82701846,67.48,36.18279569892473,residential,False,16,320050383
82701958,12046344103,16.97,36.18279569892473,residential,False,35,320050383
82701958,5458805035,47.86,36.18279569892473,residential,False,14,320050383
82701958,82701956,32.41,36.18279569892473,residential,False,17,320050383
82701965,1800317450,34.31,36.18279569892473,residential,False,35,90214098
82701965,82700965,107.33,53.482142857142854,secondary,False,25,90214098
82701965,6222395651,59.83,53.482142857142854,secondary,False,10,90214098
82702451,254971816,12.24,36.18279569892473,residential,False,21,320981769
82702454,6166982442,7.19,44.02390438247012,tertiary,False,27,320981769
82702454,10769086323,25.47,44.02390438247012,tertiary,False,28,320981769
82702454,254972783,163.67,20.0,residential,False,21,320981769
82702455,89043637,31.62,44.02390438247012,tertiary,False,24,320981769
82702455,89043556,8.38,44.02390438247012,tertiary,False,35,320981769
82702455,82706246,330.92,40.0,residential,False,27,320981769
82702460,89044429,183.93,36.18279569892473,residential,False,14,320981769
82702460,7864807051,47.45,44.02390438247012,tertiary,False,29,320981769
82702460,6396486671,80.72,44.02390438247012,tertiary,False,12,320981769
82702463,6354554771,67.02,36.18279569892473,residential,False,12,320981769
82702463,254985081,146.53,44.02390438247012,tertiary,False,19,320981769
82702463,89045081,33.06,36.18279569892473,residential,False,22,320981769
82702463,254990421,64.33,44.02390438247012,tertiary,False,32,320981769
82702475,254985650,16.59,44.02390438247012,tertiary,False,33,320981769
82702475,89047360,108.73,36.18279569892473,residential,False,25,320981769
82702475,254986217,57.53,44.02390438247012,tertiary,False,26,320981769
82702975,82650691,95.44,30.0,tertiary,False,23,82703794
82702975,82702977,67.45,36.18279569892473,residential,False,34,82703794
82702977,254348299,114.08,36.18279569892473,residential,False,23,82703794
82702977,82651439,147.62,36.18279569892473,residential,False,28,82703794
82703219,89049605,22.99,36.18279569892473,residential,False,12,82703794
82703219,89049304,181.03,36.18279569892473,residential,False,14,82703794
82703379,82702975,18.84,44.02390438247012,tertiary,False,20,82703794
82703568,256374890,13.41,44.02390438247012,tertiary,False,30,82703794
82703568,82704187,68.72,44.02390438247012,tertiary,False,12,82703794
82703789,89025177,30.62,44.02390438247012,tertiary,False,24,82703794
82703789,6190618054,189.26,30.0,residential,True,24,82703794
82703794,6190618054,8.02,30.0,residential,True,31,82703794
82703794,13469019597,8.4,36.18279569892473,residential,False,26,82703794
82703794,89020078,18.39,36.18279569892473,residential,False,21,82703794
82703794,82704054,16.75,36.18279569892473,residential,False,14,82703794
82704054,12898790147,191.48,36.18279569892473,residential,False,34,82703794
82704054,1277557036,76.54,30.0,residential,False,27,82703794
82704187,82650686,65.57,44.02390438247012,tertiary,False,30,82703794
82705003,13250605045,71.55,36.18279569892473,residential,False,28,82903274
82705003,82588276,139.69,36.18279569892473,residential,False,15,82903274
82705069,82624011,50.16,36.18279569892473,residential,False,34,82903274
82705069,82705003,58.9,36.18279569892473,residential,False,14,82903274
82705514,82705515,103.88,36.18279569892473,residential,False,23,82903274
82705514,12912737241,237.65,60.0,secondary,False,26,82903274
82705515,1800317435,155.31,36.18279569892473,residential,False,11,82903274
82705515,90312674,125.09,36.18279569892473,residential,False,13,82903274
82706074,82624681,89.04,60.0,primary,False,26,82703794
82706246,89047360,137.46,36.18279569892473,residential,False,14,320981769
82706246,1470608510,40.15,36.18279569892473,residential,False,19,320981769
82706246,82702455,330.92,40.0,residential,False,15,320981769
82896542,1397581802,226.66,36.18279569892473,residential,False,15,11253757267
82896542,12918837603,266.2,53.482142857142854,secondary,False,20,11253757267
82896542,78452163,90.58,53.482142857142854,secondary,False,32,11253757267
82898903,256385659,57.2,36.18279569892473,residential,False,17,11253757267
82898903,256385475,65.28,36.18279569892473,residential,False,21,11253757267
82898903,256385439,129.04,36.18279569892473,residential,False,26,11253757267
82898904,6363346392,8.11,36.18279569892473,residential,False,19,11253757267
82898904,256385076,70.07,36.18279569892473,residential,False,12,11253757267
82898904,83738933,108.7,44.02390438247012,tertiary,False,18,11253757267
82900294,1945100189,146.07,36.18279569892473,residential,False,16,93731379
82900294,256385933,81.29,36.18279569892473,residential,False,30,93731379
82900294,1300613239,123.51,36.18279569892473,residential,False,27,93731379
82900294,256385941,62.53,36.18279569892473,residential,False,18,93731379
82900653,6396808158,5.79,36.18279569892473,residential,False,14,11253757267
82900653,83738933,522.84,36.18279569892473,residential,False,30,11253757267
82900653,82621920,138.68,36.18279569892473,residential,False,19,11253757267
82901413,1799326974,74.27,36.18279569892473,residential,False,29,82903274
82901413,82621142,175.84,53.482142857142854,secondary,True,27,82903274
82901413,82623569,167.61,53.482142857142854,secondary,False,12,82903274
82903085,2090108688,112.76,53.482142857142854,secondary,False,26,82903274
82903085,260544026,103.66,36.18279569892473,residential,False,30,82903274
82903085,260544003,30.06,53.482142857142854,secondary,False,15,82903274
82903274,2090108688,11.15,53.482142857142854,secondary,False,28,82903274
82903274,82621142,88.38,53.482142857142854,secondary,True,28,82903274
82903274,9566912286,108.15,36.18279569892473,residential,False,14,82903274
82903741,256757878,34.23,36.18279569892473,residential,False,15,82903274
82903741,256758029,81.5,36.18279569892473,residential,False,31,82903274
82905447,1902634308,83.07,36.18279569892473,residential,False,29,256619924
82905447,5300892942,200.12,44.02390438247012,tertiary,False,33,256619924
82905447,6397075565,278.5,36.18279569892473,residential,False,29,256619924
82908411,302340001,5.99,44.02390438247012,tertiary,False,20,256619924
82908411,254316770,62.89,44.02390438247012,tertiary,False,28,256619924
82908411,254313302,167.24,44.02390438247012,tertiary,False,11,256619924
82908420,89041507,213.71,44.02390438247012,tertiary,False,10,320981769
82908420,254316770,183.31,44.02390438247012,tertiary,False,12,320981769
82908420,12901446083,57.56,36.18279569892473,residential,False,11,320981769
82908423,82908424,24.41,44.02390438247012,tertiary,False,30,320981769
82908423,89041507,23.56,44.02390438247012,tertiary,False,34,320981769
82908423,6913838058,135.79,36.18279569892473,residential,False,28,320981769
82908424,6397130917,204.89,44.02390438247012,tertiary,False,18,320981769
82908424,82908423,24.41,44.02390438247012,tertiary,False,30,320981769
82908424,93770129,405.4,36.18279569892473,residential,False,16,320981769
82908445,82908447,78.54,44.02390438247012,tertiary,False,34,320981769
82908445,2951562225,65.34,44.02390438247012,tertiary,False,28,320981769
82908445,9566725640,59.29,36.18279569892473,residential,False,23,320981769
82908447,6397131029,80.7,44.02390438247012,tertiary,False,29,320981769
82908447,82908445,78.54,44.02390438247012,tertiary,False,30,320981769
82908447,6398677534,51.74,20.0,living_street,False,10,320981769
82908462,1488513890,115.19,44.02390438247012,tertiary,False,25,320981769
82908462,89046199,250.87,44.02390438247012,tertiary,False,30,320981769
82908462,310542354,952.58,36.18279569892473,residential,False,27,320981769
82908462,12903928962,47.1,36.18279569892473,residential,False,19,320981769
82911031,6904119167,15.8,36.18279569892473,residential,False,30,320981769
82911031,82911039,226.98,44.02390438247012,tertiary,False,19,320981769
82911031,89046199,204.84,44.02390438247012,tertiary,False,25,320981769
82911039,82911031,226.98,44.02390438247012,tertiary,False,17,320981769
82911039,82911041,67.05,44.02390438247012,tertiary,False,35,320981769
82911039,254984539,249.65,36.18279569892473,residential,False,35,320981769
82911041,254994849,45.7,44.02390438247012,tertiary,False,31,320981769
82911041,82911039,67.05,44.02390438247012,tertiary,False,22,320981769
82911041,93775532,92.96,36.18279569892473,residential,False,19,320981769
82911049,82911064,439.78,44.02390438247012,tertiary,False,24,320981769
82911049,254994555,197.31,36.18279569892473,residential,False,12,320981769
82911049,254994849,372.98,44.02390438247012,tertiary,False,32,320981769
82911064,82911049,439.78,44.02390438247012,tertiary,False,11,320981769
82911064,1474121858,106.64,36.18279569892473,residential,False,15,320981769
82911064,82911076,393.17,44.02390438247012,tertiary,False,24,320981769
82911076,310545847,456.78,36.18279569892473,residential,False,23,320981769
82911076,254994395,97.64,44.02390438247012,tertiary,False,25,320981769
82911076,82911064,393.17,44.02390438247012,tertiary,False,24,320981769
82911080,12888090879,184.65,36.18279569892473,residential,False,16,320981769
82911080,82911083,24.79,44.02390438247012,tertiary,False,20,320981769
82911080,254994395,135.28,44.02390438247012,tertiary,False,29,320981769
82911083,254979328,147.09,44.02390438247012,tertiary,False,14,320981769
82911083,254994551,292.69,36.18279569892473,residential,False,20,320981769
82911083,82911080,24.79,44.02390438247012,tertiary,False,32,320981769
82911083,256899507,39.7,36.18279569892473,residential,False,20,320981769
83549422,320324939,13.59,50.0,tertiary,False,33,93731379
83549422,301431015,179.27,36.18279569892473,residential,False,21,93731379
83549422,6193176325,130.05,50.0,tertiary,False,22,93731379
83549424,301431128,90.76,36.18279569892473,residential,False,14,93731379
83549424,12899765806,92.93,50.0,tertiary,False,34,93731379
83549424,6193176325,110.87,50.0,tertiary,False,21,93731379
83549426,301431690,91.46,36.18279569892473,residential,False,26,93731379
83549426,83549427,156.32,50.0,tertiary,False,27,93731379
83549426,12899765806,58.87,50.0,tertiary,False,13,93731379
83549427,6371022463,43.42,50.0,tertiary,False,20,93731379
83549427,83549426,156.32,50.0,tertiary,False,17,93731379
83549427,6193176329,233.52,36.18279569892473,residential,False,24,93731379
83549433,6365442396,10.33,50.0,tertiary,True,13,93731379
83549433,83710071,228.16,50.0,primary,True,18,93731379
83549433,301398097,191.95,50.0,tertiary,False,24,93731379
83709642,83732975,7.99,50.0,tertiary,False,17,93731379
83709642,301398969,86.8,50.0,tertiary,False,14,93731379
83710070,6401611759,223.97,36.18279569892473,residential,False,13,93731379
83710070,1231487707,62.21,36.18279569892473,residential,True,11,93731379
83710070,7956357258,54.46,36.18279569892473,residential,False,19,93731379
83710071,1231487707,11.69,36.18279569892473,residential,True,22,93731379
83710071,83710074,223.81,50.0,residential,True,29,93731379
83710071,83717378,302.14,50.0,primary,True,23,93731379
83710074,83710075,100.34,50.0,residential,False,17,93731379
83710074,83710071,223.81,50.0,residential,True,15,93731379
83710074,1248290381,145.1,36.18279569892473,residential,False,20,93731379
83710074,83710800,129.22,36.18279569892473,residential,False,28,93731379
83710075,83711313,62.16,36.18279569892473,residential,True,33,93731379
83710075,83710074,100.34,50.0,residential,True,20,93731379
83710075,83711809,135.06,20.0,residential,False,16,93731379
83710800,301398097,55.71,50.0,tertiary,False,34,93731379
83710800,83710074,129.22,36.18279569892473,residential,True,15,93731379
83710800,83711313,142.83,50.0,tertiary,True,25,93731379
83711313,83710075,62.16,36.18279569892473,residential,False,26,93731379
83711313,83710800,142.83,50.0,tertiary,False,24,93731379
83711313,301399229,122.63,50.0,tertiary,False,25,93731379
83711809,1248290377,13.45,30.0,residential,False,19,93731379
83711809,13375497922,133.69,36.18279569892473,residential,False,25,93731379
83711812,1946239102,50.34,30.0,residential,False,10,93731379
83711812,301430352,28.33,30.0,residential,False,12,93731379
83711812,6370991609,86.25,36.18279569892473,residential,False,22,93731379
83712882,301394794,106.94,36.18279569892473,residential,False,26,93731379
83712882,146257510,81.11,40.0,tertiary,False,24,93731379
83712882,83717566,66.46,40.0,tertiary,True,17,93731379
83713911,6401611778,108.6,36.18279569892473,residential,False,16,93731379
83713911,6213339698,59.65,36.18279569892473,residential,False,28,93731379
83713911,83714213,63.35,36.18279569892473,residential,True,21,93731379
83714213,11205626335,432.22,40.0,secondary,False,11,93731379
83714213,83713911,63.35,36.18279569892473,residential,False,11,93731379
83714213,83717566,246.36,40.0,secondary,True,19,93731379
83714213,83714214,61.2,36.18279569892473,residential,False,25,93731379
83714214,83715357,588.41,36.18279569892473,residential,False,29,93731379
83714214,5673055128,47.02,36.18279569892473,residential,False,30,93731379
83714214,83714213,61.2,36.18279569892473,residential,True,31,93731379
83715356,5673055128,566.27,36.18279569892473,residential,False,25,93731379
83715356,83718241,62.05,36.18279569892473,residential,False,19,93731379
83715356,83715357,33.4,36.18279569892473,residential,False,27,93731379
83715357,83715356,33.4,36.18279569892473,residential,False,10,93731379
83717378,1231480285,10.24,40.0,primary,True,13,93731379
83717378,146257203,119.95,50.0,secondary,True,23,93731379
83717566,83714213,246.36,40.0,secondary,True,14,93731379
83717566,301394794,67.75,40.0,primary,False,18,93731379
83717566,1231480285,514.07,40.0,primary,True,33,93731379
83717566,83712882,66.46,40.0,tertiary,False,21,93731379
83717567,83717570,189.32,40.0,primary,False,34,11346035713
83717567,12908576998,21.49,40.0,primary,False,22,11346035713
83717567,6366102204,5.38,36.18279569892473,residential,False,21,11346035713
83717570,83717571,115.8,40.0,primary,False,11,11346035713
83717570,83717567,189.32,40.0,primary,True,22,11346035713
83717570,83718241,144.38,36.18279569892473,residential,False,11,11346035713
83717571,60969925,107.64,40.0,primary,False,28,11346035713
83717571,83717570,115.8,40.0,primary,False,27,11346035713
83717571,83723171,147.58,36.18279569892473,residential,False,16,11346035713
83718078,12908880179,253.15,36.18279569892473,residential,False,21,93731379
83718078,83723172,316.61,44.02390438247012,tertiary,False,27,93731379
83718078,78424736,214.36,44.02390438247012,tertiary,True,19,93731379
83718241,12908880179,46.71,36.18279569892473,residential,False,12,93731379
83718241,83717570,144.38,36.18279569892473,residential,False,22,93731379
83718241,83715356,62.05,36.18279569892473,residential,False,26,93731379
83719505,1367350375,97.31,60.0,secondary,True,24,82903274
83719505,2643655448,156.81,44.02390438247012,tertiary,False,34,82903274
83719505,60969245,145.72,60.0,secondary,False,27,82903274
83719739,2643655448,125.86,44.02390438247012,tertiary,False,18,93731379
83719739,257398155,91.19,44.02390438247012,tertiary,False,29,93731379
83719739,257398412,222.41,36.18279569892473,residential,False,31,93731379
83719739,256391639,45.15,36.18279569892473,residential,False,29,93731379
83720533,256388596,231.19,36.18279569892473,residential,False,13,93731379
83720533,83720534,126.43,36.18279569892473,residential,False,14,93731379
83720533,253005136,294.15,36.18279569892473,residential,False,13,93731379
83720534,773003993,212.51,36.18279569892473,residential,False,22,93731379
83720534,1194129769,123.09,36.18279569892473,residential,False,21,93731379
83720534,83720533,126.43,36.18279569892473,residential,False,35,93731379
83720534,6363700404,266.38,36.18279569892473,residential,False,20,93731379
83720668,256385506,96.09,36.18279569892473,residential,False,27,11253757267
83720668,82621920,36.97,36.18279569892473,residential,False,21,11253757267
83720668,256384975,125.13,36.18279569892473,residential,False,34,11253757267
83723171,83723172,106.59,36.18279569892473,residential,False,14,93731379
83723171,12908880179,128.14,36.18279569892473,residential,False,16,93731379
83723171,83717571,147.58,36.18279569892473,residential,False,29,93731379
83723172,60969925,113.01,44.02390438247012,tertiary,False,26,93731379
83723172,83718078,316.61,44.02390438247012,tertiary,False,22,93731379
83723172,83723171,106.59,36.18279569892473,residential,False,26,93731379
83723692,83728496,46.16,36.18279569892473,residential,False,11,11346035713
83723692,9568889769,26.66,36.18279569892473,residential,False,11,11346035713
83723692,6376359585,237.86,36.18279569892473,residential,False,11,11346035713
83723692,1800317394,83.69,36.18279569892473,residential,False,14,11346035713
83723935,83729262,15.13,36.18279569892473,residential,False,32,11346035713
83723935,6879934743,167.26,36.18279569892473,residential,False,20,11346035713
83723935,6879934731,83.04,36.18279569892473,residential,False,35,11346035713
83723935,6879934716,112.22,36.18279569892473,residential,False,25,11346035713
83724443,12908668258,45.3,53.482142857142854,secondary,False,26,11346035713
83724443,6879829992,74.5,53.482142857142854,secondary,False,24,11346035713
83724443,256393884,91.77,36.18279569892473,residential,False,14,11346035713
83728496,12911719239,106.52,36.18279569892473,residential,False,29,11346035713
83728496,83723692,46.16,36.18279569892473,residential,False,26,11346035713
83728496,6879987098,131.49,36.18279569892473,residential,False,14,11346035713
83729262,83729540,38.94,36.18279569892473,residential,False,20,11346035713
83729262,12179788818,149.77,36.18279569892473,residential,False,29,11346035713
83729262,83723935,15.13,36.18279569892473,residential,False,20,11346035713
83729540,83729262,38.94,36.18279569892473,residential,False,15,11346035713
83729540,83729727,34.84,36.18279569892473,residential,False,22,11346035713
83729540,301397265,93.58,36.18279569892473,residential,False,29,11346035713
83729540,301397022,62.94,36.18279569892473,residential,False,33,11346035713
83729543,6376453480,19.29,36.18279569892473,residential,False,19,11346035713
83729543,146265003,306.0,36.18279569892473,residential,False,28,11346035713
83729543,83729727,120.67,36.18279569892473,residential,False,20,11346035713
83729545,83729546,51.29,36.18279569892473,residential,False,26,11346035713
83729545,6376453480,40.61,36.18279569892473,residential,False,26,11346035713
83729545,146265005,288.56,36.18279569892473,residential,False,27,11346035713
83729546,83729547,158.97,36.18279569892473,residential,False,25,11346035713
83729546,6376453479,56.61,36.18279569892473,residential,False,32,11346035713
83729546,83729545,51.29,36.18279569892473,residential,False,28,11346035713
83729547,83729546,158.97,36.18279569892473,residential,False,19,11346035713
83729727,83729540,34.84,36.18279569892473,residential,False,25,11346035713
83729727,83730212,103.01,36.18279569892473,residential,False,10,11346035713
83729727,83729543,120.67,36.18279569892473,residential,False,21,11346035713
83730212,6879378046,201.53,36.18279569892473,residential,False,20,11346035713
83730212,83729727,103.01,36.18279569892473,residential,False,31,11346035713
83730212,11346032779,54.99,36.18279569892473,residential,False,13,11346035713
83730856,6879657443,69.2,36.18279569892473,residential,False,23,11346035713
83730856,6193067025,51.45,36.18279569892473,residential,False,28,11346035713
83730856,12906125405,88.69,36.18279569892473,residential,False,19,11346035713
83730865,6974384381,109.11,36.18279569892473,residential,False,35,11346035713
83730865,146264992,141.58,36.18279569892473,residential,False,33,11346035713
83730865,146264982,135.7,36.18279569892473,residential,False,32,11346035713
83731203,83731207,49.39,36.18279569892473,residential,False,30,11346035713
83731207,12743663759,5.95,36.18279569892473,residential,False,10,11346035713
83731207,256394696,47.04,36.18279569892473,residential,False,29,11346035713
83731207,83731203,49.39,36.18279569892473,residential,False,25,11346035713
83731216,83731217,25.66,36.18279569892473,residential,False,18,11346035713
83731216,2305966312,93.34,36.18279569892473,residential,False,30,11346035713
83731216,11258115239,50.57,36.18279569892473,residential,False,35,11346035713
83731217,12909576497,14.89,36.18279569892473,residential,False,34,11346035713
83731217,83731216,25.66,36.18279569892473,residential,False,28,11346035713
83731217,6865147015,61.03,36.18279569892473,residential,False,28,11346035713
83732975,83733087,98.69,36.18279569892473,residential,False,17,93731379
83732975,83709642,7.99,50.0,tertiary,False,33,93731379
83732975,6371022463,24.63,50.0,tertiary,False,11,93731379
83733087,83732975,98.69,36.18279569892473,residential,False,28,93731379
83733087,13375497921,22.5,36.18279569892473,residential,False,25,93731379
83733087,301430076,173.78,36.18279569892473,residential,False,15,93731379
83733359,6193176329,42.34,36.18279569892473,residential,False,26,93731379
83733359,83733503,239.77,36.18279569892473,residential,False,30,93731379
83733359,6861834250,129.92,36.18279569892473,residential,False,33,93731379
83733503,11175918209,23.63,30.0,residential,False,29,93731379
83733503,83733359,239.77,36.18279569892473,residential,False,34,93731379
83733503,1248290377,72.85,30.0,residential,False,22,93731379
83733857,83734666,30.27,36.18279569892473,residential,False,14,93731379
83733857,6861834250,176.4,36.18279569892473,residential,False,31,93731379
83733857,83734669,103.5,36.18279569892473,residential,False,17,93731379
83734122,83734665,28.71,36.18279569892473,residential,False,11,93731379
83734122,6193176327,41.2,36.18279569892473,residential,False,28,93731379
83734122,6193176331,158.62,36.18279569892473,residential,False,32,93731379
83734665,83734122,28.71,36.18279569892473,residential,False,13,93731379
83734665,301431015,261.87,36.18279569892473,residential,False,16,93731379
83734665,301431128,104.28,36.18279569892473,residential,False,10,93731379
83734666,11346000175,22.45,36.18279569892473,residential,False,24,93731379
83734666,83733857,30.27,36.18279569892473,residential,False,20,93731379
83734666,6861769797,155.84,36.18279569892473,residential,False,23,93731379
83734669,10038977946,17.83,36.18279569892473,residential,False,14,93731379
83734669,83733857,103.5,36.18279569892473,residential,False,23,93731379
83734669,10038977980,265.47,36.18279569892473,residential,False,32,93731379
83737009,83737521,738.83,45.0,unclassified,False,16,105814816
83737009,6366272720,50.01,50.0,unclassified,False,23,105814816
83737009,1800349832,449.78,50.0,unclassified,False,26,105814816
83737521,83737009,738.83,45.0,unclassified,False,34,105814816
83738235,567892374,21.1,36.18279569892473,residential,False,29,93731379
83738235,83738406,103.28,36.18279569892473,residential,False,25,93731379
83738235,4675323062,108.73,53.482142857142854,secondary,False,33,93731379
83738406,1066871499,34.92,36.18279569892473,residential,False,33,93731379
83738406,83738235,103.28,36.18279569892473,residential,False,11,93731379
83738406,83738530,32.48,36.18279569892473,residential,False,32,93731379
83738415,1194129769,79.02,36.18279569892473,residential,False,14,93731379
83738415,3749196783,95.55,36.18279569892473,residential,False,26,93731379
83738415,83738530,65.98,36.18279569892473,residential,False,16,93731379
83738530,83738749,164.26,36.18279569892473,residential,False,27,93731379
83738530,83738415,65.98,36.18279569892473,residential,False,20,93731379
83738530,83738406,32.48,36.18279569892473,residential,False,31,93731379
83738749,1066871516,14.29,36.18279569892473,residential,False,25,93731379
83738749,83738530,164.26,36.18279569892473,residential,False,26,93731379
83738749,1066871499,124.1,36.18279569892473,residential,False,22,93731379
83738765,253005191,45.39,36.18279569892473,residential,False,20,11253757267
83738765,82674298,199.11,60.0,secondary,True,15,11253757267
83738768,1300613248,95.27,36.18279569892473,residential,False,24,93731379
83738768,1800317421,59.01,36.18279569892473,residential,False,27,93731379
83738768,1300613242,25.8,36.18279569892473,residential,False,20,93731379
83738933,6363346390,8.28,36.18279569892473,residential,False,27,11253757267
83738933,82900653,522.84,36.18279569892473,residential,False,21,11253757267
83738933,6975294294,137.21,44.02390438247012,tertiary,False,31,11253757267
83739415,82901413,154.04,36.18279569892473,residential,True,34,82903274
83739415,4039251388,159.2,36.18279569892473,residential,True,33,82903274
83739448,1506250013,55.3,44.02390438247012,tertiary,True,31,82903274
83739448,83739552,129.96,36.18279569892473,residential,False,30,82903274
83739448,82622564,192.9,44.02390438247012,tertiary,False,35,82903274
83739552,83740338,562.36,36.18279569892473,residential,False,32,82903274
83739552,83739448,129.96,36.18279569892473,residential,True,18,82903274
83740338,83739552,557.98,36.18279569892473,residential,False,29,82903274
83740338,4039251388,122.35,36.18279569892473,residential,True,25,82903274
83741118,12901375918,12.16,36.18279569892473,residential,False,16,82903274
83741118,4749469080,50.51,36.18279569892473,residential,False,17,82903274
83741118,11175089863,162.08,36.18279569892473,residential,False,18,82903274
83741126,1946742028,13.1,36.18279569892473,residential,False,27,82686004
83741126,256757666,91.96,36.18279569892473,residential,False,19,82686004
83741126,256756598,127.21,36.18279569892473,residential,False,17,82686004
83741273,256757862,10.77,36.18279569892473,residential,False,19,82903274
83741273,39621239,177.07,54.67289719626168,primary,False,34,82903274
83741273,39621234,85.72,54.67289719626168,primary,False,19,82903274
83741790,6864887949,123.81,36.18279569892473,residential,False,32,82903274
83741790,256757862,175.23,36.18279569892473,residential,False,16,82903274
83741790,3868812900,71.59,36.18279569892473,residential,False,32,82903274
83741797,3868812899,89.88,36.18279569892473,residential,False,32,82686004
83741797,2643655453,94.76,36.18279569892473,residential,False,25,82686004
83741797,6864887949,32.4,36.18279569892473,residential,False,20,82686004
83741800,2643655453,37.65,36.18279569892473,residential,False,25,82686004
83741800,93739029,312.85,36.18279569892473,residential,False,21,82686004
83741800,6879858960,80.94,36.18279569892473,residential,False,27,82686004
83741800,83741802,74.49,36.18279569892473,residential,False,35,82686004
83741802,83741800,74.49,36.18279569892473,residential,False,33,82686004
83741802,83741803,54.29,36.18279569892473,residential,False,18,82686004
83741802,320070414,104.55,30.0,residential,False,19,82686004
83741803,388278166,33.69,36.18279569892473,residential,False,13,82686004
83741803,83741802,54.29,36.18279569892473,residential,False,28,82686004
83741803,388278203,58.98,36.18279569892473,residential,False,31,82686004
83741803,388278194,217.19,36.18279569892473,residential,False,27,82686004
83741805,1955807441,64.79,36.18279569892473,residential,False,22,388276886
83741805,93736197,14.76,36.18279569892473,residential,False,22,388276886
83741805,388278181,136.43,36.18279569892473,residential,False,21,388276886
83769953,471179969,33.97,36.18279569892473,residential,False,34,6185036192
83769953,247264756,88.13,36.18279569892473,residential,False,35,6185036192
83769953,1955237888,133.67,53.482142857142854,secondary,False,14,6185036192
83769953,471180891,77.74,53.482142857142854,secondary,False,19,6185036192
83771420,6199759788,30.15,53.482142857142854,secondary,False,11,6185036192
83771420,6199759860,86.99,53.482142857142854,secondary,False,19,6185036192
83771420,471181244,531.0,36.18279569892473,residential,False,32,6185036192
83771424,6199759843,29.34,53.482142857142854,secondary,False,12,6185036192
83771424,6199759840,51.01,53.482142857142854,secondary,False,21,6185036192
83771424,6199759876,163.93,36.18279569892473,residential,False,24,6185036192
83771431,13386200644,15.16,53.482142857142854,secondary,False,30,6185036192
83771431,471182654,561.17,53.482142857142854,secondary,False,18,6185036192
83771431,471180753,58.73,53.482142857142854,secondary,False,33,6185036192
83771438,6907005640,195.87,36.18279569892473,residential,False,25,6185036192
83771438,6399648118,401.44,53.482142857142854,secondary,False,16,6185036192
83771438,471180753,114.79,53.482142857142854,secondary,False,16,6185036192
84198521,82673355,392.06,45.0,unclassified,False,27,105814816
84548266,387423704,1380.01,36.18279569892473,residential,False,18,386876240
84549159,6883876802,26.42,60.0,primary,False,27,90214098
84549159,84549161,28.78,36.18279569892473,residential,False,32,90214098
84549161,84549185,485.71,36.18279569892473,residential,False,18,90214098
84549161,84549159,28.78,36.18279569892473,residential,False,14,90214098
84549161,6883876802,18.24,36.18279569892473,residential,False,13,90214098
84549185,84549189,113.61,45.0,unclassified,False,29,90214098
84549185,84549161,485.71,36.18279569892473,residential,False,33,90214098
84549189,4943532121,640.66,36.18279569892473,"['residential', 'unclassified']",False,28,90214098
84549189,84549185,113.61,45.0,unclassified,False,17,90214098
84549189,6910832751,296.09,36.18279569892473,residential,False,17,90214098
84550083,84550157,50.17,36.18279569892473,residential,False,11,90214098
84550083,6883876802,802.36,60.0,primary,False,31,90214098
84550083,82638319,330.87,60.0,primary,False,26,90214098
84550157,1474116837,842.69,36.18279569892473,residential,False,17,90214098
84550157,84550083,50.17,36.18279569892473,residential,False,30,90214098
84550157,84550349,673.72,36.18279569892473,residential,False,17,90214098
84550349,6190850823,40.84,36.18279569892473,residential,False,11,90214098
84550349,84550157,673.72,36.18279569892473,residential,False,13,90214098
84550349,12890302149,94.03,36.18279569892473,residential,False,23,90214098
84550353,6913713963,452.12,36.18279569892473,residential,False,20,90214098
84550353,6190850823,128.88,36.18279569892473,residential,False,32,90214098
84550353,1474113389,114.33,36.18279569892473,residential,False,25,90214098
84550353,1474114372,157.15,36.18279569892473,residential,False,13,90214098
84551238,1474193161,56.88,36.18279569892473,residential,False,31,90214098
84551238,1474193165,64.02,36.18279569892473,residential,False,34,90214098
84551238,6910816096,296.86,36.18279569892473,residential,False,14,90214098
84551644,84551877,115.18,36.18279569892473,residential,False,10,105814816
84551644,1300541821,187.57,60.0,secondary,False,27,105814816
84551644,12890290706,470.55,60.0,secondary,False,15,105814816
84551877,6367808652,126.33,36.18279569892473,residential,False,23,105814816
84551877,84551644,115.18,36.18279569892473,residential,False,30,105814816
84551877,12898862557,158.64,36.18279569892473,residential,False,25,105814816
84551877,301957315,135.85,36.18279569892473,residential,False,25,105814816
84551882,84551883,28.56,36.18279569892473,residential,False,30,105814816
84551882,6367808652,50.81,36.18279569892473,residential,False,16,105814816
84551882,2113094583,111.34,36.18279569892473,residential,False,34,105814816
84551883,84551882,28.56,36.18279569892473,residential,False,19,105814816
84551883,84551888,124.03,36.18279569892473,residential,False,20,105814816
84551883,301957534,116.96,36.18279569892473,residential,False,19,105814816
84551888,2113091873,35.65,36.18279569892473,residential,False,30,105814816
84551888,6882312972,141.11,36.18279569892473,residential,False,11,105814816
84551888,84551883,124.03,36.18279569892473,residential,False,34,105814816
84551891,6883853441,75.68,36.18279569892473,residential,False,12,105814816
84551891,2113091873,22.42,36.18279569892473,residential,False,30,105814816
84551891,12890382622,44.75,36.18279569892473,residential,False,28,105814816
84552068,12898862557,25.31,36.18279569892473,residential,False,17,105814816
84552068,12898862560,18.15,36.18279569892473,residential,False,27,105814816
84552068,6882258546,80.04,36.18279569892473,residential,False,33,105814816
84552070,12898862560,36.06,36.18279569892473,residential,False,33,105814816
84552070,84552073,76.38,36.18279569892473,residential,False,11,105814816
84552070,301956958,94.74,36.18279569892473,residential,False,15,105814816
84552073,12889787885,48.64,36.18279569892473,residential,False,23,105814816
84552073,12898693669,45.36,36.18279569892473,residential,False,15,105814816
84552073,84552070,76.38,36.18279569892473,residential,False,11,105814816
84552411,147928551,25.78,36.18279569892473,residential,False,22,301954258
84552411,2113092295,15.73,36.18279569892473,residential,False,35,301954258
84552411,6219018578,55.09,36.18279569892473,residential,False,25,301954258
84552418,2113092719,89.71,36.18279569892473,residential,False,15,301954258
84552418,84552423,140.92,36.18279569892473,residential,False,33,301954258
84552418,6993967895,50.53,36.18279569892473,residential,False,19,301954258
84552423,614457187,34.23,36.18279569892473,residential,False,11,6218659532
84552423,6993967892,137.74,36.18279569892473,residential,False,10,6218659532
84552423,84552418,140.92,36.18279569892473,residential,False,19,6218659532
84552782,6365397295,100.54,60.0,secondary,False,28,147963281
84552782,301858502,252.55,50.0,tertiary,False,29,147963281
84552782,254293585,73.87,60.0,secondary,False,13,147963281
84554289,147974965,89.68,36.18279569892473,residential,False,20,147963281
84554289,6184996384,46.14,50.0,tertiary,False,19,147963281
84554289,1056303332,103.96,50.0,tertiary,False,24,147963281
84554292,6184996388,21.16,36.18279569892473,residential,False,30,147963281
84554292,301871814,86.05,50.0,tertiary,False,27,147963281
84554292,6184996384,41.97,50.0,tertiary,False,26,147963281
84554294,301871814,22.47,50.0,tertiary,False,25,147963281
84554294,1056303203,76.86,50.0,tertiary,False,14,147963281
84554294,12906457444,85.17,36.18279569892473,residential,False,26,147963281
84554301,6184996311,44.15,36.18279569892473,residential,False,24,147963281
84554301,84554303,96.18,50.0,tertiary,False,18,147963281
84554301,301864221,68.42,50.0,tertiary,False,16,147963281
84554301,6184996313,53.28,36.18279569892473,residential,False,35,147963281
84554303,147970116,74.87,50.0,tertiary,False,13,147963281
84554303,84554301,96.18,50.0,tertiary,False,20,147963281
84554303,6184996307,83.14,36.18279569892473,residential,False,15,147963281
84554306,254294148,84.61,36.18279569892473,residential,False,33,147963281
84554306,301868531,86.8,50.0,tertiary,False,24,147963281
84554306,84558874,97.59,50.0,tertiary,False,30,147963281
84554312,301863413,312.48,36.18279569892473,residential,False,18,147963281
84554312,147966086,18.39,50.0,tertiary,False,32,147963281
84554312,6366242114,16.43,50.0,tertiary,False,15,147963281
84554316,147958443,125.1,36.18279569892473,residential,False,10,147963281
84554316,147949852,296.39,45.0,tertiary,False,33,147963281
84554316,147966086,76.99,50.0,tertiary,False,20,147963281
84554341,6184995929,40.99,44.02390438247012,tertiary,False,35,147963281
84554341,301948017,59.21,44.02390438247012,tertiary,False,19,147963281
84554341,12919806851,310.04,36.18279569892473,residential,False,28,147963281
84554364,6996974572,241.65,44.02390438247012,tertiary,False,31,6218659532
84554364,6994035593,121.58,44.02390438247012,tertiary,False,34,6218659532
84554364,6996974580,266.25,36.18279569892473,residential,False,16,6218659532
84558828,2909329748,863.9,36.18279569892473,residential,False,15,6185036192
84558828,301869702,472.99,36.18279569892473,residential,False,29,6185036192
84558828,6997498174,2615.58,20.0,"['residential', 'unclassified']",False,30,6185036192
84558848,6196104802,4.1,36.18279569892473,residential,False,22,147963281
84558848,6184995980,30.86,36.18279569892473,residential,False,23,147963281
84558848,84558849,86.31,36.18279569892473,residential,False,26,147963281
84558849,301868619,55.46,36.18279569892473,residential,False,20,147963281
84558849,6958538245,90.23,36.18279569892473,residential,False,12,147963281
84558849,84558848,86.31,36.18279569892473,residential,False,22,147963281
84558861,301868248,187.04,36.18279569892473,residential,False,31,147963281
84558861,84558870,231.14,36.18279569892473,residential,False,13,147963281
84558861,6958538245,137.06,36.18279569892473,residential,False,15,147963281
84558870,301868501,131.71,36.18279569892473,residential,False,14,147963281
84558870,84558861,231.14,36.18279569892473,residential,False,25,147963281
84558870,84558874,78.27,36.18279569892473,residential,False,20,147963281
84558874,147970116,13.24,50.0,tertiary,False,17,147963281
84558874,84554306,97.59,50.0,tertiary,False,10,147963281
84558874,84558870,78.27,36.18279569892473,residential,False,18,147963281
84566894,84569130,193.29,36.18279569892473,residential,False,22,93731379
84566894,84569992,114.67,44.02390438247012,tertiary,True,17,93731379
84566894,84567118,311.14,44.02390438247012,tertiary,False,24,93731379
84567108,1728566136,60.74,30.0,residential,False,34,93731379
84567108,84567843,50.13,36.18279569892473,residential,False,18,93731379
84567118,9208153330,64.98,36.18279569892473,residential,False,20,93731379
84567118,84567390,129.99,30.0,residential,False,19,93731379
84567118,84569045,96.04,36.18279569892473,residential,False,28,93731379
84567118,84566894,311.14,44.02390438247012,tertiary,False,33,93731379
84567118,2384646038,140.84,44.02390438247012,tertiary,False,28,93731379
84567389,84567390,60.83,36.18279569892473,residential,False,10,93731379
84567389,84567857,123.33,36.18279569892473,residential,False,18,93731379
84567390,84567389,60.83,36.18279569892473,residential,False,30,93731379
84567390,301432779,235.2,36.18279569892473,residential,False,21,93731379
84567390,84567875,34.67,30.0,residential,False,32,93731379
84567843,301434073,58.46,36.18279569892473,residential,False,17,93731379
84567843,84567108,50.13,36.18279569892473,residential,False,11,93731379
84567843,12007766912,62.12,36.18279569892473,residential,False,31,93731379
84567847,84568392,71.93,36.18279569892473,residential,False,13,93731379
84567847,84567848,34.65,36.18279569892473,residential,False,24,93731379
84567847,301434073,76.49,36.18279569892473,residential,False,19,93731379
84567847,2384197761,62.27,36.18279569892473,residential,False,15,93731379
84567848,84567847,34.65,36.18279569892473,residential,False,22,93731379
84567848,84567852,290.99,36.18279569892473,residential,False,31,93731379
84567852,84568137,31.94,36.18279569892473,residential,False,26,93731379
84567852,84567389,137.06,36.18279569892473,residential,False,32,93731379
84567857,84568134,85.03,36.18279569892473,residential,False,34,93731379
84567857,301432559,24.53,36.18279569892473,residential,False,19,93731379
84567857,84567389,123.33,36.18279569892473,residential,False,32,93731379
84567875,10970003005,1.94,30.0,residential,False,13,93731379
84567875,84567390,34.67,30.0,residential,False,30,93731379
84567901,84567108,36.26,30.0,residential,False,19,93731379
84567901,84567875,282.55,30.0,residential,False,21,93731379
84568134,84567857,85.03,36.18279569892473,residential,False,29,93731379
84568137,84567852,31.94,36.18279569892473,residential,False,17,93731379
84568137,2205298538,37.7,36.18279569892473,residential,False,17,93731379
84568137,84568140,320.35,36.18279569892473,residential,False,14,93731379
84568137,2205457392,141.05,36.18279569892473,residential,False,25,93731379
84568140,6867959292,39.14,36.18279569892473,residential,False,14,93731379
84568140,84567848,39.64,36.18279569892473,residential,False,24,93731379
84568140,84568137,320.35,36.18279569892473,residential,False,33,93731379
84568173,6867959292,8.8,50.0,primary,False,29,93731379
84568392,84567847,71.93,36.18279569892473,residential,False,21,93731379
84568392,84567901,46.3,30.0,residential,False,23,93731379
84569045,84569046,57.55,36.18279569892473,residential,False,32,93731379
84569045,6861769817,98.09,36.18279569892473,residential,False,27,93731379
84569045,84567118,96.04,36.18279569892473,residential,False,25,93731379
84569046,84569045,57.55,36.18279569892473,residential,False,34,93731379
84569046,84569047,28.73,36.18279569892473,residential,False,27,93731379
84569046,8999534428,51.23,36.18279569892473,residential,False,35,93731379
84569047,2384201036,45.65,36.18279569892473,residential,False,31,93731379
84569047,301433116,108.49,36.18279569892473,residential,False,16,93731379
84569047,84569046,28.73,36.18279569892473,residential,False,34,93731379
84569056,84569130,7.22,36.18279569892473,residential,False,17,93731379
84569056,1248414251,132.13,36.18279569892473,residential,False,31,93731379
84569056,301433116,188.5,36.18279569892473,residential,False,34,93731379
84569130,84569056,7.22,36.18279569892473,residential,False,29,93731379
84569130,84566894,193.29,36.18279569892473,residential,False,35,93731379
84569820,84570944,6.39,40.0,tertiary,False,12,93731379
84569820,84569130,173.25,36.18279569892473,residential,False,26,93731379
84569820,84569992,151.0,40.0,tertiary,True,24,93731379
84569992,84573837,118.3,40.0,tertiary,False,26,93731379
84569992,84566894,114.67,44.02390438247012,tertiary,False,32,93731379
84569992,84569820,151.0,40.0,tertiary,True,21,93731379
84570389,146253897,93.49,40.0,tertiary,True,12,93731379
84570389,8999529096,266.63,40.0,tertiary,False,28,93731379
84570389,146253773,72.29,36.18279569892473,residential,False,13,93731379
84570944,8999529096,26.77,40.0,tertiary,False,11,93731379
84570944,84569820,6.39,40.0,tertiary,True,27,93731379
84571931,13426819978,198.94,36.18279569892473,residential,False,26,93731379
84571931,301439100,231.68,36.18279569892473,residential,False,16,93731379
84571931,84588520,152.13,36.18279569892473,residential,False,28,93731379
84571932,13426819978,18.55,36.18279569892473,residential,False,27,93731379
84571932,84570944,546.06,36.18279569892473,residential,False,14,93731379
84571932,301435542,404.89,45.0,tertiary,True,15,93731379
84571932,61334742,167.78,40.0,tertiary,False,20,93731379
84573011,2128267552,160.42,36.18279569892473,residential,False,26,
84573837,301433190,41.6,36.18279569892473,residential,False,24,93731379
84573837,84574175,254.28,40.0,tertiary,False,13,93731379
84573837,84569992,118.3,40.0,tertiary,True,31,93731379
84574163,301433190,34.4,36.18279569892473,residential,False,16,93731379
84574163,84575335,66.1,36.18279569892473,residential,False,32,93731379
84574163,84574164,114.72,36.18279569892473,residential,False,28,93731379
84574164,84574473,68.54,36.18279569892473,residential,False,25,93731379
84574164,84574163,114.72,36.18279569892473,residential,False,12,93731379
84574164,9566302513,166.96,36.18279569892473,residential,False,26,93731379
84574171,84574905,45.72,36.18279569892473,residential,False,24,93731379
84574171,84574174,126.25,36.18279569892473,residential,False,35,93731379
84574171,84574903,58.17,36.18279569892473,residential,False,11,93731379
84574174,301433979,26.98,36.18279569892473,residential,False,24,93731379
84574174,84574171,126.25,36.18279569892473,residential,False,14,93731379
84574174,84574175,83.47,36.18279569892473,residential,False,26,93731379
84574175,61334742,172.43,40.0,tertiary,False,23,93731379
84574175,84573837,254.28,40.0,tertiary,False,24,93731379
84574175,84574174,83.47,36.18279569892473,residential,False,28,93731379
84574450,84574473,128.49,36.18279569892473,residential,False,11,93731379
84574473,84574164,68.54,36.18279569892473,residential,False,27,93731379
84574473,84574163,182.67,36.18279569892473,residential,False,24,93731379
84574473,84574450,128.49,36.18279569892473,residential,False,31,93731379
84574903,301433714,67.42,36.18279569892473,residential,False,35,93731379
84574903,9566302512,73.37,36.18279569892473,residential,False,19,93731379
84574905,84576145,8.63,36.18279569892473,residential,False,33,93731379
84574905,84574171,45.72,36.18279569892473,residential,False,10,93731379
84574905,13374214523,50.28,36.18279569892473,residential,False,22,93731379
84574907,84575899,32.73,36.18279569892473,residential,False,18,93731379
84575056,84574174,57.05,36.18279569892473,residential,False,10,93731379
84575056,301433714,32.3,36.18279569892473,residential,False,33,93731379
84575335,301434387,19.64,36.18279569892473,residential,False,16,93731379
84575335,301434384,47.16,36.18279569892473,residential,False,28,93731379
84575335,301433698,40.23,36.18279569892473,residential,False,12,93731379
84575462,84574164,60.49,36.18279569892473,residential,False,11,93731379
84575715,84575774,27.45,36.18279569892473,residential,False,23,93731379
84575774,84575899,148.06,36.18279569892473,residential,False,21,93731379
84575774,84575715,27.45,36.18279569892473,residential,False,32,93731379
84575774,84576011,65.89,36.18279569892473,residential,False,12,93731379
84575899,84575774,148.06,36.18279569892473,residential,False,27,93731379
84575899,84574907,32.73,36.18279569892473,residential,False,11,93731379
84575899,84576145,67.37,36.18279569892473,residential,False,12,93731379
84576011,84576145,145.93,36.18279569892473,residential,False,25,93731379
84576011,84575774,65.89,36.18279569892473,residential,False,11,93731379
84576011,301433979,15.77,36.18279569892473,residential,False,19,93731379
84576145,84576011,145.93,36.18279569892473,residential,False,23,93731379
84576145,84574905,8.63,36.18279569892473,residential,False,15,93731379
84576145,84575899,67.37,36.18279569892473,residential,False,34,93731379
84576641,84576836,107.85,36.18279569892473,residential,False,14,93731379
84576641,301439690,156.28,36.18279569892473,residential,False,34,93731379
84576641,301443773,180.04,40.0,tertiary,False,30,93731379
84576641,84577709,158.16,40.0,tertiary,False,33,93731379
84576836,84576641,107.85,36.18279569892473,residential,False,30,93731379
84576836,301443335,57.54,36.18279569892473,residential,False,23,93731379
84577253,13416334987,23.79,36.18279569892473,residential,False,21,93731379
84577253,84577490,52.71,36.18279569892473,residential,False,22,93731379
84577490,84576836,62.63,36.18279569892473,residential,False,24,93731379
84577490,301443648,150.21,36.18279569892473,residential,False,22,93731379
84577707,84577709,162.2,36.18279569892473,residential,False,22,93731379
84577707,2299306168,120.63,36.18279569892473,residential,False,12,93731379
84577709,84576641,158.16,40.0,tertiary,False,31,93731379
84577709,61334742,56.87,40.0,tertiary,False,31,93731379
84578295,84578383,13.33,40.0,tertiary,True,27,93731379
84578295,301444189,44.65,40.0,tertiary,False,14,93731379
84578383,84578295,13.33,40.0,tertiary,True,30,93731379
84578383,84578735,303.42,36.18279569892473,residential,False,21,93731379
84578383,2128267552,29.43,40.0,tertiary,False,13,93731379
84578735,61334561,13.31,50.0,primary,False,15,93731379
84578735,6867959292,1125.13,50.0,primary,False,27,93731379
84587914,301438288,56.84,36.18279569892473,residential,False,22,93731379
84587914,61334834,271.62,36.18279569892473,residential,False,26,93731379
84587914,82673371,65.86,36.18279569892473,residential,False,14,93731379
84587914,301436287,311.18,30.0,residential,False,33,93731379
84587917,61334834,48.48,36.18279569892473,residential,False,17,93731379
84587917,301439099,13.55,36.18279569892473,residential,False,10,93731379
84588520,84571931,152.13,36.18279569892473,residential,False,34,93731379
86041908,314640862,319.93,36.18279569892473,residential,False,10,82668285
86041908,254964591,88.33,36.18279569892473,residential,False,19,82668285
86041908,86042280,49.5,36.18279569892473,residential,False,24,82668285
86041911,90232012,25.75,36.18279569892473,residential,False,31,82668285
86041911,82668285,164.25,36.18279569892473,residential,False,33,82668285
86041911,583505637,79.78,36.18279569892473,residential,False,27,82668285
86042273,86042280,196.2,36.18279569892473,residential,False,23,82668285
86042273,90232012,71.77,36.18279569892473,residential,False,27,82668285
86042273,90231354,89.96,36.18279569892473,residential,False,22,82668285
86042280,86042273,196.2,36.18279569892473,residential,False,17,82668285
86042280,86041908,49.5,36.18279569892473,residential,False,17,82668285
86042280,90230982,28.77,36.18279569892473,residential,False,24,82668285
88948019,13337832588,34.63,36.18279569892473,residential,False,21,93731379
88948019,2384629624,70.42,36.18279569892473,residential,False,14,93731379
88948020,88948021,46.38,36.18279569892473,residential,False,18,93731379
88948020,13337832588,24.79,36.18279569892473,residential,False,16,93731379
88948020,2384629631,125.31,36.18279569892473,residential,False,33,93731379
88948021,88948020,46.38,36.18279569892473,residential,False,34,93731379
88954961,2507150268,126.41,45.0,unclassified,False,13,105814816
88954961,4865144639,347.48,36.18279569892473,"['residential', 'unclassified']",False,11,105814816
88954961,5617818454,253.78,45.0,unclassified,False,35,105814816
88959098,88959243,216.2,36.18279569892473,residential,False,31,6185036192
88959098,301958863,197.64,60.0,primary,False,23,6185036192
88959098,88959430,32.09,60.0,primary,False,29,6185036192
88959243,88959247,123.52,36.18279569892473,residential,False,34,6185036192
88959243,88959098,216.2,36.18279569892473,residential,False,10,6185036192
88959243,6906598654,196.71,36.18279569892473,residential,False,17,6185036192
88959247,88959243,123.52,36.18279569892473,residential,False,16,6185036192
88959247,6364788674,103.73,36.18279569892473,residential,False,12,6185036192
88959247,6185036219,93.54,36.18279569892473,residential,False,13,6185036192
88959430,88959822,340.44,60.0,residential,False,29,6185036192
88959430,88959098,32.09,60.0,primary,False,11,6185036192
88959430,147921169,68.74,60.0,primary,False,24,6185036192
88959822,88959824,73.03,60.0,residential,False,29,6185036192
88959822,88959430,340.44,60.0,residential,False,31,6185036192
88959822,2108568024,98.27,36.18279569892473,residential,False,32,6185036192
88959824,6185036196,19.81,36.18279569892473,residential,False,11,6185036192
88959824,88959826,47.18,36.18279569892473,residential,False,17,6185036192
88959824,88959822,73.03,60.0,residential,False,33,6185036192
88959826,2107374539,218.46,36.18279569892473,residential,False,11,6185036192
88959826,88959824,47.18,36.18279569892473,residential,False,22,6185036192
88959826,6185036192,63.19,36.18279569892473,residential,False,24,6185036192
88959833,2108517912,118.46,20.0,living_street,False,17,6185036192
88959833,88959835,50.91,36.18279569892473,residential,False,27,6185036192
88959833,2107374539,87.82,36.18279569892473,residential,False,16,6185036192
88959835,2108517832,97.77,20.0,living_street,False,34,6185036192
88959835,88959838,79.87,36.18279569892473,residential,False,34,6185036192
88959835,88959833,50.91,36.18279569892473,residential,False,11,6185036192
88959838,11337766804,183.32,36.18279569892473,residential,False,14,6185036192
88959838,88959840,76.9,36.18279569892473,residential,False,26,6185036192
88959838,88959835,79.87,36.18279569892473,residential,False,19,6185036192
88959840,1472504929,82.1,40.0,tertiary,False,17,6185036192
88959840,88960272,40.62,40.0,tertiary,False,33,6185036192
88959840,88959838,76.9,36.18279569892473,residential,False,28,6185036192
88960263,2108596572,61.11,36.18279569892473,residential,False,20,6185036192
88960263,2108596222,20.43,50.0,tertiary,False,28,6185036192
88960263,2108596571,32.12,50.0,tertiary,False,29,6185036192
88960272,88959840,40.62,40.0,tertiary,False,34,6185036192
88960272,1841467749,43.31,40.0,tertiary,False,31,6185036192
88960272,11337766804,186.58,36.18279569892473,residential,False,20,6185036192
88960281,88960285,149.22,40.0,tertiary,False,17,6185036192
88960281,301959929,91.21,40.0,tertiary,False,19,6185036192
88960281,147924000,236.25,36.18279569892473,residential,False,14,6185036192
88960285,147914636,91.59,36.18279569892473,residential,False,31,6185036192
88960285,88960288,141.69,40.0,tertiary,False,26,6185036192
88960285,88960281,149.22,40.0,tertiary,False,17,6185036192
88960288,2108567700,3.08,44.02390438247012,tertiary,False,23,6185036192
88960288,88960285,141.69,40.0,tertiary,False,19,6185036192
88960288,147924142,51.9,50.0,tertiary,False,18,6185036192
88960349,1300528007,796.12,60.0,primary,False,11,6185036192
88960349,147924502,470.72,50.0,tertiary,False,27,6185036192
88960349,33221316,36.85,60.0,primary,False,28,6185036192
88960680,88960685,122.51,44.02390438247012,tertiary,False,33,6185036192
88960680,2108567700,25.36,44.02390438247012,tertiary,False,15,6185036192
88960680,2108566715,148.92,36.18279569892473,residential,False,30,6185036192
88960685,6906505384,50.7,36.18279569892473,residential,False,31,6185036192
88960685,88960686,22.37,44.02390438247012,tertiary,False,23,6185036192
88960685,88960680,122.51,44.02390438247012,tertiary,False,27,6185036192
88960686,147915550,56.89,36.18279569892473,residential,False,25,6185036192
88960686,147912122,22.04,44.02390438247012,tertiary,False,11,6185036192
88960686,88960685,22.37,44.02390438247012,tertiary,False,21,6185036192
88960688,88960689,15.2,44.02390438247012,tertiary,False,30,6185036192
88960688,147912122,63.63,44.02390438247012,tertiary,False,31,6185036192
88960688,301959921,163.46,36.18279569892473,residential,False,22,6185036192
88960689,88960688,15.2,44.02390438247012,tertiary,False,35,6185036192
88960689,6401262787,108.58,44.02390438247012,tertiary,False,26,6185036192
88960689,6909831081,46.91,36.18279569892473,residential,False,20,6185036192
88960697,6361381101,19.53,44.02390438247012,tertiary,False,32,6185036192
88960697,2108504175,27.75,36.18279569892473,residential,False,23,6185036192
88960697,6401262787,178.09,44.02390438247012,tertiary,False,23,6185036192
88961141,88962280,232.35,44.02390438247012,tertiary,False,14,6185036192
88961141,33221214,845.39,60.0,primary,False,19,6185036192
88961141,1300528051,138.22,60.0,primary,False,22,6185036192
88962235,2108505243,199.91,36.18279569892473,residential,False,15,6185036192
88962280,88962281,49.53,44.02390438247012,tertiary,False,34,6185036192
88962280,88961141,232.35,44.02390438247012,tertiary,False,27,6185036192
88962280,2106008561,103.81,36.18279569892473,residential,False,25,6185036192
88962281,88962286,322.49,44.02390438247012,tertiary,False,17,6185036192
88962281,88962280,49.53,44.02390438247012,tertiary,False,17,6185036192
88962281,88967542,207.65,36.18279569892473,residential,False,19,6185036192
88962286,88962291,135.82,44.02390438247012,tertiary,False,32,6185036192
88962286,88962281,322.49,44.02390438247012,tertiary,False,14,6185036192
88962286,88963613,125.1,36.18279569892473,residential,False,35,6185036192
88962291,2106008724,66.93,44.02390438247012,tertiary,False,24,6185036192
88962291,88962286,135.82,44.02390438247012,tertiary,False,11,6185036192
88962291,6361381093,86.46,36.18279569892473,residential,False,27,6185036192
88962292,2106008724,15.42,44.02390438247012,tertiary,False,23,6185036192
88962292,6361381101,43.55,44.02390438247012,tertiary,False,23,6185036192
88962292,2909347870,116.27,36.18279569892473,residential,False,27,6185036192
88962292,6362750700,52.05,36.18279569892473,residential,False,26,6185036192
88962293,2108504175,25.3,36.18279569892473,residential,False,14,6185036192
88962293,88962789,200.6,36.18279569892473,residential,False,22,6185036192
88962293,2909347867,44.11,30.0,residential,False,17,6185036192
88962304,2108504261,29.81,30.0,residential,False,18,6185036192
88962304,6199600341,44.82,36.18279569892473,residential,False,16,6185036192
88962304,6199600331,58.6,30.0,residential,False,20,6185036192
88962305,2108504261,20.46,30.0,residential,False,30,6185036192
88962305,6199600345,91.56,36.18279569892473,residential,False,12,6185036192
88962305,88962308,63.35,30.0,residential,False,24,6185036192
88962308,6199542953,9.41,36.18279569892473,residential,False,21,6185036192
88962308,88962310,60.69,30.0,residential,False,12,6185036192
88962308,88962305,63.35,30.0,residential,False,27,6185036192
88962310,6199600348,15.62,36.18279569892473,residential,False,33,6185036192
88962310,2909347860,63.39,30.0,residential,False,16,6185036192
88962310,88962308,60.69,30.0,residential,False,11,6185036192
88962314,2108505317,27.57,30.0,residential,False,18,6185036192
88962314,2108504783,79.93,36.18279569892473,residential,False,22,6185036192
88962314,2108505243,368.34,30.0,residential,False,31,6185036192
88962789,2121850016,19.88,36.18279569892473,residential,False,29,6185036192
88962789,88962293,200.6,36.18279569892473,residential,False,29,6185036192
88962789,2121850879,225.48,36.18279569892473,residential,False,11,6185036192
88962792,6906757450,57.95,36.18279569892473,residential,False,12,6185036192
88962792,9051837613,236.7,36.18279569892473,residential,False,16,6185036192
88962792,2106008919,34.44,36.18279569892473,residential,False,35,6185036192
88963577,88967157,132.46,36.18279569892473,residential,False,34,6185036192
88963577,6199657217,52.72,36.18279569892473,residential,False,28,6185036192
88963577,6199657211,136.67,36.18279569892473,residential,False,33,6185036192
88963583,5307133543,10.07,36.18279569892473,residential,False,31,6185036192
88963583,88963585,94.19,36.18279569892473,residential,False,27,6185036192
88963583,6199657211,123.0,36.18279569892473,residential,False,16,6185036192
88963585,88963583,94.19,36.18279569892473,residential,False,25,6185036192
88963613,2106096178,23.35,36.18279569892473,residential,False,16,6185036192
88963613,88962286,125.1,36.18279569892473,residential,False,20,6185036192
88963613,2106088157,214.51,36.18279569892473,residential,False,19,6185036192
88964116,88965133,256.41,36.18279569892473,residential,False,10,6185036192
88965133,6363164925,33.37,36.18279569892473,residential,False,16,6185036192
88965133,88964116,256.41,36.18279569892473,residential,False,16,6185036192
88965133,88965460,206.94,36.18279569892473,residential,False,33,6185036192
88965144,88965148,77.77,36.18279569892473,residential,False,13,6185036192
88965144,6199657192,60.7,36.18279569892473,residential,False,33,6185036192
88965144,6199657190,93.68,36.18279569892473,residential,False,34,6185036192
88965148,88965153,179.5,36.18279569892473,residential,False,25,6185036192
88965148,88965144,77.77,36.18279569892473,residential,False,17,6185036192
88965148,88966007,187.49,36.18279569892473,residential,False,32,6185036192
88965153,88965148,179.5,36.18279569892473,residential,False,29,6185036192
88965153,33221214,307.82,36.18279569892473,residential,False,32,6185036192
88965153,88966424,105.03,36.18279569892473,residential,False,16,6185036192
88965460,88965133,206.94,36.18279569892473,residential,False,22,6185036192
88965656,6199657217,171.49,36.18279569892473,residential,False,17,6185036192
88965656,88966003,232.85,36.18279569892473,residential,False,27,6185036192
88965656,6199657207,25.46,36.18279569892473,residential,False,20,6185036192
88966003,6362840693,5.62,36.18279569892473,residential,False,34,6185036192
88966003,88965656,232.85,36.18279569892473,residential,False,19,6185036192
88966003,6220523144,49.07,36.18279569892473,residential,False,22,6185036192
88966005,6363164953,22.65,36.18279569892473,residential,False,24,6185036192
88966005,6362840693,103.99,36.18279569892473,residential,False,27,6185036192
88966005,2108503247,101.7,36.18279569892473,residential,False,30,6185036192
88966007,88966884,31.37,36.18279569892473,residential,False,21,6185036192
88966007,88965148,187.49,36.18279569892473,residential,False,19,6185036192
88966007,6363164953,43.58,36.18279569892473,residential,False,18,6185036192
88966424,88965153,105.03,36.18279569892473,residential,False,21,6185036192
88966424,2106008561,147.16,36.18279569892473,residential,False,26,6185036192
88966424,11337784837,132.32,36.18279569892473,residential,False,25,6185036192
88966668,88966884,113.27,36.18279569892473,residential,False,24,6185036192
88966668,11337784837,198.99,36.18279569892473,residential,False,13,6185036192
88966668,88967155,201.64,36.18279569892473,residential,False,35,6185036192
88966884,88966007,31.37,36.18279569892473,residential,False,33,6185036192
88966884,88966668,113.27,36.18279569892473,residential,False,25,6185036192
88966884,6363164952,83.45,36.18279569892473,residential,False,34,6185036192
88967155,2108503249,60.13,36.18279569892473,residential,False,20,6185036192
88967155,88966668,201.64,36.18279569892473,residential,False,16,6185036192
88967155,88967157,109.15,36.18279569892473,residential,False,21,6185036192
88967157,88963577,132.46,36.18279569892473,residential,False,20,6185036192
88967157,2106096178,87.82,36.18279569892473,residential,False,23,6185036192
88967157,88967155,109.15,36.18279569892473,residential,False,11,6185036192
88967542,88967543,22.09,36.18279569892473,residential,False,28,6185036192
88967542,88962281,207.65,36.18279569892473,residential,False,17,6185036192
88967542,2108501566,196.94,36.18279569892473,residential,False,33,6185036192
88967543,88967542,22.09,36.18279569892473,residential,False,14,6185036192
88967543,88967546,82.91,36.18279569892473,residential,False,10,6185036192
88967543,2108502045,145.8,36.18279569892473,residential,False,18,6185036192
88967546,88967543,82.91,36.18279569892473,residential,False,27,6185036192
88968211,1300528022,136.11,60.0,primary,False,28,6185036192
88968211,1300528051,70.55,60.0,primary,False,28,6185036192
88968211,88970502,15.08,40.0,tertiary,False,33,6185036192
88970502,88970509,366.79,40.0,tertiary,False,23,6185036192
88970502,88968211,15.08,40.0,tertiary,False,19,6185036192
88970509,88970510,54.19,40.0,tertiary,False,14,6185036192
88970509,88970502,366.79,40.0,tertiary,False,16,6185036192
88970509,355859522,600.12,36.18279569892473,residential,False,20,6185036192
88970510,88970509,54.19,40.0,tertiary,False,17,6185036192
88970510,2284760596,1025.46,45.0,tertiary,False,22,6185036192
88970510,355860086,772.92,50.0,residential,False,28,6185036192
88970527,2356222927,139.04,36.18279569892473,residential,False,17,6185036192
88970527,471180754,349.26,53.482142857142854,secondary,False,25,6185036192
88970527,6361061083,195.48,40.0,secondary,False,27,6185036192
88970554,6361099677,78.25,53.482142857142854,secondary,False,30,6185036192
88970554,88970844,214.54,53.482142857142854,secondary,False,31,6185036192
88970554,88971274,383.34,36.18279569892473,residential,False,20,6185036192
88970844,88970847,114.42,53.482142857142854,secondary,False,18,6185036192
88970844,88970554,214.54,53.482142857142854,secondary,False,34,6185036192
88970844,1909333790,863.76,36.18279569892473,residential,False,25,6185036192
88970847,6220606122,102.58,36.18279569892473,residential,False,33,6185036192
88970847,33221214,454.39,60.0,primary,False,30,6185036192
88970847,1324141761,45.78,60.0,primary,False,33,6185036192
88970847,88970844,114.42,53.482142857142854,secondary,False,25,6185036192
88971274,88970554,383.34,36.18279569892473,residential,False,24,6185036192
88971274,1453974898,216.87,36.18279569892473,residential,False,15,6185036192
88971274,6907153984,438.19,36.18279569892473,residential,False,33,6185036192
88973356,6997556978,567.87,36.18279569892473,residential,False,35,6185036192
88973356,11338871119,82.71,36.18279569892473,residential,False,21,6185036192
88973356,6997568336,499.13,36.18279569892473,residential,False,15,6185036192
88983579,90234803,66.97,36.18279569892473,residential,False,14,82703794
88983579,88983602,150.02,50.0,primary,False,33,82703794
88983579,89015547,81.91,50.0,primary,False,27,82703794
88983602,320070948,35.05,50.0,primary,False,25,82703794
88983602,88983579,150.02,50.0,primary,False,15,82703794
89011020,2101754526,93.52,36.18279569892473,residential,False,27,82703794
89011020,89016596,29.16,36.18279569892473,residential,False,30,82703794
89011025,310550934,58.48,36.18279569892473,residential,False,11,256619924
89011025,310549798,116.16,36.18279569892473,residential,False,26,256619924
89011026,6397234493,38.68,36.18279569892473,residential,False,11,82703794
89011026,9939725060,81.64,36.18279569892473,residential,False,12,82703794
89011028,6398693580,16.64,36.18279569892473,residential,False,31,256619924
89011030,82643746,34.66,44.02390438247012,tertiary,False,11,256619924
89011030,89027635,34.55,44.02390438247012,tertiary,False,34,256619924
89011030,89023930,105.71,36.18279569892473,residential,False,10,256619924
89012910,90235318,77.09,36.18279569892473,residential,False,23,82703794
89012910,89013695,228.43,36.18279569892473,residential,False,14,82703794
89012910,10958282479,18.0,36.18279569892473,residential,False,30,82703794
89013695,1986475219,45.9,36.18279569892473,residential,False,17,82703794
89013695,1986767802,95.64,36.18279569892473,residential,False,12,82703794
89015070,310552342,58.63,36.18279569892473,residential,False,32,82703794
89015547,88983579,81.91,50.0,primary,False,14,82703794
89015547,6868197085,265.66,50.0,primary,False,10,82703794
89016594,89016676,61.5,36.18279569892473,residential,False,16,82703794
89016594,82656162,87.56,36.18279569892473,residential,False,26,82703794
89016596,90235318,140.17,36.18279569892473,residential,False,24,82703794
89016596,310552279,96.75,36.18279569892473,residential,False,21,82703794
89016596,89011020,29.16,36.18279569892473,residential,True,11,82703794
89016676,1800317476,84.16,36.18279569892473,residential,False,29,82703794
89016676,89015070,157.97,36.18279569892473,residential,False,30,82703794
89017423,254317913,106.11,40.0,tertiary,False,31,256619924
89017423,90236169,79.71,40.0,tertiary,False,29,256619924
89017857,89018218,191.42,36.18279569892473,residential,False,25,82703794
89018114,310549798,41.36,20.0,residential,False,31,82703794
89018114,1986466842,88.64,36.18279569892473,residential,False,25,82703794
89018218,12908876321,75.25,36.18279569892473,residential,False,10,82703794
89018218,89011020,38.57,36.18279569892473,residential,True,10,82703794
89018682,2959390136,67.23,36.18279569892473,residential,False,27,82703794
89018682,89020078,229.66,36.18279569892473,residential,False,27,82703794
89018682,654038317,50.16,30.0,residential,False,23,82703794
89018686,89011026,31.94,36.18279569892473,residential,False,10,82703794
89018686,2959390136,115.48,36.18279569892473,residential,False,10,82703794
89020078,82704054,20.52,36.18279569892473,residential,False,26,82703794
89020078,1986767807,58.14,36.18279569892473,residential,False,33,82703794
89020078,89018682,229.66,36.18279569892473,residential,False,18,82703794
89020078,82703794,18.39,36.18279569892473,residential,False,27,82703794
89020140,256375134,162.37,36.18279569892473,residential,False,19,256619924
89020140,89018682,65.43,20.0,residential,False,10,256619924
89023253,82643746,9.54,44.02390438247012,tertiary,False,26,256619924
89023253,256619907,73.48,44.02390438247012,tertiary,False,32,256619924
89023253,89023928,125.02,36.18279569892473,residential,False,31,256619924
89023299,89023304,275.62,36.18279569892473,residential,False,23,256619924
89023299,12918832928,76.13,36.18279569892473,residential,False,35,256619924
89023304,89023623,67.37,36.18279569892473,residential,False,15,256619924
89023494,89023495,63.21,36.18279569892473,residential,False,13,82703794
89023494,6168958425,108.49,36.18279569892473,residential,False,13,82703794
89023495,254311379,57.63,36.18279569892473,residential,False,26,256619924
89023495,6168958435,24.71,36.18279569892473,residential,False,14,256619924
89023505,12908876320,41.45,36.18279569892473,residential,False,17,256619924
89023623,12918832904,157.2,36.18279569892473,residential,False,16,256619924
89023623,6168958435,10.7,36.18279569892473,residential,False,29,256619924
89023836,89023928,10.46,36.18279569892473,residential,False,26,256619924
89023836,89023930,84.62,36.18279569892473,residential,False,18,256619924
89023928,89023299,28.87,36.18279569892473,residential,False,21,256619924
89023928,256619924,61.48,36.18279569892473,residential,False,18,256619924
89023928,89023836,10.46,36.18279569892473,residential,False,35,256619924
89023930,89011028,28.8,36.18279569892473,residential,False,22,256619924
89024352,89011025,16.18,36.18279569892473,residential,False,12,256619924
89025177,82703789,30.62,44.02390438247012,tertiary,False,21,82703794
89025177,82703568,115.79,44.02390438247012,tertiary,False,22,82703794
89025571,12898790147,65.5,36.18279569892473,residential,False,24,82703794
89025571,1277557036,158.44,36.18279569892473,residential,False,28,82703794
89025574,89055942,120.49,36.18279569892473,residential,False,17,82703794
89025574,2959396037,44.41,36.18279569892473,residential,False,32,82703794
89026293,310549236,34.12,36.18279569892473,residential,False,17,82703794
89026293,310549314,113.2,20.0,living_street,False,19,82703794
89026299,89027845,52.47,44.02390438247012,tertiary,False,31,256619924
89026299,82650400,74.05,44.02390438247012,tertiary,False,12,256619924
89026299,12898790177,38.21,36.18279569892473,residential,False,30,256619924
89027309,89027615,59.26,36.18279569892473,residential,False,30,82703794
89027309,2411040174,30.1,36.18279569892473,residential,False,34,82703794
89027615,89011028,43.94,36.18279569892473,residential,False,11,82703794
89027615,89027635,131.01,36.18279569892473,residential,False,12,82703794
89027635,89011030,34.55,44.02390438247012,tertiary,False,22,256619924
89027635,89027845,70.52,44.02390438247012,tertiary,False,22,256619924
89027722,89027819,63.3,36.18279569892473,residential,False,22,256619924
89027722,89028253,54.79,36.18279569892473,residential,False,27,256619924
89027722,89028101,54.8,36.18279569892473,residential,False,25,256619924
89027819,89027635,111.66,36.18279569892473,residential,False,11,256619924
89027819,89027820,42.48,36.18279569892473,residential,False,30,256619924
89027819,6173482948,55.4,36.18279569892473,residential,False,10,256619924
89027820,89027819,42.48,36.18279569892473,residential,False,32,256619924
89027820,89056578,39.71,36.18279569892473,residential,False,15,256619924
89027845,89027635,70.52,44.02390438247012,tertiary,False,12,256619924
89027845,89026299,52.47,44.02390438247012,tertiary,False,25,256619924
89027845,89059006,48.84,36.18279569892473,residential,False,23,256619924
89028101,89028103,75.38,36.18279569892473,residential,False,30,256619924
89028101,89027722,54.8,36.18279569892473,residential,False,35,256619924
89028103,89028104,50.38,36.18279569892473,residential,False,20,256619924
89028104,89028948,59.27,36.18279569892473,residential,False,28,256619924
89028104,89028950,119.28,36.18279569892473,residential,False,13,256619924
89028104,89028103,50.38,36.18279569892473,residential,False,26,256619924
89028253,6173482948,61.35,44.02390438247012,tertiary,False,11,256619924
89028253,254999268,85.98,44.02390438247012,tertiary,False,17,256619924
89028253,89027722,54.79,36.18279569892473,residential,False,16,256619924
89028947,89028948,61.45,36.18279569892473,residential,False,32,256619924
89028947,89058297,16.53,36.18279569892473,residential,False,28,256619924
89028947,89056578,69.5,36.18279569892473,residential,False,25,256619924
89028948,89028104,59.27,36.18279569892473,residential,False,18,256619924
89028948,89028947,61.45,36.18279569892473,residential,False,11,256619924
89028948,89058106,38.03,36.18279569892473,residential,False,12,256619924
89028950,2566039853,8.96,36.18279569892473,residential,False,31,256619924
89028950,89028104,119.28,36.18279569892473,residential,False,18,256619924
89028950,89057518,103.96,36.18279569892473,residential,False,27,256619924
89037033,82643810,86.49,44.02390438247012,tertiary,False,28,256619924
89037033,82643724,123.33,44.02390438247012,tertiary,False,31,256619924
89037033,302341641,180.16,36.18279569892473,residential,False,11,256619924
89037171,302341641,80.86,36.18279569892473,residential,False,15,256619924
89038869,82643178,15.22,44.02390438247012,tertiary,False,20,320981769
89038869,82641894,119.89,36.18279569892473,residential,False,10,320981769
89038869,254312727,72.49,44.02390438247012,tertiary,False,16,320981769
89039299,89039421,270.27,36.18279569892473,residential,False,28,320981769
89039299,254313294,41.53,44.02390438247012,tertiary,False,14,320981769
89039299,6199033616,42.45,44.02390438247012,tertiary,False,34,320981769
89039421,89039299,270.27,36.18279569892473,residential,False,32,320981769
89039714,302343718,80.93,36.18279569892473,residential,False,22,320981769
89039717,302343718,94.42,36.18279569892473,residential,False,12,320981769
89039717,302344347,24.23,44.02390438247012,tertiary,False,19,320981769
89039717,10265634293,183.8,44.02390438247012,tertiary,False,15,320981769
89039717,471413011,54.3,36.18279569892473,residential,False,28,320981769
89040322,471413011,11.83,36.18279569892473,residential,False,17,320981769
89040792,471413009,47.1,36.18279569892473,residential,False,28,320981769
89040792,471413278,52.53,36.18279569892473,residential,False,22,320981769
89040792,471412967,112.43,36.18279569892473,residential,False,31,320981769
89040901,82641908,100.99,44.02390438247012,tertiary,False,27,256619924
89040901,89040972,144.38,36.18279569892473,residential,False,20,256619924
89040972,89040901,144.38,36.18279569892473,residential,False,22,256619924
89041024,256619118,56.03,36.18279569892473,residential,False,34,320981769
89041507,82908423,23.56,44.02390438247012,tertiary,False,33,320981769
89041507,82908420,213.71,44.02390438247012,tertiary,False,14,320981769
89041507,89041786,149.93,36.18279569892473,residential,False,35,320981769
89041786,12901219145,35.83,36.18279569892473,residential,False,32,320981769
89041786,89041507,149.93,36.18279569892473,residential,False,33,320981769
89041786,12901219143,56.14,36.18279569892473,residential,False,12,320981769
89041797,1963485092,26.54,36.18279569892473,residential,False,26,320981769
89041797,6903951703,173.03,36.18279569892473,residential,False,33,320981769
89041797,5631892936,124.11,36.18279569892473,residential,False,21,320981769
89041799,82641887,44.19,36.18279569892473,residential,False,11,320981769
89041799,1963485092,51.89,36.18279569892473,residential,False,13,320981769
89041799,1130930986,122.37,36.18279569892473,residential,False,23,320981769
89042111,82653886,32.57,36.18279569892473,residential,False,17,320981769
89042111,320981774,70.85,36.18279569892473,residential,False,12,320981769
89042111,89042222,62.43,36.18279569892473,residential,False,20,320981769
89042222,89045515,30.5,36.18279569892473,residential,False,29,320981769
89042222,89042111,62.43,36.18279569892473,residential,False,34,320981769
89042222,89043950,280.59,36.18279569892473,residential,False,29,320981769
89042226,89042235,140.88,36.18279569892473,residential,False,29,320981769
89042226,6354459865,169.73,36.18279569892473,residential,False,22,320981769
89042226,254989352,23.42,36.18279569892473,residential,False,34,320981769
89042235,89044433,13.38,36.18279569892473,residential,False,20,320981769
89042235,89042226,140.88,36.18279569892473,residential,False,10,320981769
89042235,89042454,98.12,36.18279569892473,residential,False,30,320981769
89042454,254311399,11.33,36.18279569892473,residential,False,18,320981769
89042454,89042235,98.12,36.18279569892473,residential,False,35,320981769
89042454,89045316,72.69,36.18279569892473,residential,False,24,320981769
89043015,739119192,39.28,36.18279569892473,residential,False,25,320981769
89043015,1382532387,140.79,36.18279569892473,residential,False,17,320981769
89043015,254991027,221.78,36.18279569892473,residential,False,21,320981769
89043556,82702455,8.38,44.02390438247012,tertiary,False,27,320981769
89043556,10769086323,6.31,44.02390438247012,tertiary,False,22,320981769
89043556,89043954,39.89,36.18279569892473,residential,False,23,320981769
89043637,82702455,31.62,44.02390438247012,tertiary,False,15,320981769
89043637,5630874355,29.98,36.18279569892473,residential,False,31,320981769
89043637,89044018,78.62,44.02390438247012,tertiary,False,28,320981769
89043944,89043945,70.87,36.18279569892473,residential,False,31,320981769
89043944,89044156,87.02,36.18279569892473,residential,False,22,320981769
89043944,6396486671,32.93,36.18279569892473,residential,False,12,320981769
89043945,89043950,66.64,36.18279569892473,residential,False,34,320981769
89043945,89043944,70.87,36.18279569892473,residential,False,29,320981769
89043945,89044156,148.77,20.0,living_street,False,19,320981769
89043945,89044018,39.17,20.0,living_street,False,35,320981769
89043950,5630874355,18.95,36.18279569892473,residential,False,17,320981769
89043950,89043945,66.64,36.18279569892473,residential,False,32,320981769
89043950,89042222,280.59,36.18279569892473,residential,False,12,320981769
89043954,1448662763,29.4,36.18279569892473,residential,False,12,320981769
89043954,4411145005,22.46,36.18279569892473,residential,False,18,320981769
89043954,5630874355,45.16,36.18279569892473,residential,False,14,320981769
89043954,89043556,39.89,36.18279569892473,residential,False,22,320981769
89044018,89043945,39.17,20.0,living_street,False,32,320981769
89044018,6396486671,81.65,44.02390438247012,tertiary,False,35,320981769
89044018,89043637,78.62,44.02390438247012,tertiary,False,30,320981769
89044156,89043945,148.77,20.0,living_street,False,14,320981769
89044156,89044429,59.4,36.18279569892473,residential,False,33,320981769
89044156,89043944,87.02,36.18279569892473,residential,False,22,320981769
89044429,89044433,82.57,36.18279569892473,residential,False,20,320981769
89044429,89044156,59.4,36.18279569892473,residential,False,21,320981769
89044429,82702460,183.93,36.18279569892473,residential,False,13,320981769
89044433,89042235,13.38,36.18279569892473,residential,False,12,320981769
89044433,89045515,26.42,36.18279569892473,residential,False,10,320981769
89044433,89044429,82.57,36.18279569892473,residential,False,19,320981769
89044971,89044972,90.65,36.18279569892473,residential,False,24,320981769
89044971,6354554771,40.53,36.18279569892473,residential,False,21,320981769
89044971,254989035,74.09,36.18279569892473,residential,False,34,320981769
89044972,254984539,197.3,36.18279569892473,residential,False,18,320981769
89044972,89044971,90.65,36.18279569892473,residential,False,13,320981769
89044972,89047153,246.59,36.18279569892473,residential,False,14,320981769
89045081,6354459865,22.62,36.18279569892473,residential,False,12,320981769
89045081,254989351,172.53,36.18279569892473,residential,False,15,320981769
89045081,82702463,33.06,36.18279569892473,residential,False,23,320981769
89045316,254989352,84.58,36.18279569892473,residential,False,24,320981769
89045316,254991018,67.17,36.18279569892473,residential,False,27,320981769
89045316,89042454,72.69,36.18279569892473,residential,False,27,320981769
89045515,89044433,26.42,36.18279569892473,residential,False,26,320981769
89045515,89042222,30.5,36.18279569892473,residential,False,23,320981769
89045515,6391921078,120.65,36.18279569892473,residential,False,13,320981769
89045666,89045668,37.86,36.18279569892473,residential,False,10,320981769
89045666,6391921078,94.15,36.18279569892473,residential,False,12,320981769
89045666,254992102,117.8,36.18279569892473,residential,False,21,320981769
89045668,89045666,37.86,36.18279569892473,residential,False,27,320981769
89045668,471412801,12.04,44.02390438247012,tertiary,False,12,320981769
89045668,254992102,66.6,44.02390438247012,tertiary,False,29,320981769
89046199,82911031,204.84,44.02390438247012,tertiary,False,29,320981769
89046199,82908462,250.87,44.02390438247012,tertiary,False,35,320981769
89046280,1488509603,18.67,36.18279569892473,residential,False,20,320981769
89046280,1488513904,71.59,36.18279569892473,residential,False,22,320981769
89046280,89046510,71.71,36.18279569892473,residential,False,10,320981769
89046510,93768087,352.68,36.18279569892473,residential,False,19,320981769
89046510,89047144,349.06,36.18279569892473,residential,False,23,320981769
89046510,89046280,71.71,36.18279569892473,residential,False,22,320981769
89047144,89046510,349.06,36.18279569892473,residential,False,34,320981769
89047144,2951542770,176.86,36.18279569892473,residential,False,12,320981769
89047144,93771678,124.98,36.18279569892473,residential,False,33,320981769
89047153,254989724,90.17,36.18279569892473,residential,False,27,320981769
89047153,2951542770,32.17,36.18279569892473,residential,False,17,320981769
89047153,89044972,246.59,36.18279569892473,residential,False,28,320981769
89047360,82706246,137.46,36.18279569892473,residential,False,26,320981769
89047360,2958286625,123.13,36.18279569892473,residential,False,15,320981769
89047360,82702475,108.73,36.18279569892473,residential,False,31,320981769
89049304,82703219,181.03,36.18279569892473,residential,False,22,82703794
89049605,89050035,39.67,36.18279569892473,residential,False,15,82703794
89050035,256895943,119.76,36.18279569892473,residential,False,14,82703794
89050035,2887067732,104.43,36.18279569892473,residential,False,18,82703794
89050303,89050514,60.46,36.18279569892473,residential,False,19,82703794
89050514,256895943,189.64,44.02390438247012,tertiary,False,18,320981769
89050657,82651515,69.62,44.02390438247012,tertiary,False,25,82703794
89050657,82641909,118.17,36.18279569892473,residential,False,14,82703794
89050657,89051353,160.72,36.18279569892473,residential,False,12,82703794
89050898,89052421,126.83,44.02390438247012,tertiary,False,15,82703794
89050898,89051353,256.9,36.18279569892473,residential,False,23,82703794
89051353,6159244681,17.68,36.18279569892473,residential,False,18,82703794
89051353,89051355,70.81,36.18279569892473,residential,False,23,82703794
89051353,89050898,256.9,36.18279569892473,residential,False,19,82703794
89051353,89050657,160.72,36.18279569892473,residential,False,25,82703794
89051355,89051353,70.81,36.18279569892473,residential,False,35,82703794
89051355,89054241,36.92,36.18279569892473,residential,False,12,82703794
89051355,82651436,114.53,36.18279569892473,residential,False,21,82703794
89052141,6168959835,23.63,36.18279569892473,residential,False,18,256619924
89052141,6397075565,123.57,36.18279569892473,residential,False,17,256619924
89052141,89052420,106.98,36.18279569892473,residential,False,33,256619924
89052141,6396816173,68.45,36.18279569892473,residential,False,30,256619924
89052415,6396816173,16.11,36.18279569892473,residential,False,25,256619924
89052420,89052421,49.39,36.18279569892473,residential,False,29,256619924
89052420,89052141,106.98,36.18279569892473,residential,False,29,256619924
89052420,89052772,86.98,36.18279569892473,residential,False,16,256619924
89052421,89052420,49.39,36.18279569892473,residential,False,24,256619924
89052421,256618680,15.6,44.02390438247012,tertiary,False,13,256619924
89052772,89052420,86.98,36.18279569892473,residential,False,14,256619924
89054241,89051355,36.92,36.18279569892473,residential,False,19,82703794
89055154,254349044,45.23,44.02390438247012,tertiary,False,10,82703794
89055154,6179226151,251.51,36.18279569892473,residential,False,22,82703794
89055407,89055154,71.56,44.02390438247012,tertiary,False,20,82703794
89055407,12900774949,162.4,36.18279569892473,residential,False,29,82703794
89055529,12900774949,3.49,36.18279569892473,residential,False,22,82703794
89055942,310549314,91.86,44.02390438247012,tertiary,False,35,82703794
89056057,654038317,21.1,36.18279569892473,residential,False,20,82703794
89056057,89025574,109.96,36.18279569892473,residential,False,24,82703794
89056578,89028101,13.17,36.18279569892473,residential,False,20,256619924
89056578,89028947,69.5,36.18279569892473,residential,False,23,256619924
89056914,89056918,107.99,36.18279569892473,residential,False,30,256619924
89056914,89058047,114.83,36.18279569892473,residential,False,29,256619924
89056914,89057510,67.34,36.18279569892473,residential,False,14,256619924
89056918,82905447,132.09,44.02390438247012,tertiary,False,19,256619924
89056918,89056914,107.99,36.18279569892473,residential,False,20,256619924
89057510,8507686746,84.63,36.18279569892473,residential,False,29,256619924
89057510,89056914,67.34,36.18279569892473,residential,False,32,256619924
89057510,89058106,88.67,36.18279569892473,residential,False,16,256619924
89057515,89058107,58.33,36.18279569892473,residential,False,25,256619924
89057516,89057518,28.31,36.18279569892473,residential,False,20,256619924
89057518,89057516,28.31,36.18279569892473,residential,False,15,256619924
89057518,2566039856,40.85,36.18279569892473,residential,False,22,256619924
89057518,89028950,103.96,36.18279569892473,residential,False,20,256619924
89058047,89058297,11.18,36.18279569892473,residential,False,19,256619924
89058047,89056914,114.83,36.18279569892473,residential,False,33,256619924
89058047,89058106,59.04,36.18279569892473,residential,False,32,256619924
89058106,89057510,88.67,36.18279569892473,residential,False,30,256619924
89058106,89028948,38.03,36.18279569892473,residential,False,25,256619924
89058106,89058047,59.04,36.18279569892473,residential,False,28,256619924
89058106,89058107,66.29,36.18279569892473,residential,False,35,256619924
89058107,89057515,58.33,36.18279569892473,residential,False,17,256619924
89058107,8507686746,15.43,36.18279569892473,residential,False,20,256619924
89058107,89058106,66.29,36.18279569892473,residential,False,22,256619924
89058297,89058047,11.18,36.18279569892473,residential,False,18,256619924
89058297,89028947,16.53,36.18279569892473,residential,False,35,256619924
89058297,89058802,94.65,36.18279569892473,residential,False,22,256619924
89058802,82650400,75.73,36.18279569892473,residential,False,21,256619924
89059006,89027820,73.98,36.18279569892473,residential,False,13,256619924
89059006,89058802,99.85,36.18279569892473,residential,False,28,256619924
89059954,1800317481,67.61,36.18279569892473,residential,False,16,82703794
89059954,89060747,91.02,40.0,residential,False,28,82703794
89060747,82650691,153.8,40.0,residential,False,27,82703794
89060747,254267342,61.15,36.18279569892473,residential,False,15,82703794
89073976,89075015,494.98,50.0,secondary,False,31,6185036192
89073976,6997646000,793.88,36.18279569892473,residential,False,34,6185036192
89075015,89075051,1057.01,50.0,secondary,False,27,6185036192
89075015,89073976,494.98,50.0,secondary,False,10,6185036192
89075015,6821365818,452.3,36.18279569892473,residential,False,33,6185036192
89075051,89075061,357.96,50.0,secondary,False,24,6185036192
89075051,89075015,1057.01,50.0,secondary,False,32,6185036192
89075051,6997608054,528.86,36.18279569892473,residential,False,16,6185036192
89075061,89075051,357.96,50.0,secondary,False,24,6185036192
89075061,11338741598,240.64,36.18279569892473,residential,False,35,6185036192
89075061,471183721,346.78,53.482142857142854,secondary,False,19,6185036192
89075569,11338741598,4.24,36.18279569892473,residential,False,32,6185036192
89075569,471182909,852.1,36.18279569892473,residential,False,12,6185036192
89075569,471182686,694.85,36.18279569892473,residential,False,35,6185036192
89076126,89076127,36.29,53.482142857142854,secondary,False,35,6185036192
89076126,471183379,160.26,53.482142857142854,secondary,False,23,6185036192
89076126,471183363,735.48,36.18279569892473,residential,False,31,6185036192
89076127,1949737034,23.56,36.18279569892473,residential,False,25,6185036192
89076127,89076126,36.29,53.482142857142854,secondary,False,14,6185036192
89076127,89076744,78.66,53.482142857142854,secondary,False,30,6185036192
89076744,89076751,245.45,53.482142857142854,secondary,False,19,6185036192
89076744,89076127,78.66,53.482142857142854,secondary,False,17,6185036192
89076744,471183211,224.98,36.18279569892473,residential,False,18,6185036192
89076744,471183266,90.1,36.18279569892473,residential,False,31,6185036192
89076751,471182651,170.58,53.482142857142854,secondary,False,14,6185036192
89076751,89076744,245.45,53.482142857142854,secondary,False,32,6185036192
89076751,6907048762,91.93,36.18279569892473,residential,False,23,6185036192
89082918,6220606125,17.99,36.18279569892473,residential,False,35,6185036192
90134545,3713256911,69.72,36.18279569892473,residential,False,22,90214098
90134546,90134545,44.98,36.18279569892473,residential,False,12,90214098
90134546,82625222,29.73,60.0,primary,False,24,90214098
90136593,90137326,108.7,30.0,residential,False,29,82703794
90136593,1510308749,82.95,60.0,primary,False,25,82703794
90137326,1594344041,65.98,45.0,unclassified,False,28,82703794
90137326,82588846,80.36,36.18279569892473,residential,False,22,82703794
90138712,90137326,40.35,36.18279569892473,residential,False,27,82703794
90141965,90143563,103.86,36.18279569892473,residential,False,26,82703794
90141965,254267298,43.02,36.18279569892473,residential,False,32,82703794
90143563,13249441074,72.23,36.18279569892473,residential,False,23,82703794
90143563,6396879474,59.78,36.18279569892473,residential,False,27,82703794
90143837,90141965,86.14,36.18279569892473,residential,False,11,82703794
90143837,82589614,95.49,54.67289719626168,primary,False,35,82703794
90149936,82624680,180.28,36.18279569892473,residential,False,21,82703794
90154720,3713256911,106.99,36.18279569892473,residential,False,32,90214098
90154720,90154837,93.36,36.18279569892473,residential,False,35,90214098
90154837,257708339,30.02,60.0,primary,False,27,90214098
90202355,256396716,129.51,40.0,secondary,False,29,90214098
90202355,2008254016,29.17,40.0,secondary,False,30,90214098
90204961,82625786,190.8,36.18279569892473,residential,False,12,90214098
90204961,90206139,50.52,36.18279569892473,residential,False,13,90214098
90205971,90211209,43.27,53.482142857142854,secondary,False,34,90214098
90205971,6222395651,39.27,53.482142857142854,secondary,False,17,90214098
90205971,90204961,110.67,36.18279569892473,residential,False,31,90214098
90206139,90204961,50.52,36.18279569892473,residential,False,31,90214098
90206139,320062590,79.85,36.18279569892473,residential,False,21,90214098
90206208,90206965,97.91,36.18279569892473,residential,False,15,320050383
90206208,6910738659,50.42,36.18279569892473,residential,False,30,320050383
90206208,4649322030,81.02,36.18279569892473,residential,False,29,320050383
90206965,1800317450,51.79,36.18279569892473,residential,False,11,90214098
90206965,90206208,97.91,36.18279569892473,residential,False,28,90214098
90206965,90207326,79.02,36.18279569892473,residential,False,30,90214098
90207326,9158079495,49.85,36.18279569892473,residential,False,31,90214098
90207326,301373650,150.48,36.18279569892473,residential,False,30,90214098
90207326,90206965,79.02,36.18279569892473,residential,False,22,90214098
90209690,3942449344,47.08,53.482142857142854,secondary,False,34,90214098
90209690,90209694,118.57,53.482142857142854,secondary,False,20,90214098
90209690,386889472,26.23,36.18279569892473,residential,False,35,90214098
90209694,90209697,113.65,53.482142857142854,secondary,False,23,90214098
90209694,90209690,118.57,53.482142857142854,secondary,False,13,90214098
90209694,9157295477,27.91,36.18279569892473,residential,False,10,90214098
90209697,386889508,20.29,36.18279569892473,residential,False,13,90214098
90209697,1855819263,133.94,54.67289719626168,primary,False,18,90214098
90209697,33222620,503.44,54.67289719626168,primary,True,17,90214098
90209697,90209694,113.65,53.482142857142854,secondary,False,26,90214098
90211207,90211209,12.51,36.18279569892473,residential,False,33,90214098
90211207,82627861,199.58,36.18279569892473,residential,False,26,90214098
90211207,90212490,301.46,36.18279569892473,residential,False,27,90214098
90211209,90205971,43.27,53.482142857142854,secondary,False,28,90214098
90211209,82700962,59.43,53.482142857142854,secondary,False,32,90214098
90211209,90211207,12.51,36.18279569892473,residential,False,28,90214098
90212490,320049802,30.72,36.18279569892473,residential,False,17,90214098
90212490,90211207,301.46,36.18279569892473,residential,False,24,90214098
90212490,320049762,48.02,36.18279569892473,residential,False,21,90214098
90212490,6222587393,77.93,36.18279569892473,residential,False,22,90214098
90212496,1800317451,72.93,36.18279569892473,residential,False,24,7098591540
90212496,11889564186,23.86,36.18279569892473,residential,False,34,7098591540
90212496,386876082,141.07,36.18279569892473,residential,False,31,7098591540
90214098,6222587393,12.51,36.18279569892473,residential,False,28,90214098
90214098,320044825,129.7,36.18279569892473,residential,False,32,90214098
90214098,301374457,80.86,36.18279569892473,residential,False,26,90214098
90214109,388276604,40.48,36.18279569892473,residential,False,14,90214098
90214109,386883903,58.95,36.18279569892473,residential,False,21,90214098
90214109,320044825,111.92,36.18279569892473,residential,False,10,90214098
90215325,90215988,48.36,36.18279569892473,residential,False,25,388276886
90215325,82627851,29.81,30.0,residential,False,13,388276886
90215325,388276886,52.61,30.0,residential,False,19,388276886
90215988,90215989,62.29,36.18279569892473,residential,False,23,388276886
90215988,90215325,48.36,36.18279569892473,residential,False,12,388276886
90215988,6883599526,315.74,36.18279569892473,residential,False,13,388276886
90215989,90215988,62.29,36.18279569892473,residential,False,33,388276886
90215989,4871324141,153.99,36.18279569892473,residential,False,14,388276886
90215989,301373929,92.94,36.18279569892473,residential,False,21,388276886
90218314,82624688,100.42,36.18279569892473,residential,False,19,388276886
90218744,12902312233,22.32,36.18279569892473,residential,False,20,388276886
90218744,11175204502,95.53,36.18279569892473,residential,False,24,388276886
90218748,82669274,301.22,40.0,secondary,False,35,90214098
90218748,256396716,110.39,40.0,secondary,False,16,90214098
90220636,82699643,452.13,30.0,residential,False,26,90214098
90230982,90231354,202.57,36.18279569892473,residential,False,25,82668285
90230982,86042280,28.77,36.18279569892473,residential,False,21,82668285
90231354,90232115,85.23,36.18279569892473,residential,False,25,82668285
90231354,90230982,202.57,36.18279569892473,residential,False,13,82668285
90231354,86042273,89.96,36.18279569892473,residential,False,24,82668285
90232012,86042273,71.77,36.18279569892473,residential,False,33,82668285
90232012,86041911,25.75,36.18279569892473,residential,False,32,82668285
90232115,90231354,85.23,36.18279569892473,residential,False,24,82668285
90232115,90233169,747.76,36.18279569892473,residential,False,20,82668285
90232115,90232012,66.75,36.18279569892473,residential,False,12,82668285
90233169,12536190858,15.92,36.18279569892473,residential,False,19,82668285
90233169,90232115,747.76,36.18279569892473,residential,False,11,82668285
90233834,256907008,73.1,36.18279569892473,residential,False,35,82703794
90233834,256372413,58.11,36.18279569892473,residential,False,32,82703794
90234034,90234533,45.93,36.18279569892473,residential,False,13,82703794
90234533,88983602,91.2,36.18279569892473,residential,False,10,82703794
90234533,90234803,142.57,36.18279569892473,residential,False,20,82703794
90234803,90235462,41.84,36.18279569892473,residential,False,30,82703794
90235318,89016596,140.17,36.18279569892473,residential,False,13,82703794
90235318,89012910,77.09,36.18279569892473,residential,False,31,82703794
90235320,89016594,92.32,36.18279569892473,residential,False,35,82703794
90235320,90235318,97.24,36.18279569892473,residential,False,15,82703794
90235462,82656163,70.92,36.18279569892473,residential,False,33,82703794
90235462,90234034,138.5,36.18279569892473,residential,False,17,82703794
90236169,89017423,79.71,40.0,tertiary,True,26,256619924
90236169,1807518375,205.93,40.0,tertiary,True,15,256619924
90236169,2115365595,166.75,36.18279569892473,residential,False,27,256619924
90236906,254319245,185.49,36.18279569892473,residential,False,15,256619924
90236906,4117676089,385.73,36.18279569892473,residential,False,20,256619924
90238323,260593199,181.12,36.18279569892473,residential,False,27,256619924
90238323,6354570656,550.32,44.02390438247012,tertiary,True,23,256619924
90238323,82656150,38.31,44.02390438247012,tertiary,True,24,256619924
90309006,301850259,183.51,40.0,residential,False,17,11253757267
90309006,301849394,43.16,44.02390438247012,tertiary,False,35,11253757267
90309006,8274513455,51.09,44.02390438247012,tertiary,False,22,11253757267
90309009,1598758485,57.04,20.0,living_street,False,30,11253757267
90309009,6396501531,109.87,44.02390438247012,tertiary,False,15,11253757267
90309009,301849674,72.27,44.02390438247012,tertiary,False,15,11253757267
90309020,301848878,105.99,44.02390438247012,tertiary,False,30,12901492583
90309020,6396501536,153.86,44.02390438247012,tertiary,False,31,12901492583
90309020,1327335091,92.17,40.0,residential,False,23,12901492583
90309025,90309026,56.32,44.02390438247012,tertiary,False,22,12901492583
90309025,301848878,53.55,44.02390438247012,tertiary,False,10,12901492583
90309025,93663935,151.34,36.18279569892473,residential,False,33,12901492583
90309026,1327337229,42.67,36.18279569892473,residential,False,29,12901492583
90309026,1326818619,106.2,44.02390438247012,tertiary,False,16,12901492583
90309026,90309025,56.32,44.02390438247012,tertiary,False,24,12901492583
90309030,12908834911,72.8,44.02390438247012,tertiary,False,28,12901492583
90309030,1326818619,11.62,44.02390438247012,tertiary,False,23,12901492583
90309030,93731120,27.71,36.18279569892473,residential,False,22,12901492583
90309043,1326827188,83.36,36.18279569892473,residential,False,10,12901492583
90309043,90309048,114.26,36.18279569892473,residential,False,32,12901492583
90309043,301842891,141.94,36.18279569892473,residential,False,16,12901492583
90309048,90309043,114.26,36.18279569892473,residential,False,16,12901492583
90309048,90309056,118.54,36.18279569892473,residential,False,18,12901492583
90309048,90309051,94.97,36.18279569892473,residential,False,34,12901492583
90309051,301853379,280.29,36.18279569892473,residential,False,32,12901492583
90309051,90309048,94.97,36.18279569892473,residential,False,35,12901492583
90309051,90309056,163.94,36.18279569892473,residential,False,35,12901492583
90309056,301851512,20.09,36.18279569892473,residential,False,12,12901492583
90309056,90309048,118.54,36.18279569892473,residential,False,28,12901492583
90309056,90309051,163.94,36.18279569892473,residential,False,13,12901492583
90309060,301843706,22.05,36.18279569892473,residential,False,35,12901492583
90309060,6184638987,293.84,36.18279569892473,residential,False,27,12901492583
90309060,1644192383,47.69,36.18279569892473,residential,False,15,12901492583
90309086,6878600300,148.57,36.18279569892473,residential,False,21,12901492583
90309086,6958843961,154.99,36.18279569892473,residential,False,20,12901492583
90309086,6184636781,70.39,36.18279569892473,residential,False,16,12901492583
90309131,6391141165,139.56,36.18279569892473,residential,False,24,12908641424
90309131,6391141139,68.5,36.18279569892473,residential,False,13,12908641424
90309131,6391139747,294.27,36.18279569892473,residential,False,18,12908641424
90310545,1367350375,228.09,60.0,secondary,True,31,11253757267
90310545,9155616853,439.92,36.18279569892473,residential,False,25,11253757267
90310545,12398545762,23.17,53.482142857142854,secondary,False,26,11253757267
90310545,257398717,130.46,36.18279569892473,residential,False,30,11253757267
90310898,256390144,341.38,36.18279569892473,residential,False,20,11253757267
90310898,1506250013,213.02,44.02390438247012,tertiary,True,29,11253757267
90310898,6363346284,94.24,44.02390438247012,tertiary,False,22,11253757267
90310898,9155616853,87.75,36.18279569892473,residential,False,29,11253757267
90311903,4039251388,238.27,53.482142857142854,secondary,True,22,82903274
90311903,78451997,121.25,53.482142857142854,secondary,False,28,82903274
90311903,90312674,881.32,40.0,residential,False,13,82903274
90312674,90312815,94.99,40.0,residential,False,21,82903274
90312815,1800317437,41.09,40.0,residential,False,21,82903274
90312815,1800317435,67.54,36.18279569892473,residential,False,24,82903274
93663935,301844576,72.28,36.18279569892473,residential,False,29,12901492583
93663935,90309025,151.34,36.18279569892473,residential,False,15,12901492583
93663935,93663944,193.54,36.18279569892473,residential,False,31,12901492583
93663944,301839961,369.43,36.18279569892473,residential,False,32,12908641424
93663944,93663935,193.54,36.18279569892473,residential,False,35,12908641424
93663944,1333770421,60.67,36.18279569892473,residential,False,19,12908641424
93692703,93693054,38.49,36.18279569892473,residential,False,29,82686004
93692703,256757666,66.8,36.18279569892473,residential,False,28,82686004
93692703,4749469080,85.88,36.18279569892473,residential,False,12,82686004
93692703,256757525,62.54,36.18279569892473,residential,False,31,82686004
93693054,11175089863,2.48,36.18279569892473,residential,False,14,82903274
93693055,256757878,159.15,36.18279569892473,residential,False,20,82903274
93693055,93693058,64.36,36.18279569892473,residential,True,13,82903274
93693058,6879900300,77.64,36.18279569892473,residential,False,17,82903274
93693058,12402699743,190.39,53.482142857142854,secondary,False,19,82903274
93693058,6879858982,97.42,53.482142857142854,secondary,False,13,82903274
93719896,6391508868,42.81,36.18279569892473,residential,False,15,256619924
93719896,2023218681,128.87,36.18279569892473,residential,False,21,256619924
93719896,469167673,39.6,36.18279569892473,residential,False,32,256619924
93731105,301854066,170.01,36.18279569892473,residential,False,14,12901492583
93731105,254293854,47.69,44.02390438247012,tertiary,False,26,12901492583
93731105,301851944,323.34,44.02390438247012,tertiary,False,22,12901492583
93731105,12504156319,32.08,36.18279569892473,residential,False,23,12901492583
93731118,301842891,65.63,44.02390438247012,tertiary,False,29,12901492583
93731118,301852815,169.83,44.02390438247012,tertiary,False,14,12901492583
93731118,1947826941,69.26,36.18279569892473,residential,False,28,12901492583
93731120,1947826941,8.0,36.18279569892473,residential,False,22,12901492583
93731120,90309030,27.71,36.18279569892473,residential,False,23,12901492583
93731120,13147652158,221.85,36.18279569892473,residential,False,15,12901492583
93731127,12918837630,76.4,60.0,secondary,False,25,11253757267
93731127,78452168,247.53,60.0,secondary,False,30,11253757267
93731127,301851937,117.92,36.18279569892473,residential,False,27,11253757267
93731215,256386115,67.78,60.0,secondary,False,32,147963281
93731215,301854712,155.43,60.0,secondary,False,30,147963281
93731215,93731278,54.06,36.18279569892473,residential,False,15,147963281
93731278,6980418756,136.48,36.18279569892473,residential,False,27,147963281
93731278,93731215,54.06,36.18279569892473,residential,False,15,147963281
93731278,301854898,85.37,36.18279569892473,residential,False,25,147963281
93731278,301854712,161.9,36.18279569892473,residential,False,19,147963281
93731379,2502581408,7.82,36.18279569892473,residential,False,14,93731379
93731379,6363700405,54.47,60.0,residential,False,15,93731379
93731945,1800317418,27.23,36.18279569892473,residential,False,20,93731379
93736189,301373009,143.61,36.18279569892473,residential,False,24,388276886
93736189,6222563285,73.82,36.18279569892473,residential,False,29,388276886
93736189,388277720,137.99,36.18279569892473,residential,False,11,388276886
93736197,6222563286,86.5,36.18279569892473,residential,False,21,82686004
93736197,83741805,14.76,36.18279569892473,residential,False,10,82686004
93736197,388278151,29.96,36.18279569892473,residential,False,25,82686004
93736208,93739029,237.59,36.18279569892473,residential,False,14,82686004
93736208,256759939,369.74,36.18279569892473,residential,False,16,82686004
93736208,93736213,54.97,36.18279569892473,residential,False,22,82686004
93736213,256756610,159.05,36.18279569892473,residential,False,27,82686004
93736213,93736218,148.34,36.18279569892473,residential,False,26,82686004
93736213,93736208,54.97,36.18279569892473,residential,False,30,82686004
93736218,93736224,99.76,36.18279569892473,residential,False,25,82686004
93736218,93924527,509.8,36.18279569892473,residential,False,23,82686004
93736218,93736213,148.34,36.18279569892473,residential,False,31,82686004
93736224,6360811541,37.08,36.18279569892473,residential,False,25,82686004
93736224,6360811548,127.31,36.18279569892473,residential,False,23,82686004
93736224,93736218,99.76,36.18279569892473,residential,False,32,82686004
93736232,6865001810,7.04,36.18279569892473,residential,False,24,82686004
93736232,93736233,17.82,36.18279569892473,residential,False,25,82686004
93736232,256759282,52.95,36.18279569892473,residential,False,15,82686004
93736233,256759280,77.89,36.18279569892473,residential,False,12,82686004
93736233,93736232,17.82,36.18279569892473,residential,False,28,82686004
93736233,93736238,69.71,36.18279569892473,residential,False,10,82686004
93736238,6361377220,51.91,36.18279569892473,residential,False,35,82903274
93736238,93736233,69.71,36.18279569892473,residential,False,34,82903274
93736238,6361282593,60.17,36.18279569892473,residential,False,17,82903274
93739029,93736208,237.59,36.18279569892473,residential,False,19,82686004
93739029,6355421110,84.4,36.18279569892473,residential,False,11,82686004
93739029,83741800,312.85,36.18279569892473,residential,False,18,82686004
93744697,4766214005,272.31,36.18279569892473,residential,False,17,320050383
93744705,12890170209,8.8,36.18279569892473,residential,False,27,320050383
93744705,2019647284,153.36,36.18279569892473,residential,False,19,320050383
93744705,4766214005,70.47,36.18279569892473,residential,False,15,320050383
93746054,2019647284,19.92,36.18279569892473,residential,False,34,320050383
93746054,6904082952,149.18,36.18279569892473,residential,False,24,320050383
93746054,82701724,212.74,36.18279569892473,residential,False,28,320050383
93748033,82626575,68.54,36.18279569892473,residential,False,33,320050383
93748033,12891960792,50.86,36.18279569892473,residential,False,34,320050383
93756503,2958286625,26.94,36.18279569892473,residential,False,34,320981769
93756503,256896956,42.25,36.18279569892473,residential,False,25,320981769
93756503,254312439,138.81,30.0,residential,False,27,320981769
93768087,89046510,352.68,36.18279569892473,residential,False,26,320981769
93768087,93770129,146.35,36.18279569892473,residential,False,13,320981769
93768087,739119201,165.91,36.18279569892473,residential,False,28,320981769
93770129,93768087,146.35,36.18279569892473,residential,False,13,320981769
93770129,82908424,405.4,36.18279569892473,residential,False,18,320981769
93770129,1130903101,43.6,36.18279569892473,residential,False,34,320981769
93771678,89047144,124.98,36.18279569892473,residential,False,27,320981769
93775484,12887953571,26.53,36.18279569892473,residential,False,21,320981769
93775484,93775532,101.65,36.18279569892473,residential,False,27,320981769
93775484,8270287414,105.21,36.18279569892473,residential,False,34,320981769
93775495,1973960017,97.0,36.18279569892473,residential,False,11,320981769
93775495,8270287414,195.63,36.18279569892473,residential,False,34,320981769
93775495,4736682690,164.0,36.18279569892473,residential,False,33,320981769
93775506,310546141,280.6,45.0,unclassified,False,24,320981769
93775506,6914010703,119.31,36.18279569892473,residential,False,27,320981769
93775506,1973960017,264.36,36.18279569892473,residential,False,16,320981769
93775523,1804727611,53.8,36.18279569892473,residential,False,23,320981769
93775523,8274213850,56.02,36.18279569892473,residential,False,13,320981769
93775523,8274213961,69.72,36.18279569892473,residential,False,33,320981769
93775529,8274214113,79.68,36.18279569892473,residential,False,30,320981769
93775529,1804727611,196.58,36.18279569892473,residential,False,34,320981769
93775529,4050579849,236.03,36.18279569892473,residential,False,17,320981769
93775532,93775484,101.65,36.18279569892473,residential,False,19,320981769
93775532,82911041,92.96,36.18279569892473,residential,False,11,320981769
93775532,93777616,192.42,36.18279569892473,residential,False,24,320981769
93777160,93777162,74.65,36.18279569892473,residential,False,18,320981769
93777160,82619403,71.89,36.18279569892473,residential,False,21,320981769
93777160,82619401,51.12,36.18279569892473,residential,False,12,320981769
93777162,93777167,119.83,36.18279569892473,residential,False,24,320981769
93777162,93777160,74.65,36.18279569892473,residential,False,13,320981769
93777162,6903978271,84.53,36.18279569892473,residential,False,34,320981769
93777167,12887891811,10.5,36.18279569892473,residential,False,35,320981769
93777167,93777162,119.83,36.18279569892473,residential,False,17,320981769
93777167,1474127531,130.23,36.18279569892473,residential,False,16,320981769
93777616,93775532,192.42,36.18279569892473,residential,False,35,320981769
93810391,1363680969,109.37,36.18279569892473,residential,False,33,82903274
93810395,1363680978,15.06,36.18279569892473,residential,False,28,82903274
93810395,12912452188,53.3,36.18279569892473,residential,False,32,82903274
93810395,1363680969,97.9,36.18279569892473,residential,False,21,82903274
93810396,1363680978,44.9,36.18279569892473,residential,False,32,82903274
93810396,1365350489,187.26,36.18279569892473,residential,False,29,82903274
93810396,93810398,89.14,36.18279569892473,residential,False,30,82903274
93810398,6865147006,41.74,36.18279569892473,residential,False,23,82903274
93810398,93810396,89.14,36.18279569892473,residential,False,15,82903274
93810398,6579136827,16.3,36.18279569892473,residential,False,29,82903274
93810398,11346001732,24.19,40.0,residential,False,14,82903274
93810858,1363739538,39.06,36.18279569892473,residential,False,35,82903274
93810858,1365350489,29.45,36.18279569892473,residential,False,16,82903274
93810858,93812208,93.65,36.18279569892473,residential,False,16,82903274
93810858,1365350459,56.14,36.18279569892473,residential,False,35,82903274
93812208,6369164825,33.5,36.18279569892473,residential,False,11,82903274
93812208,6865147006,145.49,36.18279569892473,residential,False,28,82903274
93812208,93810858,93.65,36.18279569892473,residential,False,21,82903274
93812216,6369164837,6.51,36.18279569892473,residential,False,27,82903274
93812216,1363821593,9.25,36.18279569892473,residential,False,18,82903274
93812216,1392818690,183.48,36.18279569892473,residential,False,29,82903274
93812222,1021671188,11.56,36.18279569892473,residential,False,27,847937526
93812222,12903810134,53.21,36.18279569892473,residential,False,15,847937526
93812222,93812223,29.28,36.18279569892473,residential,False,20,847937526
93812223,93812222,29.28,36.18279569892473,residential,False,32,847937526
93812223,1365350488,54.68,36.18279569892473,residential,False,19,847937526
93812223,93812227,65.76,36.18279569892473,residential,False,19,847937526
93812227,1363821581,60.65,36.18279569892473,residential,False,28,847937526
93812227,93812230,108.99,36.18279569892473,residential,False,18,847937526
93812227,93812223,65.76,36.18279569892473,residential,False,26,847937526
93812230,1365350443,35.26,36.18279569892473,residential,False,31,847937526
93812230,93812227,108.99,36.18279569892473,residential,False,13,847937526
93812230,93812231,28.84,36.18279569892473,residential,False,14,847937526
93812230,1365350493,71.17,36.18279569892473,residential,False,34,847937526
93812231,93815166,128.1,36.18279569892473,residential,False,35,847937526
93812231,93812230,28.84,36.18279569892473,residential,False,23,847937526
93812231,1021671162,102.84,36.18279569892473,residential,False,11,847937526
93812802,1365076761,23.99,40.0,residential,False,18,82903274
93812802,93813609,69.09,36.18279569892473,residential,False,30,82903274
93812802,93812803,71.44,40.0,residential,False,14,82903274
93812803,6391782810,168.08,36.18279569892473,residential,False,32,82903274
93812803,1365076799,26.55,40.0,residential,False,14,82903274
93812803,93812802,71.44,40.0,residential,False,17,82903274
93812806,6579136831,26.78,36.18279569892473,residential,True,14,82903274
93812806,1754988714,15.38,40.0,residential,False,32,82903274
93812806,5127810794,29.94,40.0,residential,False,20,82903274
93812806,1365076799,47.6,36.18279569892473,residential,False,17,82903274
93813609,1948155589,26.27,36.18279569892473,residential,False,34,82903274
93813609,93812802,69.09,36.18279569892473,residential,False,31,82903274
93813609,1363680973,92.59,36.18279569892473,residential,False,22,82903274
93813609,1391585704,55.94,36.18279569892473,residential,False,25,82903274
93813613,1962574007,28.92,36.18279569892473,residential,False,14,847937526
93813613,1962573883,4.33,36.18279569892473,residential,False,28,847937526
93813613,1021656060,64.37,36.18279569892473,residential,False,30,847937526
93813616,93815152,220.6,36.18279569892473,residential,False,18,847937526
93813616,1392818675,43.21,36.18279569892473,residential,False,30,847937526
93813616,3978261082,105.86,36.18279569892473,residential,False,23,847937526
93815152,1392818685,9.73,36.18279569892473,residential,False,22,847937526
93815152,93813616,220.6,36.18279569892473,residential,False,24,847937526
93815152,1392818675,300.37,36.18279569892473,residential,False,12,847937526
93815154,1363739557,20.21,36.18279569892473,residential,False,30,847937526
93815154,93815157,132.33,36.18279569892473,residential,False,35,847937526
93815154,12901553888,127.77,36.18279569892473,residential,False,34,847937526
93815157,93815166,168.75,36.18279569892473,residential,False,12,847937526
93815157,93815154,132.33,36.18279569892473,residential,False,22,847937526
93815157,1392163967,36.93,36.18279569892473,residential,False,26,847937526
93815166,6975189042,256.72,36.18279569892473,residential,False,33,847937526
93815166,93815157,168.75,36.18279569892473,residential,False,18,847937526
93815166,93812231,128.1,36.18279569892473,residential,False,32,847937526
93815179,1948137500,24.16,36.18279569892473,residential,False,21,847937526
93815179,6975189042,100.25,36.18279569892473,residential,False,24,847937526
93815179,12903810132,66.21,36.18279569892473,residential,False,25,847937526
93815187,628650071,91.89,36.18279569892473,residential,False,20,847937526
93815187,93815188,50.21,36.18279569892473,residential,False,28,847937526
93815187,628650035,168.08,36.18279569892473,residential,False,10,847937526
93815188,93815187,50.21,36.18279569892473,residential,False,34,847937526
93815188,1948136962,37.34,36.18279569892473,residential,False,33,847937526
93815188,268829663,57.53,36.18279569892473,residential,False,12,847937526
93816868,4197007200,74.33,53.482142857142854,secondary,False,33,847937526
93816868,6190988155,145.7,36.18279569892473,residential,False,24,847937526
93816868,93818565,215.81,36.18279569892473,residential,False,30,847937526
93818565,847937525,38.65,36.18279569892473,residential,False,31,847937526
93818565,2135234217,133.47,36.18279569892473,residential,False,32,847937526
93818565,93816868,215.81,36.18279569892473,residential,False,21,847937526
93924527,82686004,26.86,36.18279569892473,residential,False,12,82686004
93924527,93736218,509.8,36.18279569892473,residential,False,35,82686004
93924527,388278296,91.42,36.18279569892473,residential,False,27,82686004
93924531,12901574854,40.17,36.18279569892473,residential,False,22,82686004
93924531,93924532,46.97,36.18279569892473,residential,False,16,82686004
93924531,388278296,44.88,36.18279569892473,residential,False,23,82686004
93924532,12904007307,187.09,36.18279569892473,residential,False,16,82686004
93924532,388278329,130.41,36.18279569892473,residential,False,25,82686004
93924532,93924531,46.97,36.18279569892473,residential,False,18,82686004
105801897,301950670,28.57,40.0,residential,False,20,105814816
105801897,301949430,139.03,40.0,residential,False,19,105814816
105801897,12196782635,73.95,40.0,residential,False,20,105814816
105801900,301949430,60.16,40.0,residential,False,27,6218659532
105801900,105801901,46.43,40.0,residential,False,28,6218659532
105801900,301950763,78.33,40.0,residential,False,14,6218659532
105801901,12890227121,13.01,36.18279569892473,residential,False,28,6218659532
105801901,105801900,46.43,40.0,residential,False,25,6218659532
105801901,301949600,253.93,36.18279569892473,residential,False,35,6218659532
105806695,6368610993,33.2,36.18279569892473,residential,False,20,6218659532
105806695,6368610989,3.42,36.18279569892473,residential,False,31,6218659532
105806695,6883394894,45.93,36.18279569892473,residential,False,34,6218659532
105806698,105806700,77.17,36.18279569892473,residential,False,11,6218659532
105806698,301953073,41.6,36.18279569892473,residential,False,11,6218659532
105806698,6997014532,31.43,36.18279569892473,residential,False,13,6218659532
105806700,301950935,7.88,36.18279569892473,residential,False,30,6218659532
105806700,105806698,77.17,36.18279569892473,residential,False,35,6218659532
105806700,6996974566,42.6,36.18279569892473,residential,False,24,6218659532
105810194,11337802217,13.76,40.0,residential,False,10,6218659532
105810194,6997256852,65.76,36.18279569892473,residential,False,13,6218659532
105810194,147955593,125.21,40.0,residential,False,15,6218659532
105812535,1969792201,140.54,36.18279569892473,residential,False,24,147963281
105812535,301949427,122.64,36.18279569892473,residential,False,24,147963281
105812535,6218911809,98.76,36.18279569892473,residential,False,10,147963281
105812543,6184996325,37.09,36.18279569892473,residential,False,23,147963281
105812543,1969792194,48.61,36.18279569892473,residential,False,16,147963281
105812543,6184841312,49.53,36.18279569892473,residential,False,32,147963281
105812548,6184996339,29.27,36.18279569892473,residential,False,14,147963281
105812548,6184996337,6.94,36.18279569892473,residential,False,30,147963281
105812548,301946461,100.49,36.18279569892473,residential,False,19,147963281
105813212,301949520,31.32,36.18279569892473,residential,False,15,147963281
105813212,6218835370,21.35,36.18279569892473,residential,False,18,147963281
105813212,301948975,145.13,36.18279569892473,residential,False,12,147963281
105814672,6218987285,130.61,36.18279569892473,residential,False,30,301954258
105814672,301953805,112.19,36.18279569892473,residential,False,21,301954258
105814672,2113092753,78.49,36.18279569892473,residential,False,18,301954258
105814672,301953780,69.38,36.18279569892473,residential,False,12,301954258
105814816,6367793483,81.9,60.0,secondary,False,21,105814816
105814816,1944730721,199.28,60.0,secondary,False,31,105814816
105814816,6882362386,103.99,36.18279569892473,residential,False,30,105814816
105815576,301954150,39.79,36.18279569892473,residential,False,15,6882362386
105815576,6882362386,26.08,36.18279569892473,residential,False,11,6882362386
105815576,301954223,71.49,36.18279569892473,residential,False,22,6882362386
105816978,12887966502,88.82,60.0,primary,False,30,105814816
105816978,12898862544,56.2,36.18279569892473,residential,False,19,105814816
105816978,1300541821,149.02,60.0,primary,False,33,105814816
105817579,6882299280,13.68,36.18279569892473,residential,False,32,105814816
105817579,6882299249,25.59,36.18279569892473,residential,False,34,105814816
105817579,301958648,73.98,36.18279569892473,residential,False,17,105814816
105817583,6882299280,113.92,36.18279569892473,residential,False,23,105814816
105817583,301951775,141.23,36.18279569892473,residential,False,30,105814816
105817583,6365280026,90.8,36.18279569892473,residential,False,12,105814816
105817739,6365510049,231.24,36.18279569892473,residential,False,32,105814816
105817739,6365918818,76.11,60.0,primary,False,13,105814816
105817739,301958712,104.63,60.0,primary,False,10,105814816
146223369,361429375,507.73,36.18279569892473,residential,False,16,6988544508
146223369,6988531179,426.33,36.18279569892473,residential,False,25,6988544508
146223369,361427500,433.83,36.18279569892473,residential,False,12,6988544508
146223391,146223410,378.73,36.18279569892473,residential,False,14,6988544531
146223391,361431045,59.17,36.18279569892473,residential,False,28,6988544531
146223391,1276412062,100.46,36.18279569892473,residential,False,17,6988544531
146223410,361427135,180.02,36.18279569892473,residential,False,26,6988544531
146223410,146223391,378.73,36.18279569892473,residential,False,31,6988544531
146223410,361421806,296.95,36.18279569892473,residential,False,24,6988544531
146253773,301430600,76.94,36.18279569892473,residential,False,10,93731379
146253773,301430599,80.38,36.18279569892473,residential,False,10,93731379
146253773,146253774,128.99,36.18279569892473,residential,False,32,93731379
146253773,84570389,72.29,36.18279569892473,residential,False,20,93731379
146253774,6370671059,70.83,36.18279569892473,residential,False,13,93731379
146253774,146253773,128.99,36.18279569892473,residential,False,23,93731379
146253897,84570389,93.49,40.0,tertiary,False,32,93731379
146253897,1488327050,45.35,44.02390438247012,tertiary,False,14,93731379
146253897,1731624616,146.66,36.18279569892473,residential,False,25,93731379
146254068,1731624616,71.17,36.18279569892473,residential,False,12,93731379
146254283,1731624616,185.61,36.18279569892473,residential,False,17,93731379
146254283,301434921,126.25,36.18279569892473,residential,False,22,93731379
146254283,301434926,53.06,36.18279569892473,residential,False,12,93731379
146257203,1231480281,9.11,36.18279569892473,residential,True,33,93731379
146257203,4563677857,181.4,50.0,secondary,False,35,93731379
146257501,146257726,188.08,36.18279569892473,residential,False,13,93731379
146257501,1231480281,61.06,36.18279569892473,residential,True,13,93731379
146257510,301392634,421.36,36.18279569892473,residential,False,20,93731379
146257510,83712882,81.11,40.0,tertiary,False,21,93731379
146257510,146257726,485.66,40.0,tertiary,False,19,93731379
146257510,3066546151,42.76,36.18279569892473,residential,False,14,93731379
146257726,146257501,188.08,36.18279569892473,residential,False,22,93731379
146257726,6407501214,193.27,36.18279569892473,residential,False,34,93731379
146257726,146257510,485.66,40.0,tertiary,False,34,93731379
146257726,1800349748,35.33,40.0,tertiary,False,14,93731379
146260777,6193067114,41.54,36.18279569892473,residential,False,30,93731379
146260780,12908576993,439.7,36.18279569892473,residential,False,31,93731379
146260780,12908576997,152.56,36.18279569892473,residential,False,14,93731379
146260780,6193067114,100.5,36.18279569892473,residential,False,12,93731379
146264973,12743663758,8.78,36.18279569892473,residential,False,26,11346035713
146264973,39629023,110.9,36.18279569892473,residential,False,28,11346035713
146264973,6191116198,30.86,36.18279569892473,residential,False,10,11346035713
146264977,11258095459,8.65,36.18279569892473,residential,False,29,11346035713
146264977,459145035,5.87,36.18279569892473,residential,False,30,11346035713
146264977,6191116220,47.11,36.18279569892473,residential,False,15,11346035713
146264982,83730865,135.7,36.18279569892473,residential,False,24,11346035713
146264982,11258095459,131.94,36.18279569892473,residential,False,21,11346035713
146264982,6191116130,80.11,36.18279569892473,residential,False,33,11346035713
146264992,6193067020,50.81,36.18279569892473,residential,False,16,11346035713
146264992,146264995,69.48,36.18279569892473,residential,False,30,11346035713
146264992,83730865,141.58,36.18279569892473,residential,False,33,11346035713
146264995,301396727,8.65,36.18279569892473,residential,False,14,11346035713
146264995,6193067055,21.43,36.18279569892473,residential,False,23,11346035713
146264995,146264992,69.48,36.18279569892473,residential,False,29,11346035713
146265003,6193067019,58.8,36.18279569892473,residential,False,31,11346035713
146265003,6212861942,122.03,36.18279569892473,residential,False,24,11346035713
146265003,83729543,306.0,36.18279569892473,residential,False,16,11346035713
146265005,146265007,20.06,36.18279569892473,residential,False,12,11346035713
146265005,6193067019,11.94,36.18279569892473,residential,False,13,11346035713
146265005,83729545,288.56,36.18279569892473,residential,False,14,11346035713
146265007,146265008,24.03,36.18279569892473,residential,False,34,11346035713
146265007,146265005,20.06,36.18279569892473,residential,False,13,11346035713
146265007,6369012727,140.54,36.18279569892473,residential,False,28,11346035713
146265008,146265007,24.03,36.18279569892473,residential,False,33,11346035713
146265008,146265027,304.05,36.18279569892473,residential,False,22,11346035713
146265008,6193067016,47.35,36.18279569892473,residential,False,21,11346035713
146265027,146265008,304.05,36.18279569892473,residential,False,23,11346035713
146265027,6407722060,256.77,36.18279569892473,residential,False,20,11346035713
146265027,301392664,139.58,36.18279569892473,residential,False,35,11346035713
146266729,316057125,63.64,36.18279569892473,residential,False,14,847937526
146266729,6191116115,87.56,36.18279569892473,residential,False,17,847937526
146266729,6871727709,117.89,36.18279569892473,residential,False,18,847937526
147912122,88960686,22.04,44.02390438247012,tertiary,False,30,6185036192
147912122,147914636,332.97,36.18279569892473,residential,False,12,6185036192
147912122,88960688,63.63,44.02390438247012,tertiary,False,17,6185036192
147914636,88960285,91.59,36.18279569892473,residential,False,27,6185036192
147914636,2108567700,173.66,36.18279569892473,residential,False,29,6185036192
147914636,147912122,332.97,36.18279569892473,residential,False,29,6185036192
147915550,301959643,7.19,36.18279569892473,residential,False,33,6185036192
147915550,88960686,56.89,36.18279569892473,residential,False,29,6185036192
147915550,6363523402,98.36,36.18279569892473,residential,False,19,6185036192
147920870,6199657202,27.47,36.18279569892473,residential,False,34,6185036192
147920870,33221316,422.05,36.18279569892473,residential,False,32,6185036192
147920870,2123100160,113.85,36.18279569892473,residential,False,10,6185036192
147921169,33221316,46.93,60.0,primary,False,31,6185036192
147921169,147922005,228.84,36.18279569892473,residential,False,19,6185036192
147921169,88959430,68.74,60.0,primary,False,16,6185036192
147922005,6185036207,33.57,36.18279569892473,residential,False,26,6185036192
147922005,147921169,228.84,36.18279569892473,residential,False,29,6185036192
147922005,2108568827,69.54,36.18279569892473,residential,False,26,6185036192
147922007,6185036207,19.73,36.18279569892473,residential,False,16,6185036192
147922007,6185036214,64.18,36.18279569892473,residential,False,33,6185036192
147922007,2123098051,148.57,36.18279569892473,residential,False,22,6185036192
147922009,6185036214,17.07,36.18279569892473,residential,False,19,6185036192
147922009,2107387217,85.44,36.18279569892473,residential,False,30,6185036192
147922009,147923248,105.02,36.18279569892473,residential,False,11,6185036192
147923248,6185036198,131.96,36.18279569892473,residential,False,35,6185036192
147923248,147922009,105.02,36.18279569892473,residential,False,35,6185036192
147923248,2107389672,18.83,36.18279569892473,residential,False,17,6185036192
147924000,88960281,236.25,36.18279569892473,residential,False,25,6185036192
147924142,88960288,51.9,50.0,tertiary,False,22,6185036192
147924142,2108563641,95.28,50.0,tertiary,False,13,6185036192
147924142,739466559,60.03,36.18279569892473,residential,False,17,6185036192
147924330,739466559,135.57,36.18279569892473,residential,False,25,6185036192
147924502,2108563641,60.92,50.0,tertiary,False,30,6185036192
147924502,88960349,470.72,50.0,tertiary,False,29,6185036192
147924502,147924852,117.76,36.18279569892473,residential,False,12,6185036192
147924852,2123101146,46.82,36.18279569892473,residential,False,26,6185036192
147924852,147924855,55.27,36.18279569892473,residential,False,10,6185036192
147924852,147924502,117.76,36.18279569892473,residential,False,21,6185036192
147924855,147924852,55.27,36.18279569892473,residential,False,20,6185036192
147928434,6882312972,58.73,36.18279569892473,residential,False,14,105814816
147928434,301958038,59.0,36.18279569892473,residential,False,22,105814816
147928434,301958032,93.16,36.18279569892473,residential,False,28,105814816
147928434,301958295,233.39,36.18279569892473,residential,False,23,105814816
147928551,84552411,25.78,36.18279569892473,residential,False,21,301954258
147928551,147929344,141.15,36.18279569892473,residential,False,27,301954258
147928551,2113092204,64.77,36.18279569892473,residential,False,31,301954258
147929344,301958038,29.74,36.18279569892473,residential,False,15,105814816
147929344,147928551,141.15,36.18279569892473,residential,False,34,105814816
147929344,6882312972,165.97,36.18279569892473,residential,False,25,105814816
147929356,301958295,21.83,36.18279569892473,residential,False,34,105814816
147929912,301954711,184.47,36.18279569892473,residential,False,12,301954258
147929912,147930342,155.65,36.18279569892473,residential,False,10,301954258
147929912,6219018578,21.54,36.18279569892473,residential,False,28,301954258
147930342,2113092436,36.08,36.18279569892473,residential,False,12,301954258
147930342,147929912,155.65,36.18279569892473,residential,False,10,301954258
147930342,301957114,24.5,36.18279569892473,residential,False,18,301954258
147949852,147950328,135.93,36.18279569892473,residential,False,16,147963281
147949852,301947110,82.4,40.0,tertiary,False,11,147963281
147949852,84554316,296.39,45.0,tertiary,False,11,147963281
147950328,301948416,23.92,36.18279569892473,residential,False,35,147963281
147950328,301946264,134.08,36.18279569892473,residential,False,22,147963281
147950328,301949021,95.91,36.18279569892473,residential,False,26,147963281
147950328,147949852,135.93,36.18279569892473,residential,False,19,147963281
147951227,12909415458,32.28,60.0,secondary,False,30,147963281
147951227,11346078417,65.4,36.18279569892473,residential,False,32,147963281
147951227,12912805838,99.66,60.0,secondary,False,26,147963281
147952777,12906090336,30.63,36.18279569892473,residential,False,34,147963281
147952777,147952778,136.26,36.18279569892473,residential,False,23,147963281
147952777,12909415456,113.32,36.18279569892473,residential,False,23,147963281
147952778,147952779,61.56,36.18279569892473,residential,False,32,147963281
147952778,147952777,136.26,36.18279569892473,residential,False,22,147963281
147952778,12906090335,239.99,36.18279569892473,residential,False,12,147963281
147952778,301946220,233.16,36.18279569892473,residential,False,30,147963281
147952779,147952780,45.05,36.18279569892473,residential,False,27,147963281
147952779,147952778,61.56,36.18279569892473,residential,False,27,147963281
147952779,12909856436,22.6,36.18279569892473,residential,False,29,147963281
147952780,147952779,45.05,36.18279569892473,residential,False,14,147963281
147952780,301946288,65.85,36.18279569892473,residential,False,18,147963281
147952780,301946260,13.06,36.18279569892473,residential,False,12,147963281
147953502,301948975,20.58,36.18279569892473,residential,False,19,147963281
147953502,301946264,140.24,36.18279569892473,residential,False,12,147963281
147953502,6883113402,67.66,36.18279569892473,residential,False,26,147963281
147954554,147954563,98.72,36.18279569892473,residential,False,16,6218659532
147954554,6997256852,92.03,36.18279569892473,residential,False,35,6218659532
147954554,147954808,213.35,36.18279569892473,residential,False,14,6218659532
147954554,147956454,25.17,36.18279569892473,residential,False,27,6218659532
147954563,147954567,99.3,36.18279569892473,residential,False,20,6218659532
147954563,147954554,98.72,36.18279569892473,residential,False,22,6218659532
147954563,301948369,130.73,36.18279569892473,residential,False,28,6218659532
147954567,147954563,99.3,36.18279569892473,residential,False,30,6218659532
147954808,147954554,213.35,36.18279569892473,residential,False,34,6218659532
147955593,6218852128,61.98,36.18279569892473,residential,False,30,6218659532
147955593,105810194,125.21,40.0,residential,False,31,6218659532
147955593,301949604,183.54,40.0,residential,False,30,6218659532
147956102,6218835369,58.84,36.18279569892473,residential,False,12,6218659532
147956102,301950204,36.26,36.18279569892473,residential,False,19,6218659532
147956102,301949552,76.2,36.18279569892473,residential,False,32,6218659532
147956454,147954554,25.17,36.18279569892473,residential,False,23,6218659532
147956454,12909856437,128.29,36.18279569892473,residential,False,33,6218659532
147956454,6997256845,63.69,36.18279569892473,residential,False,17,6218659532
147958442,147958443,18.43,36.18279569892473,residential,False,11,147963281
147958442,6969853129,539.77,36.18279569892473,residential,False,17,147963281
147958442,4243498997,111.27,40.0,residential,False,12,147963281
147958443,84554316,125.1,36.18279569892473,residential,False,23,147963281
147958443,147958442,18.43,36.18279569892473,residential,False,13,147963281
147958443,4243499016,106.48,40.0,residential,False,24,147963281
147960488,301953148,17.25,36.18279569892473,residential,False,29,6218659532
147960488,147960912,12.86,40.0,residential,False,29,6218659532
147960488,11337802217,144.52,40.0,residential,False,11,6218659532
147960821,301953148,32.98,36.18279569892473,residential,False,19,6218659532
147960821,301947859,43.27,36.18279569892473,residential,False,31,6218659532
147960821,147960823,61.48,36.18279569892473,residential,False,33,6218659532
147960823,6394834200,133.44,36.18279569892473,residential,False,31,6218659532
147960823,6994029969,420.82,36.18279569892473,residential,False,33,6218659532
147960823,147960821,61.48,36.18279569892473,residential,False,15,6218659532
147960912,147960488,12.86,40.0,residential,False,13,6218659532
147960912,301947928,249.64,36.18279569892473,residential,False,10,6218659532
147960912,301947704,246.64,36.18279569892473,residential,False,32,6218659532
147963281,11337785632,59.07,36.18279569892473,residential,False,14,147963281
147963281,6366272750,72.69,60.0,secondary,False,32,147963281
147963281,6366272736,442.29,60.0,secondary,False,10,147963281
147963681,11337785632,27.92,36.18279569892473,residential,False,15,147963281
147963681,6218794616,204.42,36.18279569892473,residential,False,25,147963281
147963681,301867323,30.43,36.18279569892473,residential,False,21,147963281
147963694,301865810,51.03,36.18279569892473,residential,False,26,147963281
147963694,6218794616,41.0,36.18279569892473,residential,False,26,147963281
147963694,147965091,220.67,36.18279569892473,residential,False,35,147963281
147965091,147963694,220.67,36.18279569892473,residential,False,33,147963281
147965091,147965093,29.33,36.18279569892473,residential,False,18,147963281
147965091,301865834,42.94,36.18279569892473,residential,False,15,147963281
147965093,147965091,29.33,36.18279569892473,residential,False,21,147963281
147965093,147965097,94.87,36.18279569892473,residential,False,14,147963281
147965093,6218782145,80.17,36.18279569892473,residential,False,33,147963281
147965097,147965101,75.93,36.18279569892473,residential,False,34,147963281
147965097,147965093,94.87,36.18279569892473,residential,False,18,147963281
147965097,12919818905,48.49,36.18279569892473,residential,False,33,147963281
147965101,301866753,104.44,36.18279569892473,residential,False,13,147963281
147965101,301866765,170.19,36.18279569892473,residential,False,34,147963281
147965101,147965103,108.53,36.18279569892473,residential,False,10,147963281
147965101,147965097,75.93,36.18279569892473,residential,False,20,147963281
147965103,301866052,110.47,36.18279569892473,residential,False,35,147963281
147965103,11337728457,149.9,36.18279569892473,residential,False,23,147963281
147965103,6184996320,161.91,36.18279569892473,residential,False,18,147963281
147965103,147965101,108.53,36.18279569892473,residential,False,26,147963281
147966086,12907533438,12.78,36.18279569892473,residential,False,12,147963281
147966086,84554316,76.99,50.0,tertiary,False,18,147963281
147966086,84554312,18.39,50.0,tertiary,False,32,147963281
147967422,6218732453,37.19,36.18279569892473,residential,False,28,147963281
147967422,147967424,46.54,36.18279569892473,residential,False,30,147963281
147967422,6366242125,79.15,36.18279569892473,residential,False,12,147963281
147967424,147967422,46.54,36.18279569892473,residential,False,25,147963281
147967424,301867068,199.1,36.18279569892473,residential,False,24,147963281
147967424,6366242124,167.88,36.18279569892473,residential,False,26,147963281
147969285,301866052,22.73,36.18279569892473,residential,False,21,147963281
147969285,914230712,45.93,36.18279569892473,residential,False,11,147963281
147969285,301858246,111.89,36.18279569892473,residential,False,25,147963281
147969287,6980418762,166.63,36.18279569892473,residential,False,28,147963281
147969287,1782883342,246.13,36.18279569892473,residential,False,15,147963281
147969287,914230712,62.49,36.18279569892473,residential,False,21,147963281
147970116,84558874,13.24,50.0,tertiary,False,15,147963281
147970116,147971467,169.36,36.18279569892473,residential,False,18,147963281
147970116,84554303,74.87,50.0,tertiary,False,34,147963281
147971467,147971470,37.88,36.18279569892473,residential,False,13,147963281
147971467,12704772584,43.89,36.18279569892473,residential,False,28,147963281
147971467,147970116,169.36,36.18279569892473,residential,False,31,147963281
147971470,147971467,37.88,36.18279569892473,residential,False,33,147963281
147971470,147971471,73.9,36.18279569892473,residential,False,13,147963281
147971470,12704772583,79.15,36.18279569892473,residential,False,17,147963281
147971471,301864379,47.45,36.18279569892473,residential,False,33,147963281
147971471,147971470,73.9,36.18279569892473,residential,False,26,147963281
147971471,6958506913,91.8,36.18279569892473,residential,False,10,147963281
147971479,147971484,139.79,36.18279569892473,residential,False,11,147963281
147971479,301864379,102.36,36.18279569892473,residential,False,10,147963281
147971479,11337794869,99.66,36.18279569892473,residential,False,17,147963281
147971484,147971485,26.08,36.18279569892473,residential,False,11,147963281
147971484,147971479,139.79,36.18279569892473,residential,False,25,147963281
147971484,11337794869,57.15,36.18279569892473,residential,False,21,147963281
147971485,147971488,171.06,36.18279569892473,residential,False,22,147963281
147971485,147971484,26.08,36.18279569892473,residential,False,14,147963281
147971485,6370750583,37.69,36.18279569892473,residential,False,15,147963281
147971488,1056303517,39.75,50.0,tertiary,False,11,147963281
147971488,301858454,108.36,50.0,tertiary,False,27,147963281
147971488,147971485,171.06,36.18279569892473,residential,False,35,147963281
147971488,12909505731,72.96,36.18279569892473,residential,False,32,147963281
147974965,147974969,82.63,36.18279569892473,residential,False,33,147963281
147974965,84554289,89.68,36.18279569892473,residential,False,30,147963281
147974965,6184996382,29.61,36.18279569892473,residential,False,23,147963281
147974969,147974975,144.71,36.18279569892473,residential,False,17,147963281
147974969,147974965,82.63,36.18279569892473,residential,False,20,147963281
147974969,147977354,52.68,36.18279569892473,residential,False,17,147963281
147974975,301871457,25.38,36.18279569892473,residential,False,23,147963281
147974975,147974969,144.71,36.18279569892473,residential,False,33,147963281
147974975,147974986,244.6,36.18279569892473,residential,False,20,147963281
147974986,301871271,29.97,36.18279569892473,residential,False,18,147963281
147974986,301871047,88.96,36.18279569892473,residential,False,12,147963281
147974986,147974975,244.6,36.18279569892473,residential,False,28,147963281
147977354,147977359,112.56,36.18279569892473,residential,False,21,147963281
147977354,147974969,52.68,36.18279569892473,residential,False,13,147963281
147977354,301871457,179.0,36.18279569892473,residential,False,26,147963281
147977359,147977361,89.56,36.18279569892473,residential,False,31,147963281
147977359,147977354,112.56,36.18279569892473,residential,False,11,147963281
147977359,6958506925,174.74,36.18279569892473,residential,False,15,147963281
147977359,301871636,36.14,36.18279569892473,residential,False,17,147963281
147977361,147977373,225.18,36.18279569892473,residential,False,35,147963281
147977361,147977359,89.56,36.18279569892473,residential,False,26,147963281
147977361,301871555,215.84,36.18279569892473,residential,False,11,147963281
147977373,301870471,60.4,36.18279569892473,residential,False,22,147963281
147977373,147977361,225.18,36.18279569892473,residential,False,12,147963281
147977373,301870648,36.01,36.18279569892473,residential,False,24,147963281
147992757,6391141165,1177.9,36.18279569892473,residential,False,19,12908641424
147994389,147994404,481.9,36.18279569892473,residential,False,34,12908641424
147994389,6868296407,157.52,36.18279569892473,residential,False,19,12908641424
147994404,147994389,481.9,36.18279569892473,residential,False,20,12908641424
147994404,3051019364,357.05,36.18279569892473,residential,False,12,12908641424
147999045,11401557882,130.02,36.18279569892473,residential,False,27,12908641424
147999045,1333834423,67.27,36.18279569892473,residential,False,24,12908641424
147999045,1326827124,64.71,36.18279569892473,residential,False,10,12908641424
147999052,11189596245,18.61,36.18279569892473,residential,False,21,12908641424
147999052,11401557882,62.32,36.18279569892473,residential,False,16,12908641424
147999052,6879641178,290.06,36.18279569892473,residential,False,19,12908641424
147999061,6222835832,68.78,36.18279569892473,residential,False,28,12908641424
147999061,12908641421,77.67,36.18279569892473,residential,False,35,12908641424
147999061,148002552,23.28,36.18279569892473,residential,False,19,12908641424
147999957,301846415,105.92,36.18279569892473,residential,False,33,12908641424
147999957,82667264,116.08,40.0,tertiary,False,29,12908641424
147999957,82667259,79.83,40.0,tertiary,False,17,12908641424
148001328,301845580,32.45,36.18279569892473,residential,False,24,12908641424
148001328,1326827196,118.32,36.18279569892473,residential,False,21,12908641424
148001328,1334621642,389.54,36.18279569892473,residential,False,28,12908641424
148002552,12843758238,225.01,36.18279569892473,residential,False,25,12908641424
148002552,82667264,163.71,36.18279569892473,residential,False,34,12908641424
148002552,147999061,23.28,36.18279569892473,residential,False,34,12908641424
247071402,8273705765,129.22,36.18279569892473,residential,False,16,90214098
247071402,8273705748,78.46,53.482142857142854,secondary,False,33,90214098
247071402,6913997145,440.41,53.482142857142854,secondary,False,27,90214098
247071451,6914068215,57.19,36.18279569892473,residential,False,34,320981769
247071451,8273683881,157.99,53.482142857142854,secondary,False,35,320981769
247071451,6913997176,393.43,53.482142857142854,secondary,False,17,320981769
247071472,1804727614,78.98,36.18279569892473,residential,False,14,320981769
247071472,247071481,160.49,53.482142857142854,secondary,False,10,320981769
247071472,8273683881,323.32,53.482142857142854,secondary,False,23,320981769
247071481,1474142260,68.33,53.482142857142854,secondary,False,10,320981769
247071481,247071472,160.49,53.482142857142854,secondary,False,17,320981769
247071481,4736783717,368.41,36.18279569892473,residential,False,27,320981769
247264756,83769953,88.13,36.18279569892473,residential,False,21,6185036192
247264756,471179850,159.66,36.18279569892473,residential,False,30,6185036192
247264756,247264758,105.22,36.18279569892473,residential,False,32,6185036192
247264758,6199802353,30.24,36.18279569892473,residential,False,10,6185036192
247264758,6906935173,263.97,36.18279569892473,residential,False,20,6185036192
247264758,247264756,105.22,36.18279569892473,residential,False,10,6185036192
247264760,6907029879,53.2,36.18279569892473,residential,False,34,6185036192
247264760,12786535657,29.95,36.18279569892473,residential,False,31,6185036192
247264760,6199802353,100.45,36.18279569892473,residential,False,22,6185036192
247264991,471179899,22.05,36.18279569892473,residential,False,33,6185036192
247264991,471316491,119.19,36.18279569892473,residential,False,33,6185036192
247264991,471316510,179.7,36.18279569892473,residential,False,19,6185036192
247264994,471316536,5.03,36.18279569892473,residential,False,13,6185036192
247264994,471179897,176.1,36.18279569892473,residential,False,16,6185036192
247264994,471179908,90.92,36.18279569892473,residential,False,26,6185036192
247265007,247265008,45.37,36.18279569892473,residential,False,17,6185036192
247265007,6199802347,344.75,36.18279569892473,residential,False,23,6185036192
247265007,471316465,44.01,36.18279569892473,residential,False,25,6185036192
247265008,247265007,45.37,36.18279569892473,residential,False,11,6185036192
247265008,471180093,33.32,36.18279569892473,residential,False,14,6185036192
247265008,6907029871,409.66,36.18279569892473,residential,False,32,6185036192
247266388,247266397,392.98,36.18279569892473,residential,False,18,6185036192
247266388,11338871136,285.55,36.18279569892473,residential,False,12,6185036192
247266388,6907037713,409.43,36.18279569892473,residential,False,11,6185036192
247266397,471182909,271.0,36.18279569892473,residential,False,17,6185036192
247266397,247266388,392.98,36.18279569892473,residential,False,26,6185036192
247266397,6199759813,488.72,36.18279569892473,residential,False,23,6185036192
253005136,6363700404,193.68,40.0,residential,False,32,93731379
253005136,83720533,294.15,36.18279569892473,residential,False,21,93731379
253005136,6970320274,7.49,30.0,residential,False,24,93731379
253005191,1800317421,60.61,36.18279569892473,residential,False,33,93731379
253005191,83738765,45.39,36.18279569892473,residential,False,12,93731379
253005191,253005222,228.31,36.18279569892473,residential,False,28,93731379
253005222,4860750946,56.66,36.18279569892473,residential,False,13,93731379
253005222,253005191,228.31,36.18279569892473,residential,False,26,93731379
253005222,1800317421,166.4,36.18279569892473,residential,False,14,93731379
254262730,83739415,422.84,36.18279569892473,residential,False,30,82903274
254262730,2006674882,411.98,36.18279569892473,residential,False,22,82903274
254264692,254264694,44.82,36.18279569892473,residential,False,12,320981769
254264692,82651440,18.82,54.67289719626168,primary,False,28,320981769
254264694,254264692,44.82,36.18279569892473,residential,False,28,320981769
254267298,90141965,43.02,36.18279569892473,residential,False,11,82703794
254267342,89060747,61.15,36.18279569892473,residential,False,23,82703794
254267342,78452142,54.15,54.67289719626168,primary,False,31,82703794
254280296,82661659,74.41,44.02390438247012,tertiary,False,14,82668285
254280296,254290090,74.37,36.18279569892473,residential,False,17,82668285
254280296,82661658,65.73,44.02390438247012,tertiary,False,19,82668285
254280492,2018092117,6.69,36.18279569892473,residential,False,18,82668285
254280492,1787617871,195.4,36.18279569892473,residential,False,20,82668285
254280798,1788617454,128.68,36.18279569892473,residential,False,35,82668285
254280798,314640862,281.49,36.18279569892473,residential,False,22,82668285
254280798,82663207,174.66,36.18279569892473,residential,False,32,82668285
254281219,6157489823,101.61,44.02390438247012,tertiary,False,33,82903274
254281219,82624009,65.05,44.02390438247012,tertiary,True,20,82903274
254281219,1800317433,79.68,36.18279569892473,residential,False,20,82903274
254281221,82661933,35.18,36.18279569892473,residential,False,24,82668285
254281221,254281224,94.84,36.18279569892473,residential,False,18,82668285
254281224,82662075,61.67,60.0,secondary,True,17,82668285
254290090,254280296,74.37,36.18279569892473,residential,False,12,82668285
254290090,82661932,64.24,36.18279569892473,residential,False,16,82668285
254290687,9380339028,41.48,60.0,secondary,False,14,82668285
254290687,9380339027,33.23,45.0,unclassified,False,34,82668285
254293585,6958296954,42.85,36.18279569892473,residential,False,34,147963281
254293585,84552782,73.87,60.0,secondary,True,28,147963281
254293585,256386115,938.46,60.0,secondary,False,13,147963281
254293685,6958485888,87.68,36.18279569892473,residential,False,14,12901492583
254293685,254293688,232.83,36.18279569892473,residential,False,13,12901492583
254293685,6958296954,316.54,36.18279569892473,residential,False,15,12901492583
254293688,6958485902,46.33,36.18279569892473,residential,False,24,12901492583
254293688,301857617,152.7,36.18279569892473,residential,False,24,12901492583
254293688,254293685,232.83,36.18279569892473,residential,False,20,12901492583
254293690,6958485895,134.4,36.18279569892473,residential,False,23,12901492583
254293690,6391275021,62.91,36.18279569892473,residential,False,13,12901492583
254293690,12905143410,102.44,36.18279569892473,residential,False,27,12901492583
254293854,301856105,60.81,44.02390438247012,tertiary,False,21,12901492583
254293854,93731105,47.69,44.02390438247012,tertiary,False,34,12901492583
254293854,301856091,232.6,36.18279569892473,residential,False,16,12901492583
254294148,254294150,168.58,36.18279569892473,residential,False,24,147963281
254294148,84554306,84.61,36.18279569892473,residential,False,19,147963281
254294148,6396531968,28.91,36.18279569892473,residential,False,24,147963281
254294150,254294148,168.58,36.18279569892473,residential,False,18,147963281
254295590,2326845073,61.27,36.18279569892473,residential,False,13,93731379
254295590,6970320248,511.56,60.0,secondary,True,12,93731379
254295590,1923856759,23.93,36.18279569892473,residential,True,15,93731379
254311379,89023505,45.1,36.18279569892473,residential,False,35,256619924
254311379,2101754526,110.67,36.18279569892473,residential,False,31,256619924
254311384,1800317456,25.73,44.02390438247012,tertiary,False,19,320981769
254311384,82641152,109.98,44.02390438247012,tertiary,False,32,320981769
254311395,6166982432,55.27,36.18279569892473,residential,False,32,320981769
254311395,686454269,97.36,36.18279569892473,residential,False,29,320981769
254311395,6166982439,31.19,36.18279569892473,residential,False,11,320981769
254311399,89042454,11.33,36.18279569892473,residential,False,16,320981769
254311399,6391921078,45.82,36.18279569892473,residential,False,20,320981769
254311399,254991027,42.72,36.18279569892473,residential,False,14,320981769
254312439,6190850825,28.68,36.18279569892473,residential,False,12,6190850825
254312439,254972798,66.08,30.0,residential,False,32,6190850825
254312442,10769086323,103.07,30.0,residential,False,17,6190850825
254312727,6199033616,17.78,44.02390438247012,tertiary,False,21,320981769
254312727,254312733,97.63,36.18279569892473,residential,False,22,320981769
254312727,89038869,72.49,44.02390438247012,tertiary,False,26,320981769
254312727,12735642218,39.53,36.18279569892473,residential,False,11,320981769
254312733,302341641,93.89,36.18279569892473,residential,False,31,320981769
254312733,254312727,97.63,36.18279569892473,residential,False,19,320981769
254312733,12735642210,33.78,36.18279569892473,residential,False,18,320981769
254313294,89039299,41.53,44.02390438247012,tertiary,False,15,256619924
254313294,82643724,174.4,36.18279569892473,residential,False,10,256619924
254313294,254313302,85.88,44.02390438247012,tertiary,False,22,256619924
254313301,254313302,112.85,36.18279569892473,residential,False,24,256619924
254313302,254313301,112.85,36.18279569892473,residential,False,27,256619924
254313302,82908411,167.24,44.02390438247012,tertiary,False,33,256619924
254313302,254313294,85.88,44.02390438247012,tertiary,False,27,256619924
254313929,302335525,165.11,36.18279569892473,residential,False,17,256619924
254313929,254313932,89.61,36.18279569892473,residential,False,13,256619924
254313932,82644698,129.8,40.0,residential,False,24,256619924
254313932,6394763781,118.09,40.0,residential,False,13,256619924
254314192,4942281585,26.73,36.18279569892473,residential,False,35,256619924
254314192,6199033596,14.66,36.18279569892473,residential,False,35,256619924
254314192,254314195,155.27,36.18279569892473,residential,False,14,256619924
254314195,254314192,155.27,36.18279569892473,residential,False,13,256619924
254314195,12886684760,127.45,36.18279569892473,residential,False,10,256619924
254314195,4942281582,38.57,36.18279569892473,residential,False,11,256619924
254315020,254315236,40.84,30.0,residential,False,34,256619924
254315020,2808791884,27.0,36.18279569892473,residential,False,17,256619924
254315020,302331462,211.35,36.18279569892473,residential,False,14,256619924
254315236,254315237,29.67,44.02390438247012,tertiary,False,16,256619924
254315236,2070717358,88.84,30.0,tertiary,False,22,256619924
254315236,254315020,40.84,30.0,residential,False,21,256619924
254315237,6394358407,7.33,36.18279569892473,residential,False,31,256619924
254315237,3105399696,502.39,44.02390438247012,tertiary,False,30,256619924
254315237,254315236,29.67,44.02390438247012,tertiary,False,30,256619924
254315246,4683526953,17.77,44.02390438247012,tertiary,False,12,256619924
254315246,12887945146,159.2,30.0,tertiary,False,28,256619924
254315246,3104012022,129.02,36.18279569892473,residential,False,28,256619924
254316770,82908420,183.31,44.02390438247012,tertiary,False,18,320981769
254316770,82908411,62.89,44.02390438247012,tertiary,False,12,320981769
254316770,6397130477,28.34,45.0,unclassified,False,10,320981769
254316810,254316813,66.84,45.0,unclassified,False,12,320981769
254316810,6397130477,77.47,45.0,unclassified,False,16,320981769
254316810,302340419,286.45,36.18279569892473,residential,False,30,320981769
254316813,254316817,146.14,45.0,unclassified,False,24,320981769
254316813,254316810,66.84,45.0,unclassified,False,35,320981769
254316813,302340738,180.97,36.18279569892473,residential,False,14,320981769
254316817,6171727481,13.3,45.0,unclassified,False,12,320981769
254316817,254316813,146.14,45.0,unclassified,False,35,320981769
254316817,12887112994,35.43,36.18279569892473,residential,False,20,320981769
254316820,254317068,137.9,45.0,unclassified,False,13,320981769
254316820,6171727481,94.19,45.0,unclassified,False,11,320981769
254316820,6913838058,177.55,36.18279569892473,residential,False,24,320981769
254317068,2728449052,697.66,45.0,unclassified,False,11,320981769
254317068,254316820,137.9,45.0,unclassified,False,15,320981769
254317068,1130894663,174.74,36.18279569892473,residential,False,28,320981769
254317913,9191155714,70.09,40.0,tertiary,False,23,256619924
254317913,89017423,106.11,40.0,tertiary,True,33,256619924
254317913,254317940,163.16,36.18279569892473,residential,False,22,256619924
254317940,89017423,190.83,36.18279569892473,residential,True,25,82703794
254317940,254318104,75.25,36.18279569892473,residential,False,10,82703794
254318104,254317940,75.25,36.18279569892473,residential,False,22,82703794
254318577,6394877410,32.84,44.02390438247012,tertiary,True,31,256619924
254318577,254318578,46.44,51.36889705201475,tertiary_link,False,23,256619924
254318577,82646185,27.6,44.02390438247012,tertiary,False,15,256619924
254318578,6394898052,12.35,36.18279569892473,residential,False,21,256619924
254319245,82657806,17.02,36.18279569892473,residential,False,16,256619924
254319245,90236906,185.49,36.18279569892473,residential,False,15,256619924
254319245,82656867,47.25,36.18279569892473,residential,False,18,256619924
254348299,2331790889,53.94,54.67289719626168,primary,False,18,82703794
254348821,254348299,48.59,54.67289719626168,primary,False,24,320981769
254348821,12899863395,53.52,36.18279569892473,residential,False,14,320981769
254348880,12899863395,13.76,36.18279569892473,residential,False,11,320981769
254349044,82651436,30.37,44.02390438247012,tertiary,False,29,82703794
254349044,254349047,85.85,36.18279569892473,residential,False,29,82703794
254349047,89049605,189.28,36.18279569892473,residential,False,29,82703794
254349047,89050303,62.05,36.18279569892473,residential,False,17,82703794
254349412,89050514,38.98,44.02390438247012,tertiary,False,30,320981769
254349412,471413141,166.32,36.18279569892473,residential,False,19,320981769
254349586,254349588,98.15,36.18279569892473,residential,False,25,320981769
254349588,82641909,11.94,44.02390438247012,tertiary,False,23,320981769
254349588,254349586,98.15,36.18279569892473,residential,False,27,320981769
254964591,254281221,87.16,36.18279569892473,residential,False,25,82668285
254964591,82661960,63.58,36.18279569892473,residential,False,11,82668285
254964591,86041908,88.33,36.18279569892473,residential,False,12,82668285
254971816,82702451,12.24,36.18279569892473,residential,False,18,320981769
254971816,82626265,138.33,36.18279569892473,residential,False,22,320981769
254972783,254972798,148.05,36.18279569892473,residential,False,14,6190850825
254972783,254312442,91.06,36.18279569892473,residential,False,23,6190850825
254972798,254312442,48.95,30.0,residential,False,16,6190850825
254972798,254972783,148.05,36.18279569892473,residential,False,30,6190850825
254978262,254979328,70.16,36.18279569892473,residential,False,35,320981769
254978262,254980460,92.01,36.18279569892473,residential,False,26,320981769
254978262,256899482,266.09,36.18279569892473,residential,False,17,320981769
254978262,256898208,134.8,36.18279569892473,residential,False,30,320981769
254978265,254986652,26.61,44.02390438247012,tertiary,False,35,320981769
254978265,254980460,51.73,36.18279569892473,residential,False,27,320981769
254978265,254987427,99.8,44.02390438247012,tertiary,False,35,320981769
254979328,254978262,70.16,36.18279569892473,residential,False,10,320981769
254979328,254987427,39.42,44.02390438247012,tertiary,False,22,320981769
254979328,82911083,147.09,44.02390438247012,tertiary,False,35,320981769
254980460,254978265,51.73,36.18279569892473,residential,False,32,320981769
254980460,254978262,92.01,36.18279569892473,residential,False,21,320981769
254980460,254980639,79.18,36.18279569892473,residential,False,25,320981769
254980639,256898208,62.96,36.18279569892473,residential,False,27,320981769
254980639,254980460,79.18,36.18279569892473,residential,False,35,320981769
254980639,256897859,42.55,36.18279569892473,residential,False,25,320981769
254983068,6354554756,10.73,36.18279569892473,residential,False,21,320981769
254983068,254983070,119.93,36.18279569892473,residential,False,28,320981769
254983068,2445839979,63.05,36.18279569892473,residential,False,26,320981769
254983070,254983068,119.93,36.18279569892473,residential,False,20,320981769
254983860,254983862,66.86,36.18279569892473,residential,False,22,320981769
254983860,254984539,188.43,20.0,"['living_street', 'residential']",False,18,320981769
254983860,254986071,79.72,36.18279569892473,residential,False,15,320981769
254983862,254986289,69.53,36.18279569892473,residential,False,10,320981769
254983862,254983860,66.86,36.18279569892473,residential,False,20,320981769
254983862,254985650,198.84,36.18279569892473,residential,False,29,320981769
254984539,82911039,249.65,36.18279569892473,residential,False,17,320981769
254984539,89044972,197.3,36.18279569892473,residential,False,10,320981769
254984539,254983860,188.43,20.0,"['living_street', 'residential']",False,35,320981769
254985081,8264730602,66.92,44.02390438247012,tertiary,False,34,320981769
254985081,82702463,146.53,44.02390438247012,tertiary,False,18,320981769
254985081,254986071,151.1,36.18279569892473,residential,False,11,320981769
254985568,254988085,73.33,36.18279569892473,residential,False,35,320981769
254985568,254986289,54.99,36.18279569892473,residential,False,25,320981769
254985568,254985570,60.56,36.18279569892473,residential,False,26,320981769
254985568,254993699,69.64,36.18279569892473,residential,False,21,320981769
254985570,254988565,63.19,36.18279569892473,residential,False,34,320981769
254985570,254987339,85.04,36.18279569892473,residential,False,28,320981769
254985570,254985568,60.56,36.18279569892473,residential,False,17,320981769
254985650,82702475,16.59,44.02390438247012,tertiary,False,15,320981769
254985650,8264730602,72.0,44.02390438247012,tertiary,False,13,320981769
254986070,254986071,18.31,36.18279569892473,residential,False,17,320981769
254986071,254986070,18.31,36.18279569892473,residential,False,31,320981769
254986071,254985081,151.1,36.18279569892473,residential,False,17,320981769
254986071,254983860,79.72,36.18279569892473,residential,False,18,320981769
254986217,254986652,64.83,44.02390438247012,tertiary,False,27,320981769
254986217,82702475,57.53,44.02390438247012,tertiary,False,35,320981769
254986217,254987756,83.3,36.18279569892473,residential,False,33,320981769
254986217,256897587,54.13,36.18279569892473,residential,False,11,320981769
254986289,254987756,84.58,36.18279569892473,residential,False,34,320981769
254986289,254983862,69.53,36.18279569892473,residential,False,17,320981769
254986289,254985568,54.99,36.18279569892473,residential,False,28,320981769
254986397,254993699,48.14,36.18279569892473,residential,False,35,320981769
254986652,254978265,26.61,44.02390438247012,tertiary,False,22,320981769
254986652,254986217,64.83,44.02390438247012,tertiary,False,21,320981769
254986652,256897859,98.91,36.18279569892473,residential,False,15,320981769
254987339,254985570,85.04,36.18279569892473,residential,False,15,320981769
254987427,254979328,39.42,44.02390438247012,tertiary,False,17,320981769
254987427,254978265,99.8,44.02390438247012,tertiary,False,28,320981769
254987427,254988565,64.79,36.18279569892473,residential,False,20,320981769
254987756,254986289,84.58,36.18279569892473,residential,False,35,320981769
254987756,254988085,54.57,36.18279569892473,residential,False,33,320981769
254987756,254986217,83.3,36.18279569892473,residential,False,32,320981769
254988085,254985568,73.33,36.18279569892473,residential,False,21,320981769
254988085,254987756,54.57,36.18279569892473,residential,False,28,320981769
254988085,254988565,55.88,36.18279569892473,residential,False,10,320981769
254988565,254985570,63.19,36.18279569892473,residential,False,32,320981769
254988565,254987427,64.79,36.18279569892473,residential,False,32,320981769
254988565,254988085,55.88,36.18279569892473,residential,False,21,320981769
254989035,89044971,74.09,36.18279569892473,residential,False,28,320981769
254989073,254989349,26.79,36.18279569892473,residential,False,28,320981769
254989349,254989351,49.58,36.18279569892473,residential,False,14,320981769
254989349,254989073,26.79,36.18279569892473,residential,False,28,320981769
254989349,254989724,130.14,36.18279569892473,residential,False,16,320981769
254989351,254989724,174.58,36.18279569892473,residential,False,35,320981769
254989351,89045081,172.53,36.18279569892473,residential,False,25,320981769
254989351,254989352,39.04,36.18279569892473,residential,False,27,320981769
254989351,254989349,49.58,36.18279569892473,residential,False,19,320981769
254989352,89045316,84.58,36.18279569892473,residential,False,15,320981769
254989352,254989351,39.04,36.18279569892473,residential,False,25,320981769
254989352,89042226,23.42,36.18279569892473,residential,False,11,320981769
254989724,254989349,130.14,36.18279569892473,residential,False,12,320981769
254989724,254989351,174.58,36.18279569892473,residential,False,11,320981769
254989724,89047153,90.17,36.18279569892473,residential,False,17,320981769
254990421,7864807051,25.64,44.02390438247012,tertiary,False,29,320981769
254990421,6354459865,43.41,36.18279569892473,residential,False,17,320981769
254990421,82702463,64.33,44.02390438247012,tertiary,False,10,320981769
254991018,739119192,153.44,36.18279569892473,residential,False,26,320981769
254991018,89045316,67.17,36.18279569892473,residential,False,25,320981769
254991018,254991027,75.89,20.0,living_street,False,10,320981769
254991027,89043015,221.78,36.18279569892473,residential,False,20,320981769
254991027,254311399,42.72,36.18279569892473,residential,False,29,320981769
254991027,254991018,75.89,20.0,living_street,False,16,320981769
254992102,89045666,117.8,36.18279569892473,residential,False,35,320981769
254992102,1382532387,139.62,44.02390438247012,tertiary,False,14,320981769
254992102,89045668,66.6,44.02390438247012,tertiary,False,20,320981769
254993699,254986397,48.14,36.18279569892473,residential,False,32,320981769
254993699,254994551,58.09,36.18279569892473,residential,False,15,320981769
254993699,254985568,69.64,36.18279569892473,residential,False,35,320981769
254994395,254994555,116.12,36.18279569892473,residential,False,20,320981769
254994395,82911080,135.28,44.02390438247012,tertiary,False,11,320981769
254994395,82911076,97.64,44.02390438247012,tertiary,False,10,320981769
254994551,254994844,227.72,36.18279569892473,residential,False,14,320981769
254994551,254993699,58.09,36.18279569892473,residential,False,28,320981769
254994551,82911083,292.69,36.18279569892473,residential,False,32,320981769
254994555,82911049,197.31,36.18279569892473,residential,False,14,320981769
254994555,254994561,170.44,36.18279569892473,residential,False,34,320981769
254994555,254994395,116.12,36.18279569892473,residential,False,13,320981769
254994561,254994555,170.44,36.18279569892473,residential,False,26,320981769
254994844,254994551,227.72,36.18279569892473,residential,False,21,320981769
254994844,254995115,194.01,36.18279569892473,residential,False,12,320981769
254994844,254994849,124.45,36.18279569892473,residential,False,21,320981769
254994849,82911049,372.98,44.02390438247012,tertiary,False,32,320981769
254994849,254994844,124.45,36.18279569892473,residential,False,31,320981769
254994849,82911041,45.7,44.02390438247012,tertiary,False,22,320981769
254995115,254994844,194.01,36.18279569892473,residential,False,28,320981769
254999268,89028253,85.98,44.02390438247012,tertiary,False,13,256619924
254999268,254999884,31.5,44.02390438247012,tertiary,False,20,256619924
254999268,82658902,425.52,36.18279569892473,residential,False,19,256619924
254999884,5349190045,8.77,44.02390438247012,tertiary,False,20,256619924
254999884,254999268,31.5,44.02390438247012,tertiary,False,14,256619924
254999884,255000072,150.85,36.18279569892473,residential,False,15,256619924
255000072,302336819,482.09,40.0,residential,False,33,256619924
255000072,82643736,68.77,40.0,residential,False,23,256619924
255000072,254999884,150.85,36.18279569892473,residential,False,35,256619924
256372168,256618995,74.69,36.18279569892473,residential,False,30,320981769
256372413,4707301860,24.63,36.18279569892473,residential,False,25,82703794
256372413,10958282479,104.23,36.18279569892473,residential,False,30,82703794
256374890,5300892942,74.13,36.18279569892473,residential,False,20,82703794
256374890,82703379,74.62,44.02390438247012,tertiary,False,15,82703794
256375134,89020140,162.37,36.18279569892473,residential,False,32,256619924
256384975,256385539,96.58,36.18279569892473,residential,False,27,11253757267
256384975,83720668,125.13,36.18279569892473,residential,False,32,11253757267
256384975,12901277199,106.39,36.18279569892473,residential,False,29,11253757267
256384975,257397255,49.03,36.18279569892473,residential,False,35,11253757267
256385076,82898904,70.07,36.18279569892473,residential,False,21,11253757267
256385076,256386823,83.82,36.18279569892473,residential,False,17,11253757267
256385076,256385098,102.76,36.18279569892473,residential,False,31,11253757267
256385098,256385076,102.76,36.18279569892473,residential,False,28,11253757267
256385439,2491229643,67.59,36.18279569892473,residential,False,15,11253757267
256385439,12901333921,125.95,36.18279569892473,residential,False,22,11253757267
256385439,82898903,129.04,36.18279569892473,residential,False,19,11253757267
256385439,6967286699,258.28,36.18279569892473,residential,False,33,11253757267
256385475,82898903,65.28,36.18279569892473,residential,False,32,11253757267
256385475,256385506,71.8,36.18279569892473,residential,False,19,11253757267
256385475,256385506,256.88,36.18279569892473,residential,False,14,11253757267
256385506,256385475,71.8,36.18279569892473,residential,False,15,11253757267
256385506,256385475,256.88,36.18279569892473,residential,False,33,11253757267
256385506,83720668,96.09,36.18279569892473,residential,False,10,11253757267
256385539,256385540,102.14,36.18279569892473,residential,False,32,11253757267
256385539,256384975,96.58,36.18279569892473,residential,False,28,11253757267
256385539,2491229643,70.0,36.18279569892473,residential,False,22,11253757267
256385540,256385539,102.14,36.18279569892473,residential,False,34,11253757267
256385659,256386823,54.06,36.18279569892473,residential,False,28,11253757267
256385659,82898903,57.2,36.18279569892473,residential,False,11,11253757267
256385659,6975369172,81.86,36.18279569892473,residential,False,15,11253757267
256385901,256385992,18.09,36.18279569892473,residential,False,29,93731379
256385933,6363680251,9.53,36.18279569892473,residential,False,20,11253757267
256385933,82900294,81.29,36.18279569892473,residential,False,35,11253757267
256385933,256385936,78.25,36.18279569892473,residential,False,29,11253757267
256385936,256385941,85.85,36.18279569892473,residential,False,17,11253757267
256385936,257397255,46.9,36.18279569892473,residential,False,30,11253757267
256385936,256385933,78.25,36.18279569892473,residential,False,28,11253757267
256385941,256385992,72.41,36.18279569892473,residential,False,13,93731379
256385941,12901333938,29.93,36.18279569892473,residential,False,25,93731379
256385941,256385936,85.85,36.18279569892473,residential,False,14,93731379
256385941,82900294,62.53,36.18279569892473,residential,False,20,93731379
256385979,256385992,89.0,36.18279569892473,residential,False,33,11253757267
256385979,257397255,31.62,36.18279569892473,residential,False,12,11253757267
256385979,4944810105,42.44,36.18279569892473,residential,False,17,11253757267
256385992,256385941,72.41,36.18279569892473,residential,False,21,93731379
256385992,256385901,18.09,36.18279569892473,residential,False,20,93731379
256385992,12901333939,30.8,36.18279569892473,residential,False,15,93731379
256385992,256385979,89.0,36.18279569892473,residential,False,30,93731379
256386115,93731215,67.78,60.0,secondary,False,12,147963281
256386115,301855035,26.35,36.18279569892473,residential,False,32,147963281
256386115,254293585,938.46,60.0,secondary,False,31,147963281
256386120,12905143417,154.83,36.18279569892473,residential,False,30,147963281
256386823,256385659,54.06,36.18279569892473,residential,False,33,11253757267
256386823,256385076,83.82,36.18279569892473,residential,False,20,11253757267
256386823,257396571,34.93,36.18279569892473,residential,False,24,11253757267
256387398,1945100189,68.41,36.18279569892473,residential,False,10,93731379
256387398,11038287702,104.75,36.18279569892473,residential,False,18,93731379
256387398,6970320274,301.59,30.0,residential,False,16,93731379
256387447,11038287702,23.03,36.18279569892473,residential,False,17,93731379
256388596,83720533,231.19,36.18279569892473,residential,False,32,93731379
256390144,90311903,271.72,36.18279569892473,residential,True,12,11253757267
256390144,256390154,130.65,36.18279569892473,residential,True,21,11253757267
256390154,78451997,271.21,60.0,secondary,False,18,11253757267
256390154,256390144,130.65,36.18279569892473,residential,False,35,11253757267
256391294,257398412,93.27,36.18279569892473,residential,False,13,93731379
256391639,83719739,45.15,36.18279569892473,residential,False,33,93731379
256391645,256391639,241.34,36.18279569892473,residential,False,10,82903274
256391645,256391659,52.25,36.18279569892473,residential,False,11,82903274
256391645,2643655448,33.62,36.18279569892473,residential,False,22,82903274
256391659,256391660,71.62,36.18279569892473,residential,False,24,82903274
256391659,256391645,52.25,36.18279569892473,residential,False,33,82903274
256391659,256391667,102.73,36.18279569892473,residential,False,23,82903274
256391660,256391659,71.62,36.18279569892473,residential,False,15,82903274
256391667,256391812,14.75,36.18279569892473,residential,False,23,82903274
256391667,256391911,73.19,36.18279569892473,residential,False,25,82903274
256391667,256391659,102.73,36.18279569892473,residential,False,22,82903274
256391812,256391667,14.75,36.18279569892473,residential,False,21,82903274
256391812,256391815,64.45,36.18279569892473,residential,False,27,82903274
256391812,11262691002,113.65,36.18279569892473,residential,False,22,82903274
256391815,256391812,64.45,36.18279569892473,residential,False,13,82903274
256391911,256391667,73.19,36.18279569892473,residential,False,25,82903274
256392460,1566947303,21.91,50.0,residential,False,35,11346035713
256392460,256392837,162.02,50.0,residential,False,28,11346035713
256392460,1566951685,70.69,36.18279569892473,residential,False,30,11346035713
256392837,1067800966,87.85,30.0,residential,False,34,93731379
256392837,1067800966,211.67,36.18279569892473,residential,False,31,93731379
256392837,256392460,162.02,50.0,residential,False,17,93731379
256392915,1067800966,31.39,30.0,residential,False,15,93731379
256392915,1567018193,69.19,36.18279569892473,residential,False,24,93731379
256392915,60969632,153.52,30.0,residential,True,12,93731379
256393585,256393588,124.6,36.18279569892473,residential,False,35,11346035713
256393585,3933719960,457.0,36.18279569892473,residential,False,11,11346035713
256393585,256393699,49.93,36.18279569892473,residential,False,19,11346035713
256393588,256393585,124.6,36.18279569892473,residential,False,10,11346035713
256393631,3933719962,195.02,36.18279569892473,residential,False,20,11346035713
256393699,60969445,161.78,36.18279569892473,residential,False,18,11346035713
256393699,256393585,49.93,36.18279569892473,residential,False,13,11346035713
256393699,256393789,127.72,36.18279569892473,residential,False,12,11346035713
256393789,256393699,127.72,36.18279569892473,residential,False,20,11346035713
256393884,256393885,154.36,36.18279569892473,residential,False,15,11346035713
256393884,83724443,91.77,36.18279569892473,residential,False,22,11346035713
256393885,1800317407,111.83,36.18279569892473,residential,False,15,11346035713
256393885,256393884,154.36,36.18279569892473,residential,False,33,11346035713
256393885,256393884,223.47,36.18279569892473,residential,False,12,11346035713
256394594,12909614309,83.36,36.18279569892473,residential,False,27,11346035713
256394594,316056928,87.16,36.18279569892473,residential,False,12,11346035713
256394594,6868194838,76.76,36.18279569892473,residential,False,20,11346035713
256394596,12909614309,21.63,36.18279569892473,residential,False,29,11346035713
256394596,11172142589,15.09,60.0,primary,False,29,11346035713
256394596,12909614313,53.59,60.0,primary,False,25,11346035713
256394693,6879657451,37.23,36.18279569892473,residential,False,32,11346035713
256394693,60969237,11.97,36.18279569892473,residential,True,10,11346035713
256394693,256394694,214.35,36.18279569892473,residential,False,23,11346035713
256394694,256394751,22.22,36.18279569892473,residential,False,30,11346035713
256394694,256394696,170.38,36.18279569892473,residential,False,15,11346035713
256394694,256394693,214.35,36.18279569892473,residential,False,29,11346035713
256394696,83731207,47.04,36.18279569892473,residential,False,23,11346035713
256394696,256394694,170.38,36.18279569892473,residential,False,15,11346035713
256394696,12907523385,40.85,36.18279569892473,residential,False,11,11346035713
256394699,6191116119,14.51,36.18279569892473,residential,False,13,11346035713
256394699,6879877002,152.57,36.18279569892473,residential,False,20,11346035713
256394699,6191116130,57.58,36.18279569892473,residential,False,16,11346035713
256394751,256394694,22.22,36.18279569892473,residential,False,16,11346035713
256394751,256394757,219.97,36.18279569892473,residential,False,23,11346035713
256394751,6879987095,67.7,36.18279569892473,residential,False,32,11346035713
256394757,256394758,16.47,36.18279569892473,residential,False,27,11346035713
256394757,6879987095,268.1,36.18279569892473,residential,False,33,11346035713
256394757,256394751,219.97,36.18279569892473,residential,False,33,11346035713
256394758,256394757,16.47,36.18279569892473,residential,False,27,11346035713
256396716,90218748,110.39,40.0,secondary,False,18,90214098
256396716,90202355,129.51,40.0,secondary,False,31,90214098
256396716,82625222,148.93,50.0,residential,False,19,90214098
256595127,256595153,421.4,36.18279569892473,residential,False,19,82903274
256595127,82903741,213.17,36.18279569892473,residential,False,17,82903274
256595153,256595154,9.67,36.18279569892473,residential,False,13,82903274
256595153,256595127,421.4,36.18279569892473,residential,False,11,82903274
256595153,256595228,104.64,36.18279569892473,residential,False,22,82903274
256595154,256595153,9.67,36.18279569892473,residential,False,28,82903274
256595154,33222648,205.83,54.67289719626168,primary,True,27,82903274
256595154,13204877868,427.42,54.67289719626168,primary,False,25,82903274
256595228,256595153,104.64,36.18279569892473,residential,False,14,82903274
256595228,3241793583,75.91,36.18279569892473,residential,False,11,82903274
256595228,3241796534,86.0,36.18279569892473,residential,False,21,82903274
256618680,89040901,47.53,44.02390438247012,tertiary,False,10,256619924
256618680,256619118,46.02,44.02390438247012,tertiary,False,23,256619924
256618680,89052421,15.6,44.02390438247012,tertiary,False,12,256619924
256618775,256618995,34.34,44.02390438247012,tertiary,False,19,320981769
256618775,2988333163,113.31,44.02390438247012,tertiary,False,31,320981769
256618995,6166982920,14.87,44.02390438247012,tertiary,False,30,320981769
256618995,256618775,34.34,44.02390438247012,tertiary,False,29,320981769
256618995,256372168,74.69,36.18279569892473,residential,False,25,320981769
256619118,89041024,56.03,36.18279569892473,residential,False,16,320981769
256619118,256619172,86.62,44.02390438247012,tertiary,False,13,320981769
256619118,256618680,46.02,44.02390438247012,tertiary,False,10,320981769
256619172,256619118,86.62,44.02390438247012,tertiary,False,16,320981769
256619172,6168959856,123.09,36.18279569892473,residential,False,15,320981769
256619172,2988333163,69.55,44.02390438247012,tertiary,False,30,320981769
256619288,320978530,66.43,36.18279569892473,residential,False,19,256619924
256619288,6166982920,229.58,36.18279569892473,residential,False,12,256619924
256619288,2566039853,89.13,36.18279569892473,residential,False,25,256619924
256619907,82645957,103.87,44.02390438247012,tertiary,False,13,256619924
256619907,89023253,73.48,44.02390438247012,tertiary,False,19,256619924
256619907,256619924,116.39,30.0,residential,False,35,256619924
256619924,89023928,61.48,36.18279569892473,residential,False,22,256619924
256619924,1914243302,194.85,36.18279569892473,residential,False,25,256619924
256619924,256619907,116.39,30.0,residential,False,25,256619924
256619961,1914243302,95.65,30.0,residential,False,31,256619924
256619961,89023304,104.27,36.18279569892473,residential,False,18,256619924
256619961,82646185,242.02,36.18279569892473,residential,False,12,256619924
256620279,12898570864,65.72,50.0,primary,False,30,256619924
256620279,82664077,211.17,50.0,primary,False,27,256619924
256620279,6399099089,155.7,36.18279569892473,residential,False,22,256619924
256756145,12901375918,10.8,36.18279569892473,residential,False,15,82903274
256756145,256756209,70.56,36.18279569892473,residential,False,21,82903274
256756209,256756145,70.56,36.18279569892473,residential,False,22,82903274
256756209,93693055,139.36,36.18279569892473,residential,False,21,82903274
256756598,256756599,52.57,36.18279569892473,residential,False,15,82686004
256756598,83741126,127.21,36.18279569892473,residential,False,24,82686004
256756598,256756610,83.88,36.18279569892473,residential,False,11,82686004
256756599,256756598,52.57,36.18279569892473,residential,False,18,82686004
256756610,93736213,159.05,36.18279569892473,residential,False,24,82686004
256756610,256756598,83.88,36.18279569892473,residential,False,24,82686004
256756610,11142826539,82.83,36.18279569892473,residential,False,18,82686004
256757168,256757457,91.98,36.18279569892473,residential,False,17,82903274
256757168,39621239,27.65,36.18279569892473,residential,False,18,82903274
256757168,1372065638,86.08,36.18279569892473,residential,False,28,82903274
256757168,4745320164,179.9,36.18279569892473,residential,False,11,82903274
256757208,6865000541,30.53,36.18279569892473,residential,False,14,82903274
256757208,256757525,142.43,36.18279569892473,residential,False,34,82903274
256757208,4749469080,85.9,36.18279569892473,residential,False,32,82903274
256757457,256757862,51.51,36.18279569892473,residential,False,31,82903274
256757457,256757168,91.98,36.18279569892473,residential,False,13,82903274
256757457,12889912192,115.91,36.18279569892473,residential,False,12,82903274
256757525,256757208,142.43,36.18279569892473,residential,False,31,82686004
256757525,256757665,106.53,36.18279569892473,residential,False,21,82686004
256757525,93692703,62.54,36.18279569892473,residential,False,35,82686004
256757647,4745320164,234.2,36.18279569892473,residential,False,27,82903274
256757665,256757666,25.41,36.18279569892473,residential,False,23,82686004
256757665,256757525,106.53,36.18279569892473,residential,False,34,82686004
256757665,1372037167,37.53,36.18279569892473,residential,False,28,82686004
256757666,83741126,91.96,36.18279569892473,residential,False,17,82686004
256757666,93692703,66.8,36.18279569892473,residential,False,27,82686004
256757862,83741273,10.77,36.18279569892473,residential,True,11,82903274
256757862,83741790,175.23,36.18279569892473,residential,False,22,82903274
256757862,256757457,51.51,36.18279569892473,residential,False,26,82903274
256757878,9332976323,75.66,36.18279569892473,residential,False,23,82903274
256757878,82903741,34.23,36.18279569892473,residential,False,27,82903274
256758029,256758033,169.71,36.18279569892473,residential,False,31,82903274
256758029,93693054,102.52,36.18279569892473,residential,False,25,82903274
256758033,256758029,169.71,36.18279569892473,residential,False,28,82903274
256759280,6376398512,41.28,36.18279569892473,residential,False,17,82686004
256759280,93736233,77.89,36.18279569892473,residential,False,25,82686004
256759280,256759282,47.71,36.18279569892473,residential,False,19,82686004
256759282,6360811548,7.64,36.18279569892473,residential,False,12,82686004
256759282,93736232,52.95,36.18279569892473,residential,False,22,82686004
256759282,256759280,47.71,36.18279569892473,residential,False,32,82686004
256759939,93736208,369.74,36.18279569892473,residential,False,11,82686004
256759939,388278111,217.37,36.18279569892473,residential,False,26,82686004
256759939,6355421110,164.1,36.18279569892473,residential,False,28,82686004
256895599,2331790889,76.4,36.18279569892473,residential,False,26,82703794
256895943,1800317456,107.42,44.02390438247012,tertiary,False,35,320981769
256896217,256896218,23.23,36.18279569892473,residential,False,28,320981769
256896218,256896217,23.23,36.18279569892473,residential,False,31,320981769
256896218,6166982466,11.31,44.02390438247012,tertiary,False,29,320981769
256896218,12901260692,218.1,44.02390438247012,tertiary,False,14,320981769
256896804,4721171417,141.43,36.18279569892473,residential,False,13,320981769
256896804,256896956,369.73,36.18279569892473,residential,False,34,320981769
256896804,5159455009,190.46,36.18279569892473,residential,False,24,320981769
256896956,256896804,369.73,36.18279569892473,residential,False,15,320981769
256896956,2958286623,90.66,36.18279569892473,residential,False,15,320981769
256896956,93756503,42.25,36.18279569892473,residential,False,16,320981769
256897290,256897294,47.63,36.18279569892473,residential,False,35,320981769
256897294,256898637,61.75,36.18279569892473,residential,False,16,320981769
256897294,256897290,47.63,36.18279569892473,residential,False,14,320981769
256897294,2958286623,314.21,36.18279569892473,residential,False,11,320981769
256897587,256898637,51.47,36.18279569892473,residential,False,23,320981769
256897587,254986217,54.13,36.18279569892473,residential,False,12,320981769
256897587,256897631,177.07,36.18279569892473,residential,False,31,320981769
256897631,256897587,177.07,36.18279569892473,residential,False,23,320981769
256897859,256897860,82.54,36.18279569892473,residential,False,16,320981769
256897859,254986652,98.91,36.18279569892473,residential,False,30,320981769
256897859,254980639,42.55,36.18279569892473,residential,False,14,320981769
256897860,256897859,82.54,36.18279569892473,residential,False,29,320981769
256897860,256898184,89.64,36.18279569892473,residential,False,18,320981769
256897860,256898573,63.53,36.18279569892473,residential,False,20,320981769
256897990,2989369696,19.97,36.18279569892473,residential,False,33,320981769
256897990,256898184,30.62,36.18279569892473,residential,False,35,320981769
256897990,2958286623,285.83,36.18279569892473,residential,False,12,320981769
256898159,256898573,93.92,36.18279569892473,residential,False,12,320981769
256898159,7866659895,89.91,36.18279569892473,residential,False,22,320981769
256898159,256898184,26.57,36.18279569892473,residential,False,27,320981769
256898184,256897860,89.64,36.18279569892473,residential,False,22,320981769
256898184,256898159,26.57,36.18279569892473,residential,False,27,320981769
256898184,256897990,30.62,36.18279569892473,residential,False,20,320981769
256898208,256899480,33.78,36.18279569892473,residential,False,18,320981769
256898208,254978262,134.8,36.18279569892473,residential,False,26,320981769
256898208,254980639,62.96,36.18279569892473,residential,False,24,320981769
256898573,256898159,93.92,36.18279569892473,residential,False,10,320981769
256898573,256899480,37.22,36.18279569892473,residential,False,35,320981769
256898573,256897860,63.53,36.18279569892473,residential,False,32,320981769
256898637,256897294,61.75,36.18279569892473,residential,False,29,320981769
256898637,256897587,51.47,36.18279569892473,residential,False,28,320981769
256898637,256898638,112.78,36.18279569892473,residential,False,26,320981769
256898638,256898637,112.78,36.18279569892473,residential,False,35,320981769
256898924,2989369696,74.58,36.18279569892473,residential,False,23,320981769
256898928,7866659895,102.31,36.18279569892473,residential,False,13,320981769
256899480,256898208,33.78,36.18279569892473,residential,False,23,320981769
256899480,256899482,89.73,36.18279569892473,residential,False,14,320981769
256899480,256898573,37.22,36.18279569892473,residential,False,14,320981769
256899482,256899480,89.73,36.18279569892473,residential,False,28,320981769
256899482,7866659895,90.63,36.18279569892473,residential,False,28,320981769
256899482,254978262,266.09,36.18279569892473,residential,False,28,320981769
256899507,256899570,179.64,36.18279569892473,residential,False,34,320981769
256899507,9733565483,198.08,36.18279569892473,residential,False,13,320981769
256899507,82911083,39.7,36.18279569892473,residential,False,13,320981769
256899570,256899507,179.64,36.18279569892473,residential,False,28,320981769
256907008,90234034,10.87,36.18279569892473,residential,False,34,82703794
256907008,256907106,55.64,36.18279569892473,residential,False,13,82703794
256907106,256907008,55.64,36.18279569892473,residential,False,35,82703794
257396571,257396572,40.47,36.18279569892473,residential,False,19,11253757267
257396571,257396579,31.79,36.18279569892473,residential,False,27,11253757267
257396571,256386823,34.93,36.18279569892473,residential,False,21,11253757267
257396572,257396571,40.47,36.18279569892473,residential,False,23,11253757267
257396579,257396571,31.79,36.18279569892473,residential,False,18,11253757267
257397255,256385979,31.62,36.18279569892473,residential,False,22,11253757267
257397255,256385936,46.9,36.18279569892473,residential,False,30,11253757267
257397255,256384975,49.03,36.18279569892473,residential,False,25,11253757267
257398155,257398217,42.91,36.18279569892473,residential,False,28,93731379
257398155,257398516,42.53,44.02390438247012,tertiary,False,29,93731379
257398155,83719739,91.19,44.02390438247012,tertiary,False,25,93731379
257398217,257398155,42.91,36.18279569892473,residential,False,11,93731379
257398217,257398219,93.13,36.18279569892473,residential,False,15,93731379
257398217,257398301,140.4,36.18279569892473,residential,False,18,93731379
257398219,257398217,93.13,36.18279569892473,residential,False,22,93731379
257398301,257398217,140.4,36.18279569892473,residential,False,14,93731379
257398412,256391294,93.27,36.18279569892473,residential,False,29,93731379
257398412,1097273806,128.17,36.18279569892473,residential,False,29,93731379
257398412,83719739,222.41,36.18279569892473,residential,False,31,93731379
257398516,1097273806,37.31,36.18279569892473,residential,False,32,93731379
257398516,1566970243,126.1,44.02390438247012,tertiary,False,22,93731379
257398516,257398155,42.53,44.02390438247012,tertiary,False,11,93731379
257398702,257398717,52.65,20.0,residential,False,22,93731379
257398702,12398545758,94.84,60.0,secondary,False,20,93731379
257398717,257398723,348.1,36.18279569892473,residential,False,32,93731379
257398717,257398723,167.39,20.0,residential,False,17,93731379
257398723,257398732,258.0,20.0,residential,False,11,93731379
257398723,257398717,348.1,36.18279569892473,residential,False,33,93731379
257398732,82674417,37.4,44.02390438247012,tertiary,True,25,93731379
257708307,90154720,25.46,36.18279569892473,residential,False,18,90214098
257708339,257708307,83.87,36.18279569892473,residential,False,21,90214098
257708339,82625445,106.36,60.0,primary,True,10,90214098
257709127,82589504,94.04,36.18279569892473,residential,False,20,82703794
257709714,82706074,59.92,60.0,primary,False,35,82703794
257709714,257709720,81.12,36.18279569892473,residential,False,19,82703794
257709720,257709714,81.12,36.18279569892473,residential,False,19,82703794
260544003,2101757694,37.98,53.482142857142854,secondary,False,18,82903274
260544003,6861376365,181.43,36.18279569892473,residential,False,25,82903274
260544003,82903085,30.06,53.482142857142854,secondary,False,32,82903274
260544026,82903085,103.66,36.18279569892473,residential,False,31,82903274
260593199,90238323,181.12,36.18279569892473,residential,False,13,256619924
268829663,316054951,112.92,36.18279569892473,residential,False,17,847937526
268829663,3142368974,173.39,36.18279569892473,residential,False,14,847937526
268829663,93815188,57.53,36.18279569892473,residential,False,19,847937526
301371345,301371459,72.19,36.18279569892473,residential,False,33,90214098
301371345,82699711,32.25,53.482142857142854,secondary,False,24,90214098
301371459,301371345,72.19,36.18279569892473,residential,False,34,90214098
301371459,11672326955,42.82,36.18279569892473,residential,False,20,90214098
301371459,301371605,137.37,36.18279569892473,residential,False,18,90214098
301371531,12912220966,44.6,36.18279569892473,residential,False,33,90214098
301371531,82669271,67.19,53.482142857142854,secondary,True,23,90214098
301371605,301371459,137.37,36.18279569892473,residential,False,29,90214098
301372148,7098520359,63.94,36.18279569892473,residential,False,30,388276886
301372614,4705248060,8.63,36.18279569892473,residential,True,12,82686004
301372614,6879858960,164.86,36.18279569892473,residential,False,16,82686004
301372614,301372930,121.93,36.18279569892473,residential,False,24,82686004
301372615,33222633,14.17,36.18279569892473,residential,False,16,388276886
301372615,301372627,21.8,36.18279569892473,residential,False,23,388276886
301372615,301372930,25.26,36.18279569892473,residential,False,33,388276886
301372627,12887884656,39.45,36.18279569892473,residential,False,25,388276886
301372627,301372615,21.8,36.18279569892473,residential,False,34,388276886
301372627,301372900,159.62,36.18279569892473,residential,False,26,388276886
301372900,301372627,159.62,36.18279569892473,residential,False,21,388276886
301372930,11345999190,237.48,36.18279569892473,residential,False,11,388276886
301372930,301372614,121.93,36.18279569892473,residential,False,26,388276886
301372930,301372615,25.26,36.18279569892473,residential,False,35,388276886
301373009,301373060,28.79,36.18279569892473,residential,False,15,388276886
301373009,11345999190,85.7,36.18279569892473,residential,False,12,388276886
301373009,93736189,143.61,36.18279569892473,residential,False,19,388276886
301373060,301373009,28.79,36.18279569892473,residential,False,32,388276886
301373646,301373650,27.63,36.18279569892473,residential,False,26,90214098
301373646,3942449344,90.65,53.482142857142854,secondary,False,22,90214098
301373646,320049762,83.71,53.482142857142854,secondary,False,14,90214098
301373650,301373646,27.63,36.18279569892473,residential,False,34,90214098
301373650,90207326,150.48,36.18279569892473,residential,False,26,90214098
301373650,2791418547,57.78,36.18279569892473,residential,False,28,90214098
301373738,6222587394,20.07,36.18279569892473,residential,False,10,90214098
301373738,386889472,77.62,36.18279569892473,residential,False,15,90214098
301373738,320049802,124.19,36.18279569892473,residential,False,16,90214098
301373921,4871324141,70.93,36.18279569892473,residential,False,16,388276886
301373921,12773089502,108.93,54.67289719626168,primary,False,11,388276886
301373921,1922076979,64.45,54.67289719626168,primary,False,17,388276886
301373929,301373930,70.15,36.18279569892473,residential,False,11,388276886
301373929,90215989,92.94,36.18279569892473,residential,False,24,388276886
301373929,82627854,82.37,36.18279569892473,residential,False,11,388276886
301373929,301374313,181.36,36.18279569892473,residential,False,21,388276886
301373930,82627854,50.11,36.18279569892473,residential,False,32,388276886
301373930,301373929,70.15,36.18279569892473,residential,False,16,388276886
301373930,320044306,68.19,36.18279569892473,residential,False,18,388276886
301374313,301373929,181.36,36.18279569892473,residential,False,21,320044172
301374313,320064703,111.42,36.18279569892473,residential,False,24,320044172
301374313,6978500733,42.97,36.18279569892473,residential,False,26,320044172
301374421,320049455,124.75,36.18279569892473,residential,False,22,320044172
301374457,90214098,80.86,36.18279569892473,residential,False,30,90214098
301374458,33222620,8.01,36.18279569892473,residential,True,13,90214098
301374458,320044299,71.85,36.18279569892473,residential,False,31,90214098
301374458,320044822,113.93,36.18279569892473,residential,False,10,90214098
301374461,301374462,17.85,36.18279569892473,residential,False,17,320044172
301374461,320044299,65.83,36.18279569892473,residential,False,21,320044172
301374461,4871324162,91.54,20.0,living_street,False,25,320044172
301374462,301374461,17.85,36.18279569892473,residential,False,29,320044172
301374462,320044519,50.37,36.18279569892473,residential,False,24,320044172
301374462,320044306,103.75,36.18279569892473,residential,False,15,320044172
301380786,12905883192,124.81,36.18279569892473,residential,False,25,320050383
301380786,82626454,128.1,36.18279569892473,residential,False,28,320050383
301380786,82625128,21.37,36.18279569892473,residential,False,27,320050383
301392634,146257510,421.36,36.18279569892473,residential,False,21,93731379
301392634,6879181444,453.19,36.18279569892473,residential,False,21,93731379
301392634,1248283481,124.18,36.18279569892473,residential,False,15,93731379
301392650,6879181444,266.41,36.18279569892473,residential,False,18,93731379
301392650,12908606022,149.32,36.18279569892473,residential,False,33,93731379
301392650,6193067084,81.09,36.18279569892473,residential,False,32,93731379
301392658,301392661,103.79,36.18279569892473,residential,False,12,11346035713
301392658,301395501,234.79,36.18279569892473,residential,False,19,11346035713
301392658,12908606022,79.15,36.18279569892473,residential,False,10,11346035713
301392658,301396199,78.84,36.18279569892473,residential,False,22,11346035713
301392661,6193066985,11.83,36.18279569892473,residential,False,11,11346035713
301392661,301396199,100.79,36.18279569892473,residential,False,15,11346035713
301392661,301392664,86.32,36.18279569892473,residential,False,28,11346035713
301392661,301392658,103.79,36.18279569892473,residential,False,34,11346035713
301392664,6376131864,127.62,36.18279569892473,residential,False,16,11346035713
301392664,301392661,86.32,36.18279569892473,residential,False,17,11346035713
301392664,146265027,139.58,36.18279569892473,residential,False,30,11346035713
301393137,301393547,137.3,36.18279569892473,residential,False,17,11346035713
301393137,6970424134,137.05,36.18279569892473,residential,False,31,11346035713
301393137,1920199859,28.23,36.18279569892473,residential,False,16,11346035713
301393137,3127813679,50.8,36.18279569892473,residential,False,18,11346035713
301393529,12904071172,62.86,36.18279569892473,residential,False,30,11346035713
301393547,301393550,23.85,36.18279569892473,residential,False,23,11346035713
301393547,6213567544,16.85,36.18279569892473,residential,False,26,11346035713
301393547,301393137,137.3,36.18279569892473,residential,False,10,11346035713
301393550,301393547,23.85,36.18279569892473,residential,False,34,11346035713
301393550,301394524,301.36,36.18279569892473,residential,False,34,11346035713
301393550,1730671893,176.27,36.18279569892473,residential,False,31,11346035713
301393559,12904071174,271.96,36.18279569892473,residential,False,10,11346035713
301393559,12911719239,22.13,36.18279569892473,residential,False,25,11346035713
301393559,1730671893,76.55,36.18279569892473,residential,False,14,11346035713
301394524,301393550,301.36,36.18279569892473,residential,False,30,11346035713
301394524,12908576993,31.92,36.18279569892473,residential,False,15,11346035713
301394524,301394719,118.08,36.18279569892473,residential,False,29,11346035713
301394630,12908576993,12.16,36.18279569892473,residential,False,35,93731379
301394630,12911719240,62.96,36.18279569892473,residential,False,10,93731379
301394630,12771489022,107.8,36.18279569892473,residential,False,17,93731379
301394689,301394691,101.72,36.18279569892473,residential,False,18,11346035713
301394689,12911719240,250.39,36.18279569892473,residential,False,29,11346035713
301394689,6376131864,124.99,36.18279569892473,residential,False,35,11346035713
301394691,6401583662,84.28,36.18279569892473,residential,False,19,11346035713
301394691,6193066985,215.86,36.18279569892473,residential,False,32,11346035713
301394691,301394689,101.72,36.18279569892473,residential,False,32,11346035713
301394719,6193066275,156.34,36.18279569892473,residential,False,30,11346035713
301394719,6366102204,62.31,36.18279569892473,residential,False,18,11346035713
301394719,301394524,118.08,36.18279569892473,residential,False,23,11346035713
301394794,12908576998,235.29,40.0,primary,False,22,93731379
301394794,83717566,67.75,40.0,primary,True,21,93731379
301395501,301395511,161.84,36.18279569892473,residential,False,24,11346035713
301395501,301392658,234.79,36.18279569892473,residential,False,18,11346035713
301395501,6193067070,210.96,36.18279569892473,residential,False,16,11346035713
301395511,6193067016,49.77,36.18279569892473,residential,False,24,11346035713
301395511,301395501,161.84,36.18279569892473,residential,False,19,11346035713
301395511,6193067068,51.05,36.18279569892473,residential,False,31,11346035713
301396199,6193066991,194.98,36.18279569892473,residential,False,26,11346035713
301396199,301392661,100.79,36.18279569892473,residential,False,29,11346035713
301396199,301392658,78.84,36.18279569892473,residential,False,22,11346035713
301396727,146264995,8.65,36.18279569892473,residential,False,28,11346035713
301396727,6879378046,172.6,36.18279569892473,residential,False,13,11346035713
301396727,6212861942,56.21,36.18279569892473,residential,False,10,11346035713
301397022,301397027,85.43,36.18279569892473,residential,False,26,11346035713
301397022,6193067026,52.96,36.18279569892473,residential,False,31,11346035713
301397022,83729540,62.94,36.18279569892473,residential,False,21,11346035713
301397027,301397022,85.43,36.18279569892473,residential,False,27,11346035713
301397265,83729540,93.58,36.18279569892473,residential,False,30,11346035713
301398097,83710800,55.71,50.0,tertiary,False,29,93731379
301398097,83549433,191.95,50.0,tertiary,True,29,93731379
301398969,301399229,41.56,50.0,tertiary,False,19,93731379
301398969,83709642,86.8,50.0,tertiary,False,19,93731379
301399229,301398969,41.56,50.0,tertiary,False,31,93731379
301399229,83711313,122.63,50.0,tertiary,True,13,93731379
301430076,83733087,173.78,36.18279569892473,residential,False,25,93731379
301430351,301430352,260.33,36.18279569892473,residential,False,12,93731379
301430352,83711812,28.33,30.0,residential,False,20,93731379
301430352,11175918214,42.93,30.0,residential,False,18,93731379
301430352,301430351,260.33,36.18279569892473,residential,False,30,93731379
301430599,146253773,80.38,36.18279569892473,residential,False,20,93731379
301430600,146253773,76.94,36.18279569892473,residential,False,18,93731379
301430683,6193176319,77.8,36.18279569892473,residential,False,18,93731379
301430683,6193176338,79.23,36.18279569892473,residential,False,30,93731379
301430683,7515030280,197.61,36.18279569892473,residential,False,32,93731379
301430684,6193176319,13.38,36.18279569892473,residential,False,30,93731379
301430684,6193176314,123.84,36.18279569892473,residential,False,19,93731379
301430684,6193176305,158.89,36.18279569892473,residential,False,16,93731379
301430689,13326166717,28.94,60.0,secondary,True,14,93731379
301430689,6366219851,65.1,60.0,secondary,False,26,93731379
301430689,7259225767,55.75,36.18279569892473,residential,False,34,93731379
301430787,301430788,82.24,36.18279569892473,residential,False,17,93731379
301430787,7259225758,15.56,36.18279569892473,residential,False,11,93731379
301430787,301430827,201.62,36.18279569892473,residential,False,35,93731379
301430788,301430787,82.24,36.18279569892473,residential,False,35,93731379
301430827,301430787,201.62,36.18279569892473,residential,False,35,93731379
301431015,83734665,261.87,36.18279569892473,residential,False,29,93731379
301431015,83549422,179.27,36.18279569892473,residential,False,22,93731379
301431015,301431090,128.0,36.18279569892473,residential,False,31,93731379
301431090,301431015,128.0,36.18279569892473,residential,False,20,93731379
301431128,301431690,142.65,36.18279569892473,residential,False,31,93731379
301431128,83549424,90.76,36.18279569892473,residential,False,14,93731379
301431128,83734665,104.28,36.18279569892473,residential,False,33,93731379
301431690,83549426,91.46,36.18279569892473,residential,False,10,93731379
301431690,301431691,62.77,36.18279569892473,residential,False,30,93731379
301431690,301431128,142.65,36.18279569892473,residential,False,25,93731379
301431690,6193176333,63.82,36.18279569892473,residential,False,19,93731379
301431691,301431690,62.77,36.18279569892473,residential,False,18,93731379
301431838,2384629610,212.3,36.18279569892473,residential,False,23,93731379
301431838,12007802374,318.74,36.18279569892473,residential,False,22,93731379
301431838,6861657583,127.07,36.18279569892473,residential,False,22,93731379
301432559,84567857,24.53,36.18279569892473,residential,False,33,93731379
301432779,84567108,55.4,36.18279569892473,residential,False,11,93731379
301432779,9208153330,269.21,36.18279569892473,residential,False,28,93731379
301433114,301433116,173.61,36.18279569892473,residential,False,32,93731379
301433116,301433114,173.61,36.18279569892473,residential,False,28,93731379
301433116,84569056,188.5,36.18279569892473,residential,False,16,93731379
301433116,84569047,108.49,36.18279569892473,residential,False,20,93731379
301433190,84574163,34.4,36.18279569892473,residential,False,33,93731379
301433190,84573837,41.6,36.18279569892473,residential,False,32,93731379
301433190,301433206,55.56,36.18279569892473,residential,False,17,93731379
301433206,301433190,55.56,36.18279569892473,residential,False,31,93731379
301433698,84575462,58.81,36.18279569892473,residential,False,27,93731379
301433698,84575335,40.23,36.18279569892473,residential,False,30,93731379
301433698,301433714,155.33,36.18279569892473,residential,False,35,93731379
301433714,84574903,67.42,36.18279569892473,residential,False,25,93731379
301433714,84575056,32.3,36.18279569892473,residential,False,31,93731379
301433979,84576011,15.77,36.18279569892473,residential,False,21,93731379
301433979,84574174,26.98,36.18279569892473,residential,False,26,93731379
301433979,301434001,135.03,36.18279569892473,residential,False,19,93731379
301434001,301433979,135.03,36.18279569892473,residential,False,15,93731379
301434073,84567847,76.49,36.18279569892473,residential,False,31,93731379
301434073,84567843,58.46,36.18279569892473,residential,False,27,93731379
301434073,301434141,126.18,36.18279569892473,residential,False,15,93731379
301434141,301434073,126.18,36.18279569892473,residential,False,19,93731379
301434384,84575335,47.16,36.18279569892473,residential,False,13,93731379
301434387,301434446,98.41,36.18279569892473,residential,False,25,93731379
301434387,301434446,154.78,36.18279569892473,residential,False,14,93731379
301434446,320312106,26.25,36.18279569892473,residential,False,33,93731379
301434921,301434926,48.16,36.18279569892473,residential,False,18,93731379
301434921,146254283,126.25,36.18279569892473,residential,False,33,93731379
301434921,301435414,184.29,36.18279569892473,residential,False,35,93731379
301434926,7397591387,28.43,36.18279569892473,residential,False,27,93731379
301434926,146254283,53.06,36.18279569892473,residential,False,34,93731379
301434926,301434921,48.16,36.18279569892473,residential,False,15,93731379
301435414,301436036,88.45,36.18279569892473,residential,False,31,93731379
301435414,301435542,172.8,36.18279569892473,residential,True,20,93731379
301435414,301434921,184.29,36.18279569892473,residential,False,30,93731379
301435542,61334743,41.67,50.0,tertiary,True,12,93731379
301435542,84571932,404.89,45.0,tertiary,True,17,93731379
301435542,301435414,172.8,36.18279569892473,residential,False,21,93731379
301435542,301436318,58.36,36.18279569892473,residential,False,17,93731379
301436036,301435414,88.45,36.18279569892473,residential,False,33,93731379
301436285,1231455806,134.21,36.18279569892473,residential,False,19,93731379
301436285,301436287,117.86,36.18279569892473,residential,False,23,93731379
301436287,84587914,311.18,30.0,residential,False,35,93731379
301436287,1231455849,55.91,36.18279569892473,residential,False,20,93731379
301436318,1231455806,117.69,36.18279569892473,residential,False,21,93731379
301436318,301435542,58.36,36.18279569892473,residential,True,18,93731379
301436670,61334834,134.3,36.18279569892473,residential,False,28,93731379
301438288,301438315,82.74,36.18279569892473,residential,False,19,93731379
301438288,84587914,56.84,36.18279569892473,residential,False,24,93731379
301438315,301438288,82.74,36.18279569892473,residential,False,13,93731379
301438954,301439100,92.15,36.18279569892473,residential,False,25,93731379
301439097,301439099,12.51,36.18279569892473,residential,False,11,93731379
301439097,84587917,13.75,36.18279569892473,residential,False,30,93731379
301439099,9325511594,32.94,36.18279569892473,residential,False,28,93731379
301439100,9325511596,6.54,36.18279569892473,residential,False,28,93731379
301439100,301438954,92.15,36.18279569892473,residential,False,29,93731379
301439100,84571931,231.68,36.18279569892473,residential,False,12,93731379
301439690,84576641,156.28,36.18279569892473,residential,False,25,93731379
301442243,1800349650,154.35,36.18279569892473,residential,False,16,93731379
301443335,84577253,54.92,36.18279569892473,residential,False,26,93731379
301443335,84577707,130.98,36.18279569892473,residential,False,13,93731379
301443648,301443858,116.12,36.18279569892473,residential,False,31,93731379
301443648,301443773,157.3,36.18279569892473,residential,False,22,93731379
301443648,84577490,150.21,36.18279569892473,residential,False,26,93731379
301443773,2128267552,19.37,40.0,tertiary,False,19,93731379
301443773,301443648,157.3,36.18279569892473,residential,False,23,93731379
301443773,84576641,180.04,40.0,tertiary,False,11,93731379
301443858,301443648,116.12,36.18279569892473,residential,False,14,93731379
301444189,84578295,44.65,40.0,tertiary,True,14,93731379
301444251,301444252,114.09,36.18279569892473,residential,False,16,
301444251,301444189,154.08,36.18279569892473,residential,False,20,
301444252,301444251,114.09,36.18279569892473,residential,False,23,
301830194,82664974,320.39,36.18279569892473,residential,False,28,82668285
301830194,82664959,233.26,36.18279569892473,residential,False,24,82668285
301830194,1404339469,52.04,36.18279569892473,residential,False,14,82668285
301831724,12776852614,76.76,36.18279569892473,residential,False,20,82668285
301831724,6872313929,123.95,40.0,residential,False,32,82668285
301831724,301831729,124.68,36.18279569892473,residential,False,15,82668285
301831729,301831724,124.68,36.18279569892473,residential,False,34,82668285
301832919,301833446,257.04,36.18279569892473,residential,False,12,82668285
301832919,301833478,54.8,36.18279569892473,residential,False,25,82668285
301832919,6391427776,12.58,36.18279569892473,residential,False,20,82668285
301833446,7804312983,204.69,53.482142857142854,secondary,False,30,82668285
301833446,82656150,677.28,53.482142857142854,secondary,True,15,82668285
301833446,301832919,257.04,36.18279569892473,residential,False,20,82668285
301833478,301833683,70.77,36.18279569892473,residential,False,30,82668285
301833478,82666852,80.68,36.18279569892473,residential,False,11,82668285
301833478,301832919,54.8,36.18279569892473,residential,False,10,82668285
301833683,301833687,42.79,36.18279569892473,residential,False,24,82668285
301833683,301833478,70.77,36.18279569892473,residential,False,18,82668285
301833683,301833782,60.48,36.18279569892473,residential,False,16,82668285
301833687,301833683,42.79,36.18279569892473,residential,False,34,82668285
301833782,301833683,60.48,36.18279569892473,residential,False,34,82668285
301836785,1333834382,26.92,36.18279569892473,residential,False,15,12908641424
301836785,1326827106,109.39,36.18279569892473,residential,False,28,12908641424
301836880,301836785,64.67,36.18279569892473,residential,False,34,12908641424
301836880,915410552,149.13,36.18279569892473,residential,False,15,12908641424
301836882,301836880,17.33,36.18279569892473,residential,False,25,12908641424
301836882,301836996,35.7,36.18279569892473,residential,False,35,12908641424
301836882,301836994,84.32,36.18279569892473,residential,False,34,12908641424
301836994,6156265956,21.14,36.18279569892473,residential,False,34,12908641424
301836994,301836882,84.32,36.18279569892473,residential,False,12,12908641424
301836994,6391933634,89.68,36.18279569892473,residential,False,14,12908641424
301836996,301836882,35.7,36.18279569892473,residential,False,29,12908641424
301836996,1326827174,169.14,36.18279569892473,residential,False,23,12908641424
301836996,6156265956,125.29,36.18279569892473,residential,False,30,12908641424
301836996,11379786983,32.71,36.18279569892473,residential,False,23,12908641424
301838045,12905498939,2.2,36.18279569892473,residential,False,22,12901492583
301838045,301845000,188.69,36.18279569892473,residential,False,23,12901492583
301838045,11338167428,10.68,36.18279569892473,residential,False,25,12901492583
301838505,301838850,10.67,36.18279569892473,residential,False,22,12908641424
301838505,301845017,172.05,36.18279569892473,residential,False,10,12908641424
301838505,301838832,282.39,36.18279569892473,residential,False,11,12908641424
301838505,301845293,53.71,36.18279569892473,residential,False,27,12908641424
301838510,301845293,30.31,36.18279569892473,residential,False,16,12908641424
301838510,301838850,72.42,36.18279569892473,residential,False,33,12908641424
301838510,301839443,63.64,36.18279569892473,residential,False,21,12908641424
301838832,301838505,282.39,36.18279569892473,residential,False,10,12908641424
301838850,301838505,10.67,36.18279569892473,residential,False,20,12908641424
301838850,301838510,72.42,36.18279569892473,residential,False,34,12908641424
301838850,301838938,104.24,36.18279569892473,residential,False,26,12908641424
301838938,301838850,104.24,36.18279569892473,residential,False,16,12908641424
301839443,301838510,63.64,36.18279569892473,residential,False,10,12908641424
301839443,1849071776,404.57,36.18279569892473,residential,False,31,12908641424
301839443,12908641430,51.09,36.18279569892473,residential,False,10,12908641424
301839449,6184421312,109.44,36.18279569892473,residential,False,30,12908641424
301839449,301839961,79.26,36.18279569892473,residential,False,33,12908641424
301839449,301845293,61.75,36.18279569892473,residential,False,17,12908641424
301839961,93663944,369.43,36.18279569892473,residential,False,17,12908641424
301839961,301839962,14.54,36.18279569892473,residential,False,32,12908641424
301839961,301839449,79.26,36.18279569892473,residential,False,21,12908641424
301839962,301845531,104.38,36.18279569892473,residential,False,19,12908641424
301839962,301839961,14.54,36.18279569892473,residential,False,14,12908641424
301839962,301839964,61.2,36.18279569892473,residential,False,13,12908641424
301839964,301848837,154.25,36.18279569892473,residential,False,22,11253757267
301839964,8274513455,502.53,36.18279569892473,residential,False,26,11253757267
301839964,301839962,61.2,36.18279569892473,residential,False,28,11253757267
301842886,1333770435,81.06,36.18279569892473,residential,False,19,12901492583
301842886,301842891,45.9,44.02390438247012,tertiary,False,15,12901492583
301842886,12908834911,35.25,44.02390438247012,tertiary,False,12,12901492583
301842891,301842886,45.9,44.02390438247012,tertiary,False,11,12901492583
301842891,93731118,65.63,44.02390438247012,tertiary,False,19,12901492583
301842891,90309043,141.94,36.18279569892473,residential,False,19,12901492583
301842891,301842893,28.24,36.18279569892473,residential,False,24,12901492583
301842893,1333770433,12.74,36.18279569892473,residential,False,33,12901492583
301842893,6958888842,245.34,36.18279569892473,residential,False,26,12901492583
301842893,301842891,28.24,36.18279569892473,residential,False,29,12901492583
301842899,301850994,9.91,36.18279569892473,residential,False,26,12901492583
301842899,7264576940,52.57,36.18279569892473,residential,False,20,12901492583
301842899,1333770419,81.62,36.18279569892473,residential,False,23,12901492583
301843018,6878600300,163.29,36.18279569892473,residential,False,31,12901492583
301843018,6184636780,39.08,36.18279569892473,residential,False,14,12901492583
301843018,8514441210,63.23,20.0,living_street,False,20,12901492583
301843018,1333770419,48.21,36.18279569892473,residential,False,25,12901492583
301843706,90309060,22.05,36.18279569892473,residential,False,21,12901492583
301843706,301843708,28.12,36.18279569892473,residential,False,34,12901492583
301843706,301851514,195.27,36.18279569892473,residential,False,16,12901492583
301843708,301843745,971.18,36.18279569892473,residential,False,15,12901492583
301843708,301843706,28.12,36.18279569892473,residential,False,35,12901492583
301843708,6184636768,87.02,36.18279569892473,residential,False,22,12901492583
301843745,301843708,971.18,36.18279569892473,residential,False,10,12901492583
301843745,6878714880,163.73,36.18279569892473,residential,False,17,12901492583
301844576,301844577,11.89,36.18279569892473,residential,False,17,12901492583
301844576,93663935,72.28,36.18279569892473,residential,False,33,12901492583
301844576,6396499872,110.75,20.0,living_street,False,14,12901492583
301844577,301844576,11.89,36.18279569892473,residential,False,16,12908641424
301844577,1333770421,87.07,36.18279569892473,residential,False,33,12908641424
301844578,1333770417,123.76,36.18279569892473,residential,False,10,12908641424
301844578,301844577,54.63,36.18279569892473,residential,False,28,12908641424
301844581,301844578,38.1,36.18279569892473,residential,False,26,12908641424
301844581,301844827,34.31,36.18279569892473,residential,False,15,12908641424
301844820,301844823,75.69,36.18279569892473,residential,False,13,12908641424
301844820,6184421312,82.58,36.18279569892473,residential,False,21,12908641424
301844820,6184421312,99.57,36.18279569892473,residential,False,32,12908641424
301844823,301844820,75.69,36.18279569892473,residential,False,30,12908641424
301844823,301845251,33.04,36.18279569892473,residential,False,35,12908641424
301844823,1333770430,73.08,36.18279569892473,residential,False,11,12908641424
301844827,8491433204,21.2,36.18279569892473,residential,False,22,12908641424
301844827,301844581,34.31,36.18279569892473,residential,False,30,12908641424
301844827,1333770430,145.27,36.18279569892473,residential,False,18,12908641424
301844996,301845000,124.19,36.18279569892473,residential,False,34,12908641424
301845000,301845017,302.96,36.18279569892473,residential,False,27,12908641424
301845000,301838045,188.69,36.18279569892473,residential,False,29,12908641424
301845000,301844996,124.19,36.18279569892473,residential,False,11,12908641424
301845017,301838505,172.05,36.18279569892473,residential,False,29,12908641424
301845017,301845000,302.96,36.18279569892473,residential,False,11,12908641424
301845017,301845251,122.73,36.18279569892473,residential,False,31,12908641424
301845251,8491433204,222.22,36.18279569892473,residential,False,13,12908641424
301845251,301844823,33.04,36.18279569892473,residential,False,30,12908641424
301845251,301845017,122.73,36.18279569892473,residential,False,10,12908641424
301845293,301838510,30.31,36.18279569892473,residential,False,11,12908641424
301845293,301838505,53.71,36.18279569892473,residential,False,32,12908641424
301845293,301839449,61.75,36.18279569892473,residential,False,13,12908641424
301845531,1849071745,145.21,36.18279569892473,residential,False,23,12908641424
301845531,301839962,104.38,36.18279569892473,residential,False,24,12908641424
301845531,11345970303,52.72,36.18279569892473,residential,False,22,12908641424
301845531,12908641429,25.71,36.18279569892473,residential,False,13,12908641424
301845551,6879694570,24.86,36.18279569892473,residential,False,27,12908641424
301845551,301845812,69.83,36.18279569892473,residential,False,18,12908641424
301845551,7264560833,105.55,36.18279569892473,residential,False,25,12908641424
301845580,301845726,200.02,36.18279569892473,residential,False,32,12908641424
301845580,148001328,32.45,36.18279569892473,residential,False,14,12908641424
301845580,6391933800,187.01,36.18279569892473,residential,False,16,12908641424
301845718,301845726,207.69,36.18279569892473,residential,False,32,12908641424
301845718,6391933800,63.57,36.18279569892473,residential,False,31,12908641424
301845718,301846409,60.58,36.18279569892473,residential,False,30,12908641424
301845726,6879694570,82.17,36.18279569892473,residential,False,10,12908641424
301845726,301845580,200.02,36.18279569892473,residential,False,19,12908641424
301845726,301845718,207.69,36.18279569892473,residential,False,23,12908641424
301845812,301845551,69.83,36.18279569892473,residential,False,31,12908641424
301846409,301846413,68.94,36.18279569892473,residential,False,13,12908641424
301846409,301845718,60.58,36.18279569892473,residential,False,31,12908641424
301846409,6391933800,138.53,36.18279569892473,residential,False,26,12908641424
301846413,301847115,27.59,36.18279569892473,residential,False,18,12908641424
301846413,301846409,68.94,36.18279569892473,residential,False,29,12908641424
301846413,301847125,209.63,36.18279569892473,residential,False,29,12908641424
301846415,1326827196,135.75,36.18279569892473,residential,False,32,12908641424
301846415,147999957,105.92,36.18279569892473,residential,False,14,12908641424
301846415,301847115,56.82,36.18279569892473,residential,False,23,12908641424
301847115,301846413,27.59,36.18279569892473,residential,False,13,12908641424
301847115,301846415,56.82,36.18279569892473,residential,False,26,12908641424
301847115,12908834922,54.09,36.18279569892473,residential,False,33,12908641424
301847125,12843758231,74.46,36.18279569892473,residential,False,29,12908641424
301847125,301846413,209.63,36.18279569892473,residential,False,13,12908641424
301847125,1066506035,120.03,36.18279569892473,residential,False,19,12908641424
301847727,11345970303,10.92,36.18279569892473,residential,False,13,12908641424
301847727,1333834403,40.69,36.18279569892473,residential,False,35,12908641424
301847727,1333834386,33.64,36.18279569892473,residential,False,13,12908641424
301847730,12908880135,44.03,36.18279569892473,residential,False,25,12908641424
301847730,301847732,38.29,36.18279569892473,residential,False,16,12908641424
301847730,1333834403,37.93,36.18279569892473,residential,False,29,12908641424
301847732,301847738,56.43,36.18279569892473,residential,False,16,12908641424
301847732,301847730,38.29,36.18279569892473,residential,False,34,12908641424
301847732,12905447296,47.98,36.18279569892473,residential,False,18,12908641424
301847738,1333834360,70.65,36.18279569892473,residential,False,26,12908641424
301847738,301847732,56.43,36.18279569892473,residential,False,16,12908641424
301847738,6394075603,52.27,36.18279569892473,residential,False,21,12908641424
301848837,301839964,154.25,36.18279569892473,residential,False,32,11253757267
301848878,90309025,53.55,44.02390438247012,tertiary,False,23,12901492583
301848878,90309020,105.99,44.02390438247012,tertiary,False,19,12901492583
301848878,6396501508,136.56,36.18279569892473,residential,False,15,12901492583
301849204,1327352991,137.69,36.18279569892473,residential,False,11,12901492583
301849210,301849394,166.55,36.18279569892473,residential,False,27,11253757267
301849394,301849210,166.55,36.18279569892473,residential,False,25,11253757267
301849394,301849674,37.63,44.02390438247012,tertiary,False,16,11253757267
301849394,90309006,43.16,44.02390438247012,tertiary,False,32,11253757267
301849674,301849924,102.59,36.18279569892473,residential,False,25,11253757267
301849674,90309009,72.27,44.02390438247012,tertiary,False,20,11253757267
301849674,301849394,37.63,44.02390438247012,tertiary,False,17,11253757267
301849924,301849674,102.59,36.18279569892473,residential,False,10,11253757267
301850259,1327335090,75.13,40.0,residential,False,10,11253757267
301850259,90309006,183.51,40.0,residential,False,31,11253757267
301850259,12920651128,53.13,40.0,residential,False,12,11253757267
301850264,12920651128,17.79,40.0,residential,False,13,11253757267
301850994,1333770397,38.21,36.18279569892473,residential,False,28,12901492583
301850994,301842899,9.91,36.18279569892473,residential,False,31,12901492583
301850994,7264576940,87.71,36.18279569892473,residential,False,25,12901492583
301850994,1333770433,104.79,36.18279569892473,residential,False,14,12901492583
301851506,301851507,88.72,36.18279569892473,residential,False,12,12901492583
301851506,1333770397,20.46,36.18279569892473,residential,False,34,12901492583
301851506,1333770433,270.48,36.18279569892473,residential,False,26,12901492583
301851507,1333770391,26.92,36.18279569892473,residential,False,12,12901492583
301851507,301851506,88.72,36.18279569892473,residential,False,33,12901492583
301851507,1943572152,48.99,36.18279569892473,residential,False,33,12901492583
301851512,90309056,20.09,36.18279569892473,residential,False,13,12901492583
301851512,301851514,57.48,36.18279569892473,residential,False,18,12901492583
301851512,1333770391,156.8,36.18279569892473,residential,False,30,12901492583
301851512,1644192383,43.16,36.18279569892473,residential,False,17,12901492583
301851514,301851512,57.48,36.18279569892473,residential,False,24,12901492583
301851514,4642753360,153.27,36.18279569892473,residential,False,19,12901492583
301851514,301843706,195.27,36.18279569892473,residential,False,18,12901492583
301851937,13147652158,8.47,36.18279569892473,residential,False,24,12901492583
301851937,301851960,70.28,36.18279569892473,residential,False,11,12901492583
301851937,93731127,117.92,36.18279569892473,residential,False,13,12901492583
301851944,301851945,11.68,36.18279569892473,residential,False,15,12901492583
301851944,301852815,69.84,44.02390438247012,tertiary,False,11,12901492583
301851944,93731105,323.34,44.02390438247012,tertiary,False,19,12901492583
301851945,301851944,11.68,36.18279569892473,residential,False,21,12901492583
301851945,301851948,56.08,36.18279569892473,residential,False,35,12901492583
301851945,12901492598,67.41,36.18279569892473,residential,False,31,12901492583
301851948,301851945,56.08,36.18279569892473,residential,False,20,12901492583
301851960,301851937,70.28,36.18279569892473,residential,False,23,12901492583
301851960,301852811,216.78,36.18279569892473,residential,False,33,12901492583
301851960,1327352990,205.7,36.18279569892473,residential,False,13,12901492583
301852590,6980418756,343.28,36.18279569892473,residential,False,13,147963281
301852802,12901398013,135.41,36.18279569892473,residential,False,34,12901492583
301852811,12901398013,153.57,36.18279569892473,residential,False,11,12901492583
301852811,301851960,216.78,36.18279569892473,residential,False,10,12901492583
301852811,6967303851,96.57,36.18279569892473,residential,False,14,12901492583
301852815,6967303851,12.25,36.18279569892473,residential,False,31,12901492583
301852815,93731118,169.83,44.02390438247012,tertiary,False,30,12901492583
301852815,301851944,69.84,44.02390438247012,tertiary,False,15,12901492583
301852938,12918837630,25.87,60.0,secondary,False,20,147963281
301852938,301854712,479.55,60.0,secondary,False,21,147963281
301852938,301853141,269.55,36.18279569892473,residential,False,24,147963281
301853141,301852938,269.55,36.18279569892473,residential,False,29,147963281
301853379,90309051,280.29,36.18279569892473,residential,False,18,12901492583
301853860,301854182,87.74,36.18279569892473,residential,False,33,12901492583
301853860,301854182,263.07,36.18279569892473,residential,False,12,12901492583
301853860,4642753360,19.87,36.18279569892473,residential,False,21,12901492583
301854063,301854066,73.63,36.18279569892473,residential,False,20,12901492583
301854066,93731105,170.01,36.18279569892473,residential,False,15,12901492583
301854066,301854063,73.63,36.18279569892473,residential,False,13,12901492583
301854066,301854182,100.47,36.18279569892473,residential,False,22,12901492583
301854182,301853860,87.74,36.18279569892473,residential,False,22,12901492583
301854182,301853860,263.07,36.18279569892473,residential,False,24,12901492583
301854182,301854066,100.47,36.18279569892473,residential,False,18,12901492583
301854712,93731215,155.43,60.0,secondary,False,22,147963281
301854712,301852938,479.55,60.0,secondary,False,32,147963281
301854712,93731278,161.9,36.18279569892473,residential,False,25,147963281
301854898,93731278,85.37,36.18279569892473,residential,False,35,147963281
301854898,6958296953,260.83,36.18279569892473,residential,False,23,147963281
301854898,301855035,49.41,36.18279569892473,residential,False,30,147963281
301855035,256386115,26.35,36.18279569892473,residential,False,35,147963281
301855035,12905143417,55.67,36.18279569892473,residential,False,15,147963281
301855035,301854898,49.41,36.18279569892473,residential,False,13,147963281
301856091,254293854,232.6,36.18279569892473,residential,False,14,12901492583
301856105,1620446894,389.63,44.02390438247012,tertiary,False,32,12901492583
301856105,254293854,60.81,44.02390438247012,tertiary,False,33,12901492583
301856105,6391223779,189.63,36.18279569892473,residential,False,11,12901492583
301856350,12901492584,94.15,36.18279569892473,residential,False,15,12901492583
301857601,301858454,15.57,50.0,tertiary,False,13,147963281
301857601,1620450218,42.83,50.0,tertiary,False,23,147963281
301857601,6958506909,208.51,44.02390438247012,tertiary,False,28,147963281
301857617,11194855676,21.88,44.02390438247012,tertiary,False,25,12901492583
301857617,301857619,92.42,44.02390438247012,tertiary,False,35,12901492583
301857617,254293688,152.7,36.18279569892473,residential,False,28,12901492583
301857619,1620446894,81.56,44.02390438247012,tertiary,False,31,12901492583
301857619,301857617,92.42,44.02390438247012,tertiary,False,24,12901492583
301857619,6980445894,60.66,36.18279569892473,residential,False,15,12901492583
301858246,301858387,108.21,36.18279569892473,residential,False,29,147963281
301858246,301858502,120.72,36.18279569892473,residential,False,22,147963281
301858246,147969285,111.89,36.18279569892473,residential,False,34,147963281
301858255,301858387,134.25,36.18279569892473,residential,False,21,147963281
301858387,301858255,134.25,36.18279569892473,residential,False,29,147963281
301858387,301858246,108.21,36.18279569892473,residential,False,10,147963281
301858387,301858452,48.73,36.18279569892473,residential,False,31,147963281
301858452,12909505732,39.67,36.18279569892473,residential,False,33,147963281
301858452,301858454,65.19,36.18279569892473,residential,False,14,147963281
301858452,301858387,48.73,36.18279569892473,residential,False,25,147963281
301858454,301857601,15.57,50.0,tertiary,False,25,147963281
301858454,147971488,108.36,50.0,tertiary,False,13,147963281
301858454,301858452,65.19,36.18279569892473,residential,False,23,147963281
301858502,1620450218,26.63,50.0,tertiary,False,24,147963281
301858502,84552782,252.55,50.0,tertiary,True,11,147963281
301858502,301858246,120.72,36.18279569892473,residential,False,12,147963281
301860889,6218304445,43.59,36.18279569892473,residential,False,18,147963281
301860889,301860892,66.35,36.18279569892473,residential,False,30,147963281
301860889,6370750583,170.62,36.18279569892473,residential,False,20,147963281
301860892,301860903,189.98,36.18279569892473,residential,False,10,147963281
301860892,301860889,66.35,36.18279569892473,residential,False,32,147963281
301860892,6370750578,23.36,36.18279569892473,residential,False,31,147963281
301860903,301860913,158.09,36.18279569892473,residential,False,26,147963281
301860903,301860892,189.98,36.18279569892473,residential,False,34,147963281
301860903,301861180,221.43,36.18279569892473,residential,False,33,147963281
301860913,301860915,66.13,36.18279569892473,residential,False,28,147963281
301860913,301860903,158.09,36.18279569892473,residential,False,33,147963281
301860913,301862863,55.91,36.18279569892473,residential,False,28,147963281
301860915,301860917,66.69,36.18279569892473,residential,False,17,147963281
301860915,301860913,66.13,36.18279569892473,residential,False,31,147963281
301860915,301861178,88.58,36.18279569892473,residential,False,20,147963281
301860917,301860915,66.69,36.18279569892473,residential,False,26,147963281
301861178,301860915,88.58,36.18279569892473,residential,False,26,147963281
301861178,301863402,154.27,36.18279569892473,residential,False,32,147963281
301861178,301861180,48.56,36.18279569892473,residential,False,32,147963281
301861180,301860903,221.43,36.18279569892473,residential,False,29,147963281
301861180,6980418757,138.1,36.18279569892473,residential,False,13,147963281
301861180,301861178,48.56,36.18279569892473,residential,False,23,147963281
301861233,301861437,84.93,36.18279569892473,residential,False,31,147963281
301861233,6980418757,137.81,36.18279569892473,residential,False,33,147963281
301861233,12704772573,34.22,36.18279569892473,residential,False,17,147963281
301861437,301863413,38.21,36.18279569892473,residential,False,25,147963281
301861437,6218782145,17.58,36.18279569892473,residential,False,21,147963281
301861437,301861233,84.93,36.18279569892473,residential,False,31,147963281
301862853,301864567,195.7,36.18279569892473,residential,False,31,147963281
301862863,301860913,55.91,36.18279569892473,residential,False,30,147963281
301862863,6366242114,149.45,50.0,tertiary,False,22,147963281
301862863,301868531,39.37,50.0,tertiary,False,14,147963281
301863402,301861178,154.27,36.18279569892473,residential,False,27,147963281
301863405,301863413,101.93,36.18279569892473,residential,False,29,147963281
301863413,301861437,38.21,36.18279569892473,residential,False,11,147963281
301863413,84554312,312.48,36.18279569892473,residential,False,10,147963281
301863413,301863405,101.93,36.18279569892473,residential,False,30,147963281
301864221,301864377,194.32,36.18279569892473,residential,False,15,147963281
301864221,84554301,68.42,50.0,tertiary,False,26,147963281
301864221,6980418746,120.56,50.0,tertiary,False,25,147963281
301864377,12907533441,22.33,36.18279569892473,residential,False,25,147963281
301864377,301864813,72.46,36.18279569892473,residential,False,15,147963281
301864377,301864379,48.65,36.18279569892473,residential,False,12,147963281
301864377,301864221,194.32,36.18279569892473,residential,False,34,147963281
301864379,1098016001,80.48,36.18279569892473,residential,False,25,147963281
301864379,147971479,102.36,36.18279569892473,residential,False,20,147963281
301864379,147971471,47.45,36.18279569892473,residential,False,17,147963281
301864379,301864377,48.65,36.18279569892473,residential,False,20,147963281
301864567,6980418762,47.93,36.18279569892473,residential,False,18,147963281
301864567,301862853,195.7,36.18279569892473,residential,False,11,147963281
301864567,301864598,94.0,36.18279569892473,residential,False,26,147963281
301864598,301864567,94.0,36.18279569892473,residential,False,17,147963281
301864813,301864377,72.46,36.18279569892473,residential,False,27,147963281
301865447,11337786907,55.79,36.18279569892473,residential,False,30,147963281
301865810,147963694,51.03,36.18279569892473,residential,False,22,147963281
301865834,147965091,42.94,36.18279569892473,residential,False,22,147963281
301866052,147969285,22.73,36.18279569892473,residential,False,17,147963281
301866052,147965103,110.47,36.18279569892473,residential,False,12,147963281
301866052,914229482,122.7,36.18279569892473,residential,False,24,147963281
301866749,301866753,72.71,36.18279569892473,residential,False,24,147963281
301866753,12909856458,30.74,36.18279569892473,residential,False,35,147963281
301866753,147965101,104.44,36.18279569892473,residential,False,28,147963281
301866753,301866749,72.71,36.18279569892473,residential,False,24,147963281
301866765,147965101,170.19,36.18279569892473,residential,False,12,147963281
301867068,147967424,199.1,36.18279569892473,residential,False,25,147963281
301867323,301867330,145.22,36.18279569892473,residential,False,24,147963281
301867323,147963681,30.43,36.18279569892473,residential,False,20,147963281
301867323,12909505737,38.68,36.18279569892473,residential,False,13,147963281
301867330,301867323,145.22,36.18279569892473,residential,False,25,147963281
301867814,301868524,240.25,36.18279569892473,residential,False,33,147963281
301867814,6366242114,104.9,36.18279569892473,residential,False,30,147963281
301867814,12813631326,226.19,40.0,residential,False,10,147963281
301867855,301867947,17.56,40.0,residential,False,13,147963281
301867855,12813631326,10.87,40.0,residential,False,22,147963281
301867855,6883616106,117.28,36.18279569892473,residential,False,23,147963281
301867947,301867855,17.56,40.0,residential,False,11,147963281
301867947,301867951,150.0,40.0,residential,False,27,147963281
301867947,301868075,199.41,40.0,residential,False,27,147963281
301867951,301867947,150.0,40.0,residential,False,10,147963281
301868075,6958485920,76.76,40.0,residential,False,12,147963281
301868075,301867947,199.41,40.0,residential,False,35,147963281
301868075,6958485915,45.32,36.18279569892473,residential,False,29,147963281
301868248,84558861,187.04,36.18279569892473,residential,False,29,147963281
301868248,301868524,21.86,36.18279569892473,residential,False,30,147963281
301868248,6958485920,45.88,40.0,residential,False,19,147963281
301868501,6980418739,280.57,36.18279569892473,residential,False,26,147963281
301868501,84558870,131.71,36.18279569892473,residential,False,27,147963281
301868501,301869146,64.72,36.18279569892473,residential,False,16,147963281
301868522,6958326888,251.23,36.18279569892473,residential,False,30,147963281
301868524,301868248,21.86,36.18279569892473,residential,False,31,147963281
301868524,301867814,240.25,36.18279569892473,residential,False,24,147963281
301868524,301868529,74.54,36.18279569892473,residential,False,20,147963281
301868529,301868531,63.6,36.18279569892473,residential,False,21,147963281
301868529,301868524,74.54,36.18279569892473,residential,False,11,147963281
301868529,12919818902,42.45,36.18279569892473,residential,False,17,147963281
301868531,84554306,86.8,50.0,tertiary,False,24,147963281
301868531,301868529,63.6,36.18279569892473,residential,False,20,147963281
301868531,301862863,39.37,50.0,tertiary,False,27,147963281
301868619,301868648,345.63,36.18279569892473,residential,False,34,147963281
301868619,84558849,55.46,36.18279569892473,residential,False,29,147963281
301868619,6184996350,105.19,36.18279569892473,residential,False,29,147963281
301868648,301869693,33.21,36.18279569892473,residential,False,25,147963281
301868648,301869473,48.93,36.18279569892473,residential,False,32,147963281
301868648,301868798,182.2,36.18279569892473,residential,False,31,147963281
301868648,301868619,345.63,36.18279569892473,residential,False,21,147963281
301868798,301868648,182.2,36.18279569892473,residential,False,32,147963281
301868953,301869165,15.89,36.18279569892473,residential,False,24,147963281
301868953,301869426,145.35,36.18279569892473,residential,False,13,147963281
301868953,6958538246,138.84,36.18279569892473,residential,False,13,147963281
301869146,301869165,21.78,36.18279569892473,residential,False,34,147963281
301869146,301869162,45.8,36.18279569892473,residential,False,31,147963281
301869146,301868501,64.72,36.18279569892473,residential,False,17,147963281
301869162,301869146,45.8,36.18279569892473,residential,False,10,147963281
301869165,301868953,15.89,36.18279569892473,residential,False,20,147963281
301869165,301869146,21.78,36.18279569892473,residential,False,21,147963281
301869165,301869192,69.76,36.18279569892473,residential,False,30,147963281
301869192,301869165,69.76,36.18279569892473,residential,False,35,147963281
301869426,301869427,129.03,36.18279569892473,residential,False,19,147963281
301869426,301869472,38.48,36.18279569892473,residential,False,27,147963281
301869426,301868953,145.35,36.18279569892473,residential,False,26,147963281
301869427,6184996359,16.88,36.18279569892473,residential,False,21,147963281
301869427,301869426,129.03,36.18279569892473,residential,False,32,147963281
301869427,301869480,67.52,36.18279569892473,residential,False,13,147963281
301869472,301869473,162.33,36.18279569892473,residential,False,11,147963281
301869472,301869426,38.48,36.18279569892473,residential,False,15,147963281
301869472,6184996354,48.65,36.18279569892473,residential,False,25,147963281
301869473,301869474,103.71,36.18279569892473,residential,False,14,147963281
301869473,301869472,162.33,36.18279569892473,residential,False,32,147963281
301869473,301868648,48.93,36.18279569892473,residential,False,33,147963281
301869473,301869480,24.99,36.18279569892473,residential,False,33,147963281
301869474,301869473,103.71,36.18279569892473,residential,False,23,147963281
301869480,301869473,24.99,36.18279569892473,residential,False,13,147963281
301869480,6958326888,286.62,36.18279569892473,residential,False,18,147963281
301869480,301869427,67.52,36.18279569892473,residential,False,29,147963281
301869693,301869694,40.83,36.18279569892473,residential,False,16,147963281
301869693,301868648,33.21,36.18279569892473,residential,False,16,147963281
301869693,6218304442,59.2,36.18279569892473,residential,False,13,147963281
301869694,301869693,40.83,36.18279569892473,residential,False,22,147963281
301869694,301869826,44.89,36.18279569892473,residential,False,16,147963281
301869694,301869702,259.36,36.18279569892473,residential,False,24,147963281
301869702,6196104276,4.95,36.18279569892473,residential,False,35,147963281
301869702,301869694,259.36,36.18279569892473,residential,False,16,147963281
301869702,84558828,472.99,36.18279569892473,residential,False,32,147963281
301869826,301869694,44.89,36.18279569892473,residential,False,20,147963281
301870471,301870474,209.85,36.18279569892473,residential,False,13,147963281
301870471,147977373,60.4,36.18279569892473,residential,False,34,147963281
301870471,6421348774,57.71,36.18279569892473,residential,False,23,147963281
301870474,301870471,209.85,36.18279569892473,residential,False,11,147963281
301870640,301871457,135.4,36.18279569892473,residential,False,30,147963281
301870640,301871050,93.12,36.18279569892473,residential,False,31,147963281
301870640,301870645,105.67,36.18279569892473,residential,False,28,147963281
301870645,301870664,67.21,36.18279569892473,residential,False,13,147963281
301870645,301870648,67.04,36.18279569892473,residential,False,34,147963281
301870645,301870640,105.67,36.18279569892473,residential,False,24,147963281
301870648,147977373,36.01,36.18279569892473,residential,False,24,147963281
301870648,301870645,67.04,36.18279569892473,residential,False,31,147963281
301870648,6421348761,64.29,36.18279569892473,residential,False,28,147963281
301870664,301870826,23.33,36.18279569892473,residential,False,26,147963281
301870664,301870645,67.21,36.18279569892473,residential,False,14,147963281
301870664,6421348763,47.65,36.18279569892473,residential,False,25,147963281
301870826,301870664,23.33,36.18279569892473,residential,False,10,147963281
301871047,147974986,88.96,36.18279569892473,residential,False,26,147963281
301871050,301871271,27.39,36.18279569892473,residential,False,33,147963281
301871050,301871153,89.39,36.18279569892473,residential,False,11,147963281
301871050,301870640,93.12,36.18279569892473,residential,False,27,147963281
301871153,301871050,89.39,36.18279569892473,residential,False,23,147963281
301871270,301871271,95.17,36.18279569892473,residential,False,28,147963281
301871271,301871050,27.39,36.18279569892473,residential,False,25,147963281
301871271,147974986,29.97,36.18279569892473,residential,False,26,147963281
301871271,301871270,95.17,36.18279569892473,residential,False,34,147963281
301871271,301871275,79.97,36.18279569892473,residential,False,15,147963281
301871275,301871271,79.97,36.18279569892473,residential,False,32,147963281
301871457,147974975,25.38,36.18279569892473,residential,False,28,147963281
301871457,301870640,135.4,36.18279569892473,residential,False,15,147963281
301871457,147977354,179.0,36.18279569892473,residential,False,33,147963281
301871555,301871557,66.85,36.18279569892473,residential,False,14,147963281
301871555,147977361,215.84,36.18279569892473,residential,False,13,147963281
301871555,301871633,70.38,36.18279569892473,residential,False,22,147963281
301871557,301871555,66.85,36.18279569892473,residential,False,31,147963281
301871557,6184996360,184.35,36.18279569892473,residential,False,29,147963281
301871557,6184996361,102.78,36.18279569892473,residential,False,29,147963281
301871633,301871634,24.34,36.18279569892473,residential,False,20,147963281
301871633,301871555,70.38,36.18279569892473,residential,False,26,147963281
301871633,6184996373,48.82,36.18279569892473,residential,False,22,147963281
301871634,301871633,24.34,36.18279569892473,residential,False,23,147963281
301871634,301871636,113.96,36.18279569892473,residential,False,29,147963281
301871634,6184996378,81.47,36.18279569892473,residential,False,32,147963281
301871636,147977359,36.14,36.18279569892473,residential,False,34,147963281
301871636,301871634,113.96,36.18279569892473,residential,False,17,147963281
301871636,301871807,67.47,36.18279569892473,residential,False,18,147963281
301871660,6184996388,40.21,36.18279569892473,residential,False,22,147963281
301871660,6184996378,11.74,36.18279569892473,residential,False,20,147963281
301871660,301871807,91.97,36.18279569892473,residential,False,19,147963281
301871807,301871660,91.97,36.18279569892473,residential,False,24,147963281
301871807,6184996379,20.23,36.18279569892473,residential,False,35,147963281
301871807,301871636,67.47,36.18279569892473,residential,False,14,147963281
301871814,84554294,22.47,50.0,tertiary,False,14,147963281
301871814,6184996378,98.47,36.18279569892473,residential,False,23,147963281
301871814,84554292,86.05,50.0,tertiary,False,29,147963281
301873093,301873508,94.83,36.18279569892473,residential,False,32,147963281
301873093,6993991426,246.84,44.02390438247012,tertiary,False,33,147963281
301873093,6184995929,140.36,44.02390438247012,tertiary,False,26,147963281
301873508,301873093,94.83,36.18279569892473,residential,False,19,147963281
301873508,6370506534,73.02,36.18279569892473,residential,False,32,147963281
301873508,6184996300,45.67,36.18279569892473,residential,False,27,147963281
301875895,301877701,345.81,44.02390438247012,tertiary,False,20,6218659532
301875895,301877321,48.48,44.02390438247012,tertiary,False,32,6218659532
301875895,301878015,444.21,36.18279569892473,residential,False,33,6218659532
301875895,301877318,56.76,36.18279569892473,residential,False,27,6218659532
301877149,301950693,105.64,36.18279569892473,residential,False,30,105814816
301877149,12898466053,315.71,36.18279569892473,residential,False,16,105814816
301877149,301950692,267.09,36.18279569892473,residential,False,16,105814816
301877174,6996974566,19.73,36.18279569892473,residential,False,16,6218659532
301877174,301953018,89.51,36.18279569892473,residential,False,29,6218659532
301877174,301877176,148.38,36.18279569892473,residential,False,32,6218659532
301877174,301952754,139.89,36.18279569892473,residential,False,19,6218659532
301877176,6185022096,16.14,36.18279569892473,residential,False,31,6218659532
301877176,301877701,171.36,36.18279569892473,residential,False,21,6218659532
301877176,301877174,148.38,36.18279569892473,residential,False,31,6218659532
301877318,6185022097,199.21,36.18279569892473,residential,False,14,6218659532
301877318,301877321,84.02,36.18279569892473,residential,False,32,6218659532
301877318,301875895,56.76,36.18279569892473,residential,False,30,6218659532
301877318,6993967892,131.15,36.18279569892473,residential,False,15,6218659532
301877321,301951715,228.86,44.02390438247012,tertiary,False,26,6218659532
301877321,301875895,48.48,44.02390438247012,tertiary,False,27,6218659532
301877321,301877318,84.02,36.18279569892473,residential,False,32,6218659532
301877701,301875895,345.81,44.02390438247012,tertiary,False,30,6218659532
301877701,6996974572,49.95,44.02390438247012,tertiary,False,20,6218659532
301877701,301877176,171.36,36.18279569892473,residential,False,32,6218659532
301878015,301878019,90.76,36.18279569892473,residential,False,13,6218659532
301878015,301875895,444.21,36.18279569892473,residential,False,34,6218659532
301878015,6993903282,103.31,36.18279569892473,residential,False,21,6218659532
301878019,301878015,90.76,36.18279569892473,residential,False,27,6218659532
301946145,12906090335,69.59,36.18279569892473,residential,False,25,147963281
301946220,147952778,233.16,36.18279569892473,residential,False,28,147963281
301946260,301946315,96.15,36.18279569892473,residential,False,28,147963281
301946260,301946264,106.21,36.18279569892473,residential,False,31,147963281
301946260,147952780,13.06,36.18279569892473,residential,False,32,147963281
301946264,147953502,140.24,36.18279569892473,residential,False,23,147963281
301946264,147950328,134.08,36.18279569892473,residential,False,31,147963281
301946264,301946260,106.21,36.18279569892473,residential,False,33,147963281
301946288,147952780,65.85,36.18279569892473,residential,False,27,147963281
301946315,301946260,96.15,36.18279569892473,residential,False,19,147963281
301946394,12907533434,8.63,36.18279569892473,residential,False,23,147963281
301946394,78452212,42.52,60.0,secondary,False,35,147963281
301946394,11977428484,198.02,60.0,secondary,False,10,147963281
301946428,301946430,21.25,36.18279569892473,residential,False,26,147963281
301946430,301946428,21.25,36.18279569892473,residential,False,13,147963281
301946430,301946437,166.53,36.18279569892473,residential,False,10,147963281
301946430,78452212,53.76,36.18279569892473,residential,False,22,147963281
301946437,301946430,166.53,36.18279569892473,residential,False,14,147963281
301946437,301946460,49.65,36.18279569892473,residential,False,11,147963281
301946437,301946440,86.1,36.18279569892473,residential,False,31,147963281
301946440,301946437,86.1,36.18279569892473,residential,False,11,147963281
301946460,301946437,49.65,36.18279569892473,residential,False,16,147963281
301946461,105812548,100.49,36.18279569892473,residential,False,18,147963281
301946486,6396568474,58.75,36.18279569892473,residential,False,34,147963281
301946561,6883113402,178.37,36.18279569892473,residential,False,35,147963281
301947110,6997280516,13.35,40.0,tertiary,False,15,147963281
301947110,6993993425,15.81,36.18279569892473,residential,False,19,147963281
301947110,147949852,82.4,40.0,tertiary,False,31,147963281
301947218,6184841297,19.25,36.18279569892473,residential,False,18,147963281
301947218,6218732455,97.12,36.18279569892473,residential,False,14,147963281
301947218,6993993425,63.77,36.18279569892473,residential,False,11,147963281
301947224,6184841295,98.25,36.18279569892473,residential,False,32,147963281
301947224,6218732455,73.6,36.18279569892473,residential,False,35,147963281
301947224,301947228,93.44,36.18279569892473,residential,False,19,147963281
301947228,301947704,160.46,36.18279569892473,residential,False,16,147963281
301947228,6394834207,61.14,36.18279569892473,residential,False,34,147963281
301947228,301947224,93.44,36.18279569892473,residential,False,27,147963281
301947704,147960912,246.64,36.18279569892473,residential,False,11,147963281
301947704,301947228,160.46,36.18279569892473,residential,False,21,147963281
301947704,6218732455,134.85,36.18279569892473,residential,False,24,147963281
301947859,301947861,39.89,36.18279569892473,residential,False,13,6218659532
301947859,147960821,43.27,36.18279569892473,residential,False,29,6218659532
301947859,11337790521,87.58,36.18279569892473,residential,False,31,6218659532
301947861,301947859,39.89,36.18279569892473,residential,False,33,6218659532
301947900,6994035585,56.2,36.18279569892473,residential,False,27,6218659532
301947900,6394834200,48.56,36.18279569892473,residential,False,17,6218659532
301947900,6883076523,51.47,36.18279569892473,residential,False,33,6218659532
301947928,6184841288,122.99,36.18279569892473,residential,False,30,6218659532
301947928,147960912,249.64,36.18279569892473,residential,False,27,6218659532
301947928,6368906641,86.36,36.18279569892473,residential,False,22,6218659532
301948001,6368906641,29.24,36.18279569892473,residential,False,17,147963281
301948001,301948010,253.62,36.18279569892473,residential,False,26,147963281
301948001,301948049,88.44,36.18279569892473,residential,False,35,147963281
301948010,6993991462,33.53,36.18279569892473,residential,False,35,147963281
301948010,301948001,253.62,36.18279569892473,residential,False,35,147963281
301948010,6993991451,57.4,36.18279569892473,residential,False,32,147963281
301948017,6993991462,167.03,36.18279569892473,residential,False,19,147963281
301948017,84554341,59.21,44.02390438247012,tertiary,False,32,147963281
301948017,6997280516,409.25,40.0,tertiary,False,31,147963281
301948049,301948050,10.88,36.18279569892473,residential,False,11,147963281
301948049,301948001,88.44,36.18279569892473,residential,False,22,147963281
301948049,6394834207,100.41,20.0,"['living_street', 'residential']",False,22,147963281
301948050,301948049,10.88,36.18279569892473,residential,False,23,147963281
301948050,6883113416,38.63,36.18279569892473,residential,False,35,147963281
301948050,301948052,64.77,36.18279569892473,residential,False,31,147963281
301948052,301948050,64.77,36.18279569892473,residential,False,20,147963281
301948111,1955745229,16.75,36.18279569892473,residential,False,27,147963281
301948111,6361026342,39.77,36.18279569892473,residential,False,11,147963281
301948111,301948174,85.74,36.18279569892473,residential,False,10,147963281
301948174,301948111,85.74,36.18279569892473,residential,False,33,147963281
301948369,147954563,130.73,36.18279569892473,residential,False,18,6218659532
301948416,6361026342,9.7,36.18279569892473,residential,False,16,147963281
301948416,147950328,23.92,36.18279569892473,residential,False,29,147963281
301948416,301948583,162.63,36.18279569892473,residential,False,34,147963281
301948583,301948590,145.07,36.18279569892473,residential,False,24,147963281
301948583,301948416,162.63,36.18279569892473,residential,False,17,147963281
301948583,301948705,122.0,36.18279569892473,residential,False,30,147963281
301948590,301948583,145.07,36.18279569892473,residential,False,32,147963281
301948705,301948583,122.0,36.18279569892473,residential,False,32,147963281
301948705,301948710,161.1,36.18279569892473,residential,False,30,147963281
301948705,6184841298,74.7,36.18279569892473,residential,False,21,147963281
301948710,301948705,161.1,36.18279569892473,residential,False,34,147963281
301948710,1955745229,213.89,36.18279569892473,residential,False,28,147963281
301948710,6184841301,61.9,36.18279569892473,residential,False,27,147963281
301948975,147953502,20.58,36.18279569892473,residential,False,33,147963281
301948975,301948991,121.51,36.18279569892473,residential,False,29,147963281
301948975,105813212,145.13,36.18279569892473,residential,False,16,147963281
301948991,301948975,121.51,36.18279569892473,residential,False,34,147963281
301949021,12906457451,173.97,36.18279569892473,residential,False,33,147963281
301949021,147950328,95.91,36.18279569892473,residential,False,16,147963281
301949021,301949047,87.13,36.18279569892473,residential,False,19,147963281
301949047,301949103,43.27,36.18279569892473,residential,False,24,147963281
301949047,301949021,87.13,36.18279569892473,residential,False,15,147963281
301949047,301949049,111.45,36.18279569892473,residential,False,31,147963281
301949049,12906457451,6.62,36.18279569892473,residential,False,12,147963281
301949049,6218835370,85.35,36.18279569892473,residential,False,15,147963281
301949049,301949047,111.45,36.18279569892473,residential,False,15,147963281
301949103,301949047,43.27,36.18279569892473,residential,False,33,147963281
301949427,11335510060,7.21,36.18279569892473,residential,False,26,147963281
301949427,301949429,65.22,36.18279569892473,residential,False,13,147963281
301949427,105812535,122.64,36.18279569892473,residential,False,22,147963281
301949429,301949427,65.22,36.18279569892473,residential,False,11,147963281
301949430,105801897,139.03,40.0,residential,False,23,6218659532
301949430,105801900,60.16,40.0,residential,False,18,6218659532
301949430,301949462,74.99,40.0,residential,False,27,6218659532
301949462,301949488,36.36,36.18279569892473,residential,False,18,6218659532
301949462,301949466,148.72,40.0,residential,False,14,6218659532
301949462,301949430,74.99,40.0,residential,False,15,6218659532
301949466,301949462,148.72,40.0,residential,False,28,6218659532
301949488,301949503,158.18,36.18279569892473,residential,False,18,6218659532
301949488,6185021881,19.63,36.18279569892473,residential,False,10,6218659532
301949488,301949462,36.36,36.18279569892473,residential,False,20,6218659532
301949503,301949488,158.18,36.18279569892473,residential,False,24,6218659532
301949503,301949504,13.32,36.18279569892473,residential,False,32,6218659532
301949503,6184841311,15.99,36.18279569892473,residential,False,14,6218659532
301949504,301949503,13.32,36.18279569892473,residential,False,11,6218659532
301949507,301949508,32.82,36.18279569892473,residential,False,14,6218659532
301949507,301949518,148.16,36.18279569892473,residential,False,20,6218659532
301949507,6184841307,125.32,36.18279569892473,residential,False,29,6218659532
301949508,6184996337,11.03,36.18279569892473,residential,False,11,147963281
301949508,301949507,32.82,36.18279569892473,residential,False,34,147963281
301949508,6184996325,43.49,36.18279569892473,residential,False,30,147963281
301949518,301949507,148.16,36.18279569892473,residential,False,29,6218659532
301949518,301949552,70.52,36.18279569892473,residential,False,31,6218659532
301949518,301949550,23.33,36.18279569892473,residential,False,19,6218659532
301949520,105813212,31.32,36.18279569892473,residential,False,25,147963281
301949520,6184996339,70.08,36.18279569892473,residential,False,35,147963281
301949520,1969792195,83.39,36.18279569892473,residential,False,28,147963281
301949550,6242187793,37.93,36.18279569892473,residential,False,27,147963281
301949550,6184841305,65.47,36.18279569892473,residential,False,21,147963281
301949550,6184996346,25.63,36.18279569892473,residential,False,12,147963281
301949550,301949518,23.33,36.18279569892473,residential,False,35,147963281
301949552,6184841306,67.04,36.18279569892473,residential,False,32,6218659532
301949552,301950644,47.12,36.18279569892473,residential,False,20,6218659532
301949552,301949518,70.52,36.18279569892473,residential,False,26,6218659532
301949552,147956102,76.2,36.18279569892473,residential,False,17,6218659532
301949600,105801901,253.93,36.18279569892473,residential,False,15,6218659532
301949604,301949636,146.38,40.0,residential,False,26,6218659532
301949604,147955593,183.54,40.0,residential,False,12,6218659532
301949604,12890227121,100.18,40.0,residential,False,35,6218659532
301949636,301949604,146.38,40.0,residential,False,26,6218659532
301949970,6997256845,61.86,36.18279569892473,residential,False,15,6218659532
301950204,6218835372,26.37,36.18279569892473,residential,False,23,6218659532
301950204,6218852130,49.13,36.18279569892473,residential,False,27,6218659532
301950204,147956102,36.26,36.18279569892473,residential,False,27,6218659532
301950207,301950208,27.36,36.18279569892473,residential,False,22,6218659532
301950207,6184841303,15.12,36.18279569892473,residential,False,12,6218659532
301950207,6218852130,97.54,36.18279569892473,residential,False,21,6218659532
301950208,301950207,27.36,36.18279569892473,residential,False,17,6218659532
301950644,301949552,47.12,36.18279569892473,residential,False,16,6218659532
301950670,105801897,28.57,40.0,residential,False,31,105814816
301950670,301950676,160.89,40.0,residential,False,20,105814816
301950670,301950671,162.57,40.0,residential,False,20,105814816
301950671,301950670,162.57,40.0,residential,False,21,105814816
301950676,301950670,160.89,40.0,residential,False,19,105814816
301950692,301877149,267.09,36.18279569892473,residential,False,16,105814816
301950693,11337809840,150.85,36.18279569892473,residential,False,34,105814816
301950693,301877149,105.64,36.18279569892473,residential,False,29,105814816
301950693,301950706,41.78,36.18279569892473,residential,False,26,105814816
301950706,301950693,41.78,36.18279569892473,residential,False,25,105814816
301950763,301950859,81.38,40.0,residential,False,27,6218659532
301950763,105801900,78.33,40.0,residential,False,34,6218659532
301950763,301950765,54.29,40.0,residential,False,30,6218659532
301950765,301950763,54.29,40.0,residential,False,10,6218659532
301950859,301950763,81.38,40.0,residential,False,13,6218659532
301950860,6997014530,60.57,36.18279569892473,residential,False,31,6218659532
301950860,11337793945,107.44,36.18279569892473,residential,False,21,6218659532
301950860,6997014510,42.23,36.18279569892473,residential,False,24,6218659532
301950935,105806700,7.88,36.18279569892473,residential,False,17,6218659532
301950935,6997014530,84.28,36.18279569892473,residential,False,30,6218659532
301950935,301950952,100.42,36.18279569892473,residential,False,29,6218659532
301950952,301950935,100.42,36.18279569892473,residential,False,29,6218659532
301951715,301951717,99.78,44.02390438247012,tertiary,False,17,6218659532
301951715,301877321,228.86,44.02390438247012,tertiary,False,11,6218659532
301951715,4166286182,139.31,36.18279569892473,residential,False,31,6218659532
301951717,301951723,277.7,44.02390438247012,tertiary,False,20,6218659532
301951717,301951715,99.78,44.02390438247012,tertiary,False,22,6218659532
301951717,6993967908,87.91,36.18279569892473,residential,False,35,6218659532
301951723,6993967900,64.91,44.02390438247012,tertiary,False,13,6218659532
301951723,301951717,277.7,44.02390438247012,tertiary,False,22,6218659532
301951723,6993937164,228.46,36.18279569892473,residential,False,18,6218659532
301951724,6993967900,5.08,44.02390438247012,tertiary,False,27,6185036192
301951724,301959425,124.47,44.02390438247012,tertiary,False,33,6185036192
301951724,6363611463,95.6,36.18279569892473,residential,False,19,6185036192
301951732,301958520,39.99,36.18279569892473,residential,False,10,105814816
301951732,301958423,89.29,36.18279569892473,residential,False,26,105814816
301951732,301959425,303.17,36.18279569892473,residential,False,34,105814816
301951775,105817583,141.23,36.18279569892473,residential,False,21,105814816
301951775,6993967886,23.94,36.18279569892473,residential,False,26,105814816
301951775,6218338137,116.6,36.18279569892473,residential,False,35,105814816
301951779,6365113092,11.05,36.18279569892473,residential,False,26,6218659532
301951779,6218350369,81.75,36.18279569892473,residential,False,24,6218659532
301951779,6993967886,69.31,36.18279569892473,residential,False,25,6218659532
301952754,301952756,53.28,36.18279569892473,residential,False,11,6218659532
301952754,6883616122,121.64,36.18279569892473,residential,False,19,6218659532
301952754,301877174,139.89,36.18279569892473,residential,False,30,6218659532
301952756,6883855330,95.89,36.18279569892473,residential,False,16,6218659532
301952756,301952754,53.28,36.18279569892473,residential,False,20,6218659532
301952756,9162667630,80.85,36.18279569892473,residential,False,26,6218659532
301953018,6996974580,47.57,36.18279569892473,residential,False,12,6218659532
301953018,301877174,89.51,36.18279569892473,residential,False,13,6218659532
301953018,301953065,23.91,36.18279569892473,residential,False,15,6218659532
301953065,301953068,93.91,36.18279569892473,residential,False,34,6218659532
301953065,301953018,23.91,36.18279569892473,residential,False,27,6218659532
301953065,6993965862,72.83,36.18279569892473,residential,False,27,6218659532
301953068,301953065,93.91,36.18279569892473,residential,False,10,6218659532
301953073,105806698,41.6,36.18279569892473,residential,False,30,6218659532
301953073,6368610985,15.54,36.18279569892473,residential,False,12,6218659532
301953073,301953102,98.63,36.18279569892473,residential,False,16,6218659532
301953102,301953103,39.14,36.18279569892473,residential,False,31,6218659532
301953102,301953073,98.63,36.18279569892473,residential,False,30,6218659532
301953102,301953147,131.43,36.18279569892473,residential,False,34,6218659532
301953103,301953102,39.14,36.18279569892473,residential,False,16,6218659532
301953103,6993993433,78.01,36.18279569892473,residential,False,31,6218659532
301953103,6218659532,48.81,36.18279569892473,residential,False,23,6218659532
301953147,301953102,131.43,36.18279569892473,residential,False,13,6218659532
301953148,147960488,17.25,36.18279569892473,residential,False,16,6218659532
301953148,147960821,32.98,36.18279569892473,residential,False,27,6218659532
301953148,301953168,44.67,36.18279569892473,residential,False,32,6218659532
301953168,6218712586,14.0,36.18279569892473,residential,False,33,6218659532
301953168,301953148,44.67,36.18279569892473,residential,False,34,6218659532
301953168,6368649406,65.21,36.18279569892473,residential,False,23,6218659532
301953511,6997014512,52.26,36.18279569892473,residential,False,30,6218659532
301953511,6997014510,166.64,36.18279569892473,residential,False,12,6218659532
301953511,12898576162,41.29,36.18279569892473,residential,False,33,6218659532
301953777,2113092436,429.25,36.18279569892473,residential,False,31,301954258
301953777,11337784508,54.41,36.18279569892473,residential,False,14,301954258
301953777,301954086,126.0,36.18279569892473,residential,False,10,301954258
301953780,614457182,79.78,36.18279569892473,residential,False,24,301954258
301953780,11337784508,51.45,36.18279569892473,residential,False,32,301954258
301953780,105814672,69.38,36.18279569892473,residential,False,20,301954258
301953805,301953811,190.76,36.18279569892473,residential,False,11,301954258
301953805,105814672,112.19,36.18279569892473,residential,False,12,301954258
301953805,6882650148,20.69,36.18279569892473,residential,False,12,301954258
301953811,301953805,190.76,36.18279569892473,residential,False,11,301954258
301953952,6882650148,209.12,36.18279569892473,residential,False,15,301954258
301954086,11337787464,8.91,36.18279569892473,residential,False,35,301954258
301954086,301954146,197.94,36.18279569892473,residential,False,18,301954258
301954086,301953777,126.0,36.18279569892473,residential,False,27,301954258
301954146,301954086,197.94,36.18279569892473,residential,False,12,301954258
301954150,105815576,39.79,36.18279569892473,residential,False,28,6882362386
301954150,301954177,127.91,36.18279569892473,residential,False,17,6882362386
301954150,301954222,106.78,36.18279569892473,residential,False,18,6882362386
301954177,301954150,127.91,36.18279569892473,residential,False,23,6882362386
301954222,301954150,106.78,36.18279569892473,residential,False,22,6882362386
301954223,301954258,199.44,36.18279569892473,residential,False,24,301954258
301954223,11337787464,96.65,36.18279569892473,residential,False,30,301954258
301954223,105815576,71.49,36.18279569892473,residential,False,22,301954258
301954258,301954223,199.44,36.18279569892473,residential,False,23,301954258
301954711,301954714,97.32,36.18279569892473,residential,False,20,301954258
301954711,147929912,184.47,36.18279569892473,residential,False,10,301954258
301954711,2113092436,335.89,36.18279569892473,residential,False,22,301954258
301954714,301954711,97.32,36.18279569892473,residential,False,31,301954258
301956958,6366284783,67.67,36.18279569892473,residential,False,13,105814816
301956958,6366289686,62.07,36.18279569892473,residential,False,27,105814816
301956958,84552070,94.74,36.18279569892473,residential,False,10,105814816
301957113,6366284783,14.82,36.18279569892473,residential,False,30,105814816
301957114,147930342,24.5,36.18279569892473,residential,False,33,301954258
301957315,84551877,135.85,36.18279569892473,residential,False,29,105814816
301957518,6883853441,76.06,36.18279569892473,residential,False,12,105814816
301957534,84551883,116.96,36.18279569892473,residential,False,34,105814816
301958032,147928434,93.16,36.18279569892473,residential,False,33,105814816
301958038,147929344,29.74,36.18279569892473,residential,False,28,105814816
301958038,301958039,66.99,36.18279569892473,residential,False,11,105814816
301958038,147928434,59.0,36.18279569892473,residential,False,32,105814816
301958039,301958038,66.99,36.18279569892473,residential,False,12,105814816
301958039,301958041,51.82,36.18279569892473,residential,False,21,105814816
301958039,2113092204,148.42,36.18279569892473,residential,False,26,105814816
301958041,301958045,109.74,36.18279569892473,residential,False,13,105814816
301958041,301958039,51.82,36.18279569892473,residential,False,19,105814816
301958041,301958047,64.61,36.18279569892473,residential,False,35,105814816
301958045,301958041,109.74,36.18279569892473,residential,False,31,105814816
301958047,12889822802,10.98,36.18279569892473,residential,False,19,105814816
301958047,11337867272,220.34,36.18279569892473,residential,False,29,105814816
301958047,301958041,64.61,36.18279569892473,residential,False,12,105814816
301958094,6365510043,98.15,36.18279569892473,residential,False,19,105814816
301958094,12898862544,148.37,36.18279569892473,residential,False,34,105814816
301958094,301958277,261.41,36.18279569892473,residential,False,24,105814816
301958277,301958290,396.98,36.18279569892473,residential,False,22,105814816
301958277,301958094,261.41,36.18279569892473,residential,False,22,105814816
301958277,6218338133,97.82,36.18279569892473,residential,False,31,105814816
301958290,301958295,110.26,36.18279569892473,residential,False,10,105814816
301958290,301958277,396.98,36.18279569892473,residential,False,25,105814816
301958290,6365316762,30.94,36.18279569892473,residential,False,15,105814816
301958295,147929356,21.83,36.18279569892473,residential,False,27,105814816
301958295,301958290,110.26,36.18279569892473,residential,False,17,105814816
301958295,147928434,233.39,36.18279569892473,residential,False,14,105814816
301958417,7264982142,327.12,36.18279569892473,residential,False,33,105814816
301958417,6365509987,97.73,36.18279569892473,residential,False,22,105814816
301958417,301958423,112.27,36.18279569892473,residential,False,35,105814816
301958423,301958417,112.27,36.18279569892473,residential,False,35,105814816
301958423,6993937164,256.47,36.18279569892473,residential,False,27,105814816
301958423,301951732,89.29,36.18279569892473,residential,False,19,105814816
301958520,6365510034,292.87,36.18279569892473,residential,False,30,105814816
301958520,6185022109,87.38,36.18279569892473,residential,False,14,105814816
301958520,301951732,39.99,36.18279569892473,residential,False,19,105814816
301958531,6365510049,187.51,36.18279569892473,residential,False,31,105814816
301958531,6365510034,93.99,36.18279569892473,residential,False,35,105814816
301958531,6365509078,109.91,36.18279569892473,residential,False,33,105814816
301958648,105817579,73.98,36.18279569892473,residential,False,30,105814816
301958648,6365602163,225.84,36.18279569892473,residential,False,21,105814816
301958648,6394696596,255.03,36.18279569892473,residential,False,10,105814816
301958712,12890252017,75.53,36.18279569892473,residential,False,27,6185036192
301958712,301958848,104.64,36.18279569892473,residential,False,27,6185036192
301958712,105817739,104.63,60.0,primary,False,14,6185036192
301958712,301958887,146.55,60.0,primary,False,13,6185036192
301958848,301958849,37.22,36.18279569892473,residential,False,11,6185036192
301958848,301958712,104.64,36.18279569892473,residential,False,10,6185036192
301958848,6906598657,86.81,36.18279569892473,residential,False,28,6185036192
301958849,12887966520,102.48,36.18279569892473,residential,False,29,6185036192
301958849,301958848,37.22,36.18279569892473,residential,False,22,6185036192
301958849,12887927689,81.72,36.18279569892473,residential,False,27,6185036192
301958863,301958885,119.83,36.18279569892473,residential,False,27,6185036192
301958863,301958887,167.64,60.0,primary,False,12,6185036192
301958863,88959098,197.64,60.0,primary,False,19,6185036192
301958885,301958863,119.83,36.18279569892473,residential,False,16,6185036192
301958885,6871806932,67.19,36.18279569892473,residential,False,33,6185036192
301958885,301958887,62.67,36.18279569892473,residential,False,33,6185036192
301958887,301958885,62.67,36.18279569892473,residential,False,33,6185036192
301958887,301958712,146.55,60.0,primary,False,21,6185036192
301958887,301958863,167.64,60.0,primary,False,16,6185036192
301959108,6220417272,6.49,36.18279569892473,residential,False,23,6185036192
301959108,6364788683,132.51,36.18279569892473,residential,False,30,6185036192
301959108,6364788674,68.84,36.18279569892473,residential,False,26,6185036192
301959425,301951724,124.47,44.02390438247012,tertiary,False,14,6185036192
301959425,2108596571,236.76,50.0,tertiary,False,15,6185036192
301959425,301951732,303.17,36.18279569892473,residential,False,15,6185036192
301959643,147915550,7.19,36.18279569892473,residential,False,17,6185036192
301959643,6363523401,35.49,36.18279569892473,residential,False,29,6185036192
301959643,6199657193,177.75,36.18279569892473,residential,False,18,6185036192
301959761,6906509693,14.27,36.18279569892473,residential,False,16,6185036192
301959761,301959763,124.22,36.18279569892473,residential,False,13,6185036192
301959761,6906509695,192.47,36.18279569892473,residential,False,15,6185036192
301959763,301959761,124.22,36.18279569892473,residential,False,31,6185036192
301959921,301959927,352.26,36.18279569892473,residential,False,35,6185036192
301959921,88960688,163.46,36.18279569892473,residential,False,28,6185036192
301959921,11337769012,81.81,36.18279569892473,residential,False,11,6185036192
301959927,301959929,50.76,36.18279569892473,residential,False,34,6185036192
301959927,301959921,352.26,36.18279569892473,residential,False,27,6185036192
301959927,11337775437,221.26,36.18279569892473,residential,False,24,6185036192
301959929,88960281,91.21,40.0,tertiary,False,30,6185036192
301959929,6218424261,89.5,40.0,tertiary,False,27,6185036192
301959929,301959927,50.76,36.18279569892473,residential,False,12,6185036192
301959963,6909877286,41.6,36.18279569892473,residential,False,19,6185036192
302331462,82655420,325.6,50.0,residential,False,31,256619924
302331462,254315020,211.35,36.18279569892473,residential,False,12,256619924
302331462,6391840495,119.58,36.18279569892473,residential,False,18,256619924
302332309,4680630090,42.97,50.0,residential,False,13,256619924
302332309,3105399708,86.86,50.0,residential,False,16,256619924
302332309,12888076834,207.66,36.18279569892473,residential,False,33,256619924
302332623,2070716956,70.83,36.18279569892473,residential,False,28,256619924
302332623,302332628,114.94,36.18279569892473,residential,False,25,256619924
302332623,302332654,72.52,36.18279569892473,residential,False,20,256619924
302332628,302332623,114.94,36.18279569892473,residential,False,21,256619924
302332654,302332623,72.52,36.18279569892473,residential,False,14,256619924
302332654,302332656,24.12,36.18279569892473,residential,False,31,256619924
302332654,12888128353,34.77,36.18279569892473,residential,False,30,256619924
302332656,302333574,4.18,36.18279569892473,residential,False,17,256619924
302332656,302332984,161.57,36.18279569892473,residential,False,13,256619924
302332656,302332654,24.12,36.18279569892473,residential,False,19,256619924
302332984,302332656,161.57,36.18279569892473,residential,False,29,256619924
302332993,3104020101,32.79,36.18279569892473,residential,False,12,256619924
302332993,3104056580,273.53,36.18279569892473,residential,False,16,256619924
302332993,302333574,45.86,36.18279569892473,residential,False,20,256619924
302333009,6392058798,74.08,36.18279569892473,residential,False,25,256619924
302333567,302333573,117.41,36.18279569892473,residential,False,24,256619924
302333573,302333574,25.37,36.18279569892473,residential,False,20,256619924
302333573,302333567,117.41,36.18279569892473,residential,False,29,256619924
302333573,4680630095,75.92,36.18279569892473,residential,False,31,256619924
302333574,302332656,4.18,36.18279569892473,residential,False,19,256619924
302333574,302333573,25.37,36.18279569892473,residential,False,32,256619924
302333574,302332993,45.86,36.18279569892473,residential,False,28,256619924
302334605,6199033594,30.02,36.18279569892473,residential,False,14,256619924
302334605,6209910721,89.7,36.18279569892473,residential,False,28,256619924
302334605,302334610,89.57,36.18279569892473,residential,False,28,256619924
302334610,6199033593,36.94,36.18279569892473,residential,False,21,256619924
302334610,302334605,89.57,36.18279569892473,residential,False,35,256619924
302334610,4942281559,289.85,36.18279569892473,residential,False,20,256619924
302335107,4887395338,178.51,36.18279569892473,residential,False,23,256619924
302335107,3659891007,27.31,36.18279569892473,residential,False,15,256619924
302335107,3659891002,58.0,36.18279569892473,residential,False,10,256619924
302335125,6955763719,12.18,36.18279569892473,residential,False,20,256619924
302335125,302335223,75.59,36.18279569892473,residential,False,17,256619924
302335125,12888837750,305.09,36.18279569892473,residential,False,35,256619924
302335223,8174717605,8.45,36.18279569892473,residential,False,17,256619924
302335223,302335125,75.59,36.18279569892473,residential,False,32,256619924
302335223,12888837741,41.85,36.18279569892473,residential,False,33,256619924
302335225,8174717596,29.55,36.18279569892473,residential,False,30,256619924
302335225,302335424,39.77,36.18279569892473,residential,False,23,256619924
302335225,3659890997,102.91,36.18279569892473,residential,False,18,256619924
302335424,302335225,39.77,36.18279569892473,residential,False,21,256619924
302335424,12888076848,17.33,36.18279569892473,residential,False,14,256619924
302335424,82644698,150.44,36.18279569892473,residential,False,31,256619924
302335525,254313929,165.11,36.18279569892473,residential,False,33,256619924
302335706,82658912,23.84,36.18279569892473,residential,False,20,256619924
302335708,82658898,16.86,36.18279569892473,residential,False,25,256619924
302335708,302335783,51.55,36.18279569892473,residential,False,24,256619924
302335708,302335809,180.26,36.18279569892473,residential,False,24,256619924
302335783,302335708,51.55,36.18279569892473,residential,False,21,256619924
302335809,5536195306,136.56,36.18279569892473,residential,False,34,256619924
302335809,302335708,180.26,36.18279569892473,residential,False,19,256619924
302335809,302335840,68.9,36.18279569892473,residential,False,25,256619924
302335840,2229480424,51.89,36.18279569892473,residential,False,27,256619924
302335840,302335809,68.9,36.18279569892473,residential,False,13,256619924
302335840,2229494074,77.06,36.18279569892473,residential,False,15,256619924
302335936,82658533,27.92,36.18279569892473,residential,False,30,256619924
302335936,302336201,172.47,36.18279569892473,residential,False,29,256619924
302335936,302335967,180.26,36.18279569892473,residential,False,12,256619924
302335967,302335936,180.26,36.18279569892473,residential,False,18,256619924
302336201,302335936,172.47,36.18279569892473,residential,False,14,256619924
302336201,82658524,101.42,36.18279569892473,residential,False,27,256619924
302336201,2229490038,165.3,36.18279569892473,residential,False,16,256619924
302336373,82658524,208.41,36.18279569892473,residential,False,18,256619924
302336430,82658896,187.38,36.18279569892473,residential,False,33,256619924
302336510,2070715969,89.69,36.18279569892473,residential,False,30,256619924
302336817,302336819,93.46,36.18279569892473,residential,False,12,256619924
302336817,82658912,57.0,36.18279569892473,residential,False,33,256619924
302336817,2070716028,97.89,36.18279569892473,residential,False,12,256619924
302336819,6394763781,132.56,40.0,residential,False,10,256619924
302336819,255000072,482.09,40.0,residential,False,26,256619924
302336819,302336817,93.46,36.18279569892473,residential,False,30,256619924
302338341,82643955,40.28,36.18279569892473,residential,False,10,256619924
302338341,302340419,175.47,36.18279569892473,residential,False,28,256619924
302338341,302338356,135.88,36.18279569892473,residential,False,28,256619924
302338356,302338370,265.78,36.18279569892473,residential,False,22,256619924
302338356,302338341,135.88,36.18279569892473,residential,False,34,256619924
302338356,302339200,27.34,36.18279569892473,residential,False,28,256619924
302338370,302338356,265.78,36.18279569892473,residential,False,16,256619924
302338370,4942281574,222.59,36.18279569892473,residential,False,11,256619924
302338370,302339193,275.28,36.18279569892473,residential,False,27,256619924
302338370,6955763719,83.72,36.18279569892473,residential,False,18,256619924
302338391,4942281574,245.82,36.18279569892473,residential,False,27,256619924
302338391,4753351024,259.99,36.18279569892473,residential,False,27,256619924
302338391,6956167741,105.91,36.18279569892473,residential,False,25,256619924
302339162,302339212,18.25,36.18279569892473,residential,False,30,256619924
302339162,302340817,46.61,36.18279569892473,residential,False,34,256619924
302339162,302339164,39.78,36.18279569892473,residential,False,14,256619924
302339164,12889117297,78.54,36.18279569892473,residential,False,21,256619924
302339164,302339168,73.11,36.18279569892473,residential,False,22,256619924
302339164,302339162,39.78,36.18279569892473,residential,False,17,256619924
302339168,4942281522,225.3,36.18279569892473,residential,False,34,256619924
302339168,302339172,97.11,36.18279569892473,residential,False,28,256619924
302339168,302339164,73.11,36.18279569892473,residential,False,33,256619924
302339172,4942281412,83.07,36.18279569892473,residential,False,19,256619924
302339172,4942281415,68.92,36.18279569892473,residential,False,14,256619924
302339172,302339168,97.11,36.18279569892473,residential,False,24,256619924
302339172,302339179,76.41,36.18279569892473,residential,False,26,256619924
302339179,956431024,39.65,36.18279569892473,residential,False,26,256619924
302339179,4942281412,30.67,36.18279569892473,residential,False,12,256619924
302339179,302339172,76.41,36.18279569892473,residential,False,22,256619924
302339183,956431024,60.76,36.18279569892473,residential,False,21,256619924
302339183,302339190,120.36,36.18279569892473,residential,False,26,256619924
302339183,6199033610,25.58,36.18279569892473,residential,False,10,256619924
302339190,12886973819,6.26,36.18279569892473,residential,False,31,256619924
302339190,302339183,120.36,36.18279569892473,residential,False,17,256619924
302339190,6010303642,56.86,36.18279569892473,residential,False,35,256619924
302339193,12886973819,9.98,36.18279569892473,residential,False,29,256619924
302339193,302338370,275.28,36.18279569892473,residential,False,31,256619924
302339193,12886973820,4.15,36.18279569892473,residential,False,15,256619924
302339200,6010303662,34.68,36.18279569892473,residential,False,34,256619924
302339200,302338356,27.34,36.18279569892473,residential,False,26,256619924
302339200,12886973820,114.48,36.18279569892473,residential,False,14,256619924
302339212,302339162,18.25,36.18279569892473,residential,False,24,256619924
302339212,302340419,72.01,36.18279569892473,residential,False,15,256619924
302339212,6010303664,124.8,36.18279569892473,residential,False,15,256619924
302340001,82908411,5.99,44.02390438247012,tertiary,False,28,256619924
302340001,82643724,115.27,44.02390438247012,tertiary,False,28,256619924
302340001,302340159,309.07,36.18279569892473,residential,False,31,256619924
302340159,302340001,309.07,36.18279569892473,residential,False,14,256619924
302340419,302339212,72.01,36.18279569892473,residential,False,33,256619924
302340419,302338341,175.47,36.18279569892473,residential,False,33,256619924
302340419,254316810,286.45,36.18279569892473,residential,False,25,256619924
302340738,254316813,180.97,36.18279569892473,residential,False,21,320981769
302340804,12887112994,10.6,36.18279569892473,residential,False,11,320981769
302340804,4942281525,101.87,36.18279569892473,residential,False,17,320981769
302340804,12887112988,46.82,36.18279569892473,residential,False,34,320981769
302340804,12900774935,64.48,36.18279569892473,residential,False,25,320981769
302340813,302340817,37.65,36.18279569892473,residential,False,17,320981769
302340813,4942281525,157.51,36.18279569892473,residential,False,12,320981769
302340813,6955763746,71.71,36.18279569892473,residential,False,18,320981769
302340817,302340813,37.65,36.18279569892473,residential,False,21,256619924
302340817,4942281534,44.11,36.18279569892473,residential,False,17,256619924
302340817,302339162,46.61,36.18279569892473,residential,False,11,256619924
302340820,6955763746,33.27,36.18279569892473,residential,False,31,320981769
302341641,89037171,80.86,36.18279569892473,residential,False,16,256619924
302341641,89037033,180.16,36.18279569892473,residential,False,26,256619924
302341641,254312733,93.89,36.18279569892473,residential,False,35,256619924
302343718,89039717,94.42,36.18279569892473,residential,False,21,320981769
302343718,89039714,80.93,36.18279569892473,residential,False,22,320981769
302343718,302343906,92.95,36.18279569892473,residential,False,25,320981769
302343906,302343718,92.95,36.18279569892473,residential,False,24,320981769
302344347,82641894,67.09,44.02390438247012,tertiary,False,11,320981769
302344347,89039717,24.23,44.02390438247012,tertiary,False,11,320981769
302344347,12735642222,119.41,36.18279569892473,residential,False,30,320981769
309197075,82625134,9.47,36.18279569892473,residential,False,20,320050383
309197075,309197257,40.37,36.18279569892473,residential,False,13,320050383
309197234,309197257,68.13,36.18279569892473,residential,False,32,320050383
309197234,10832837312,145.58,36.18279569892473,residential,False,26,320050383
309197234,1800317445,62.91,36.18279569892473,residential,False,30,320050383
309197257,309197234,68.13,36.18279569892473,residential,False,18,320050383
309197257,309197075,40.37,36.18279569892473,residential,False,33,320050383
310542354,1488500922,4.51,36.18279569892473,residential,False,18,320981769
310542354,82908462,952.58,36.18279569892473,residential,False,28,320981769
310542354,310542466,1462.58,45.0,unclassified,False,27,320981769
310542466,310542354,1462.58,45.0,unclassified,False,28,320981769
310542466,1502720209,536.6,45.0,unclassified,False,15,320981769
310542466,574872170,244.32,45.0,unclassified,False,22,320981769
310543971,492688988,2986.81,45.0,unclassified,False,30,320981769
310543971,4942281362,84.53,45.0,unclassified,False,22,320981769
310543971,1180320965,1022.41,45.0,unclassified,False,21,320981769
310545847,1474118433,144.88,36.18279569892473,residential,False,28,320981769
310545847,82911076,456.78,36.18279569892473,residential,False,30,320981769
310545847,1474121858,184.99,36.18279569892473,residential,False,12,320981769
310546141,93775506,280.6,45.0,unclassified,False,26,320981769
310546535,12900828597,44.75,44.02390438247012,tertiary,False,18,320981769
310546535,1488509599,174.03,44.02390438247012,tertiary,False,22,320981769
310546535,6913838084,137.86,36.18279569892473,residential,False,17,320981769
310549201,310549236,86.86,36.18279569892473,residential,False,26,82703794
310549201,6209982113,99.27,36.18279569892473,residential,False,22,82703794
310549236,89025574,50.12,36.18279569892473,residential,False,21,82703794
310549236,310549201,86.86,36.18279569892473,residential,False,21,82703794
310549314,82650400,43.49,44.02390438247012,tertiary,False,25,82703794
310549314,89026293,113.2,20.0,living_street,False,35,82703794
310549798,89020140,60.69,20.0,residential,False,25,256619924
310550868,1988920555,45.12,36.18279569892473,residential,False,29,82703794
310550868,310550934,99.05,36.18279569892473,residential,False,10,82703794
310550868,89018114,20.26,20.0,residential,False,26,82703794
310550934,89023505,12.19,36.18279569892473,residential,False,14,256619924
310552279,89016594,70.23,36.18279569892473,residential,False,24,82703794
310552342,310552279,210.3,36.18279569892473,residential,False,15,82703794
310552342,6168958427,67.84,36.18279569892473,residential,False,17,82703794
310552840,12901219127,165.44,36.18279569892473,residential,False,12,256619924
313199313,6879900300,23.1,36.18279569892473,residential,False,26,82903274
314640862,254280798,281.49,36.18279569892473,residential,False,30,82668285
314640862,314640865,112.02,36.18279569892473,residential,False,18,82668285
314640865,314640874,106.12,36.18279569892473,residential,False,16,82668285
314640865,314640862,112.02,36.18279569892473,residential,False,14,82668285
314640865,12890505197,29.21,36.18279569892473,residential,False,15,82668285
314640874,583505572,179.47,36.18279569892473,residential,False,15,82668285
314640874,314640865,106.12,36.18279569892473,residential,False,21,82668285
314640874,314641469,86.37,36.18279569892473,residential,False,29,82668285
314641469,314640874,86.37,36.18279569892473,residential,False,32,82668285
314641575,5752404234,90.76,36.18279569892473,residential,False,13,82668285
314641575,314641602,232.12,36.18279569892473,residential,False,31,82668285
314641575,314641632,9.92,36.18279569892473,residential,False,17,82668285
314641602,12911996242,340.08,36.18279569892473,residential,False,23,82668285
314641602,82667702,172.55,36.18279569892473,residential,False,35,82668285
314641602,314641575,232.12,36.18279569892473,residential,False,20,82668285
314641632,82666578,26.65,36.18279569892473,residential,False,33,82668285
314641632,1788617454,81.28,36.18279569892473,residential,False,13,82668285
314641632,314641575,9.92,36.18279569892473,residential,False,25,82668285
316054613,12904023260,111.95,53.482142857142854,secondary,False,31,82903274
316054613,33222648,22.53,53.482142857142854,secondary,True,25,82903274
316054613,316054951,267.62,36.18279569892473,residential,False,25,82903274
316054951,2135250275,46.82,36.18279569892473,residential,False,16,847937526
316054951,268829663,112.92,36.18279569892473,residential,False,28,847937526
316054951,316054613,267.62,36.18279569892473,residential,False,15,847937526
316055289,3241790365,6.01,36.18279569892473,residential,False,30,847937526
316055289,12904023260,137.36,36.18279569892473,residential,False,23,847937526
316055289,2135246462,16.94,20.0,living_street,False,10,847937526
316055298,6861093132,30.27,36.18279569892473,residential,False,17,847937526
316055367,316055368,31.73,36.18279569892473,residential,False,11,82903274
316055367,316055525,185.58,36.18279569892473,residential,False,14,82903274
316055367,6361377220,41.64,36.18279569892473,residential,False,28,82903274
316055368,316055371,45.79,36.18279569892473,residential,False,28,82903274
316055368,316055367,31.73,36.18279569892473,residential,False,15,82903274
316055368,6213047828,106.42,36.18279569892473,residential,False,14,82903274
316055371,316055374,85.78,36.18279569892473,residential,False,30,82903274
316055371,316055368,45.79,36.18279569892473,residential,False,26,82903274
316055371,3428376384,205.87,36.18279569892473,residential,False,11,82903274
316055374,6213047816,96.85,36.18279569892473,residential,False,28,82903274
316055374,316055371,85.78,36.18279569892473,residential,False,14,82903274
316055374,6361327949,21.81,20.0,living_street,False,11,82903274
316055525,316055367,185.58,36.18279569892473,residential,False,15,82903274
316056851,316056921,9.47,36.18279569892473,residential,False,18,82903274
316056851,11172142589,84.42,60.0,primary,False,15,82903274
316056851,6579136831,289.2,60.0,primary,True,26,82903274
316056921,316056851,9.47,36.18279569892473,residential,True,22,82903274
316056921,316057012,27.82,36.18279569892473,residential,False,29,82903274
316056921,316056928,122.89,36.18279569892473,residential,False,28,82903274
316056928,6970430350,118.33,36.18279569892473,residential,False,30,11346035713
316056928,316056921,122.89,36.18279569892473,residential,False,10,11346035713
316056928,256394594,87.16,36.18279569892473,residential,False,33,11346035713
316057012,316056921,27.82,36.18279569892473,residential,False,33,82903274
316057012,316057014,25.93,36.18279569892473,residential,False,31,82903274
316057012,6867964681,81.89,36.18279569892473,residential,False,19,82903274
316057014,6868194829,27.17,36.18279569892473,residential,False,12,82903274
316057014,316057012,25.93,36.18279569892473,residential,False,16,82903274
316057014,5127810798,121.43,36.18279569892473,residential,False,24,82903274
316057020,6868194829,300.27,36.18279569892473,residential,False,29,82903274
316057070,316057071,29.79,36.18279569892473,residential,False,25,11346035713
316057070,11258115264,60.66,36.18279569892473,residential,False,25,11346035713
316057070,11258115246,46.9,36.18279569892473,residential,False,15,11346035713
316057071,316057070,29.79,36.18279569892473,residential,False,17,11346035713
316057112,316057114,77.38,36.18279569892473,residential,False,23,82903274
316057112,6191116108,91.26,36.18279569892473,residential,False,29,82903274
316057112,6191116097,10.94,36.18279569892473,residential,False,14,82903274
316057114,6368684427,256.98,36.18279569892473,residential,False,35,847937526
316057114,316057112,77.38,36.18279569892473,residential,False,28,847937526
316057114,13430142547,81.09,20.0,residential,False,34,847937526
316057123,6191116086,61.26,36.18279569892473,residential,False,15,847937526
316057123,6368684427,71.29,36.18279569892473,residential,False,29,847937526
316057123,6191116092,72.85,36.18279569892473,residential,False,31,847937526
316057125,316057334,15.6,36.18279569892473,residential,False,26,847937526
316057125,1392818675,320.99,36.18279569892473,residential,False,18,847937526
316057125,146266729,63.64,36.18279569892473,residential,False,15,847937526
316057334,316057125,15.6,36.18279569892473,residential,False,33,847937526
316057334,6191116086,39.26,36.18279569892473,residential,False,31,847937526
316057334,6975294305,85.75,36.18279569892473,residential,False,20,847937526
316057469,6191116097,70.07,36.18279569892473,residential,False,24,82903274
316057511,12909380427,3.79,36.18279569892473,residential,False,29,847937526
316057511,316057514,107.76,36.18279569892473,residential,False,28,847937526
316057511,1021674259,166.88,36.18279569892473,residential,False,12,847937526
316057514,316057511,107.76,36.18279569892473,residential,False,17,847937526
316057514,1021656114,85.45,36.18279569892473,residential,False,22,847937526
316057514,1392818655,30.58,36.18279569892473,residential,False,22,847937526
316495559,1383425989,61.02,36.18279569892473,residential,False,14,320981769
317631775,317631915,86.45,36.18279569892473,residential,False,13,256619924
317631775,6956022978,23.68,36.18279569892473,residential,False,10,256619924
317631778,317633765,134.24,36.18279569892473,residential,False,16,256619924
317631778,317633421,57.52,36.18279569892473,residential,False,26,256619924
317631778,317631915,54.65,36.18279569892473,residential,False,26,256619924
317631808,12898627799,36.81,36.18279569892473,residential,False,31,256619924
317631812,5204637379,209.41,36.18279569892473,residential,False,23,256619924
317631812,317633513,177.31,36.18279569892473,residential,False,14,256619924
317631812,9566815617,82.17,36.18279569892473,residential,False,29,256619924
317631915,317631994,153.22,36.18279569892473,residential,False,13,256619924
317631915,317631775,86.45,36.18279569892473,residential,False,15,256619924
317631915,317631778,54.65,36.18279569892473,residential,False,25,256619924
317631994,2546765929,39.15,36.18279569892473,residential,False,29,256619924
317631994,317632085,55.97,36.18279569892473,residential,False,29,256619924
317631994,317631915,153.22,36.18279569892473,residential,False,11,256619924
317632085,317632516,83.81,36.18279569892473,residential,False,35,256619924
317632085,317631994,55.97,36.18279569892473,residential,False,27,256619924
317632085,317633765,71.69,36.18279569892473,residential,False,26,256619924
317632516,12898860222,15.03,36.18279569892473,residential,False,34,256619924
317632516,317632085,83.81,36.18279569892473,residential,False,13,256619924
317632516,1949723883,75.34,36.18279569892473,residential,False,12,256619924
317632796,317632797,60.11,36.18279569892473,residential,False,25,256619924
317632797,317633765,48.99,36.18279569892473,residential,False,31,256619924
317632797,317632796,60.11,36.18279569892473,residential,False,14,256619924
317632797,317633421,188.85,36.18279569892473,residential,False,29,256619924
317633421,317632797,188.85,36.18279569892473,residential,False,27,256619924
317633421,317631778,57.52,36.18279569892473,residential,False,10,256619924
317633421,317633513,159.04,36.18279569892473,residential,False,34,256619924
317633513,1949723883,273.73,36.18279569892473,residential,False,31,256619924
317633513,317633421,159.04,36.18279569892473,residential,False,30,256619924
317633513,317631812,177.31,36.18279569892473,residential,False,23,256619924
317633765,317632797,48.99,36.18279569892473,residential,False,26,256619924
317633765,317632085,71.69,36.18279569892473,residential,False,23,256619924
317633765,317631778,134.24,36.18279569892473,residential,False,21,256619924
320044172,320044306,17.01,36.18279569892473,residential,False,11,320044172
320044172,320044296,38.34,36.18279569892473,residential,False,32,320044172
320044172,320064703,138.35,36.18279569892473,residential,False,26,320044172
320044296,320044299,91.13,36.18279569892473,residential,False,23,320044172
320044296,320044172,38.34,36.18279569892473,residential,False,17,320044172
320044296,320049455,103.97,36.18279569892473,residential,False,35,320044172
320044299,301374461,65.83,36.18279569892473,residential,False,25,320044172
320044299,301374458,71.85,36.18279569892473,residential,False,35,320044172
320044299,320044296,91.13,36.18279569892473,residential,False,34,320044172
320044306,320044172,17.01,36.18279569892473,residential,False,22,320044172
320044306,301374462,103.75,36.18279569892473,residential,False,21,320044172
320044306,301373930,68.19,36.18279569892473,residential,False,28,320044172
320044519,1490383903,39.98,36.18279569892473,residential,False,35,320044172
320044519,301374462,50.37,36.18279569892473,residential,False,33,320044172
320044519,320044620,57.35,36.18279569892473,residential,False,34,320044172
320044620,320045101,71.79,36.18279569892473,residential,False,32,90214098
320044620,320044519,57.35,36.18279569892473,residential,False,28,90214098
320044620,1490383903,119.85,36.18279569892473,residential,False,13,90214098
320044822,320045101,85.84,36.18279569892473,residential,False,23,90214098
320044822,301374458,113.93,36.18279569892473,residential,False,14,90214098
320044822,320044825,57.9,20.0,living_street,False,18,90214098
320044825,90214098,129.7,36.18279569892473,residential,False,25,90214098
320044825,90214109,111.92,36.18279569892473,residential,False,34,90214098
320044825,320044822,57.9,20.0,living_street,False,17,90214098
320045101,320044620,71.79,36.18279569892473,residential,False,12,90214098
320045101,320044822,85.84,36.18279569892473,residential,False,19,90214098
320045101,6222592512,56.5,20.0,living_street,False,29,90214098
320048711,82627861,54.68,20.0,living_street,False,27,90214098
320049455,12784604560,86.61,36.18279569892473,residential,False,23,320044172
320049455,320044296,103.97,36.18279569892473,residential,False,18,320044172
320049455,301374421,124.75,36.18279569892473,residential,False,16,320044172
320049762,301373646,83.71,53.482142857142854,secondary,False,10,90214098
320049762,82700965,20.13,53.482142857142854,secondary,False,32,90214098
320049762,90212490,48.02,36.18279569892473,residential,False,33,90214098
320049802,90212490,30.72,36.18279569892473,residential,False,35,90214098
320049802,301373738,124.19,36.18279569892473,residential,False,10,90214098
320049802,320049820,53.97,36.18279569892473,residential,False,28,90214098
320049820,320049802,53.97,36.18279569892473,residential,False,26,90214098
320050383,82701733,119.88,36.18279569892473,residential,False,13,320050383
320050384,6190618059,14.75,36.18279569892473,residential,False,26,90214098
320062590,82626669,20.31,36.18279569892473,residential,False,10,90214098
320062590,90206139,79.85,36.18279569892473,residential,False,22,90214098
320062590,320062704,40.01,36.18279569892473,residential,False,30,90214098
320062704,6861499256,82.85,36.18279569892473,residential,False,16,90214098
320062704,320062705,32.96,36.18279569892473,residential,False,32,90214098
320062704,320062590,40.01,36.18279569892473,residential,False,35,90214098
320062705,320062705,110.35,36.18279569892473,residential,False,20,90214098
320062705,320062705,110.35,36.18279569892473,residential,False,23,90214098
320062705,320062704,32.96,36.18279569892473,residential,False,21,90214098
320064703,301374313,111.42,36.18279569892473,residential,False,13,320044172
320064805,1922076979,14.58,36.18279569892473,residential,False,14,320044172
320064805,6978500733,16.82,36.18279569892473,residential,False,23,320044172
320064805,320065577,116.87,36.18279569892473,residential,False,30,320044172
320065577,320064805,116.87,36.18279569892473,residential,False,28,320044172
320067944,6355024135,110.66,36.18279569892473,residential,False,18,388276886
320067944,12773089502,238.74,54.67289719626168,primary,False,18,388276886
320067944,33222633,316.2,54.67289719626168,primary,False,27,388276886
320068032,6355024135,4.17,36.18279569892473,residential,False,23,388276886
320068032,904972369,88.72,36.18279569892473,residential,False,28,388276886
320068032,320068034,58.06,36.18279569892473,residential,False,21,388276886
320068034,388277664,69.2,36.18279569892473,residential,False,29,388276886
320068034,388277643,110.41,36.18279569892473,residential,False,18,388276886
320068034,320068032,58.06,36.18279569892473,residential,False,31,388276886
320070413,6879858960,116.65,30.0,residential,False,22,82686004
320070414,83741802,104.55,30.0,residential,False,34,82686004
320070948,88983602,35.05,50.0,primary,False,16,82703794
320070948,11672522121,81.53,50.0,primary,False,23,82703794
320312106,84575056,13.02,36.18279569892473,residential,False,27,93731379
320312106,320312956,37.91,36.18279569892473,residential,False,35,93731379
320312956,320312106,37.91,36.18279569892473,residential,False,27,93731379
320324939,83549422,13.59,50.0,tertiary,False,25,93731379
320324939,6366146268,330.73,50.0,tertiary,False,15,93731379
320977904,320977905,31.36,36.18279569892473,residential,False,21,256619924
320977904,82645957,216.1,36.18279569892473,residential,False,27,256619924
320977904,6967771921,133.41,36.18279569892473,residential,False,27,256619924
320977905,320977904,31.36,36.18279569892473,residential,False,25,256619924
320978530,320978602,66.97,36.18279569892473,residential,False,18,256619924
320978530,82645214,38.08,36.18279569892473,residential,False,19,256619924
320978530,256619288,66.43,36.18279569892473,residential,False,28,256619924
320978602,320978530,66.97,36.18279569892473,residential,False,21,256619924
320979357,12901219145,14.86,36.18279569892473,residential,False,34,320981769
320979357,8270157345,85.6,36.18279569892473,residential,False,32,320981769
320979357,12901219128,49.31,36.18279569892473,residential,False,22,320981769
320981768,6166982466,17.68,36.18279569892473,residential,False,33,320981769
320981768,320981769,51.76,36.18279569892473,residential,False,14,320981769
320981768,6166982432,166.38,36.18279569892473,residential,False,31,320981769
320981769,320981771,26.43,36.18279569892473,residential,False,13,320981769
320981769,686454183,7.82,36.18279569892473,residential,False,33,320981769
320981769,320981768,51.76,36.18279569892473,residential,False,17,320981769
320981771,320981769,26.43,36.18279569892473,residential,False,24,320981769
320981771,320981774,146.07,36.18279569892473,residential,False,35,320981769
320981774,89042111,70.85,36.18279569892473,residential,False,32,320981769
320981774,82641159,76.27,36.18279569892473,residential,False,15,320981769
320981774,320981771,146.07,36.18279569892473,residential,False,13,320981769
338694464,6821365871,32.58,36.18279569892473,residential,False,16,6185036192
338694464,471183757,109.01,36.18279569892473,residential,False,26,6185036192
338694464,6821399348,47.52,36.18279569892473,residential,False,22,6185036192
338694471,6821376450,132.19,36.18279569892473,residential,False,35,6185036192
338694471,471183757,106.14,36.18279569892473,residential,False,20,6185036192
338694471,471184220,254.3,36.18279569892473,residential,False,35,6185036192
338694500,6821376404,35.19,36.18279569892473,residential,False,27,6185036192
338694500,471183764,203.8,36.18279569892473,residential,False,29,6185036192
338694505,6821376404,114.55,36.18279569892473,residential,False,32,6185036192
346286013,82701846,108.71,36.18279569892473,residential,False,31,320050383
346286013,82701724,78.2,36.18279569892473,residential,False,32,320050383
355859522,88970509,600.12,36.18279569892473,residential,False,11,6185036192
355860086,88970510,772.92,50.0,residential,False,15,6185036192
355860636,2435274907,2260.53,36.18279569892473,residential,False,22,105814816
361419456,6883700580,8.31,36.18279569892473,residential,False,30,6988544531
361419456,6883710891,34.61,36.18279569892473,residential,False,10,6988544531
361419456,361420257,239.13,36.18279569892473,residential,False,35,6988544531
361419733,6952908690,512.26,36.18279569892473,residential,False,12,6988544531
361419733,6883700580,483.42,36.18279569892473,residential,False,14,6988544531
361419733,6956167749,110.39,36.18279569892473,residential,False,25,6988544531
361419786,361421463,829.61,40.0,residential,False,29,6988544531
361419786,4943480026,238.97,40.0,residential,False,23,6988544531
361419786,6952908690,46.61,36.18279569892473,residential,False,12,6988544531
361420257,361419456,239.13,36.18279569892473,residential,False,12,6988544531
361420260,4683527243,66.33,36.18279569892473,residential,False,18,256619924
361420686,3650952064,133.77,40.0,residential,False,17,6988544531
361420686,3650952056,91.53,36.18279569892473,residential,False,21,6988544531
361420686,12887927623,9.91,36.18279569892473,residential,False,12,6988544531
361421463,3650952064,104.69,40.0,residential,False,29,6988544531
361421463,361419786,829.61,40.0,residential,False,11,6988544531
361421463,6883700580,222.82,36.18279569892473,residential,False,33,6988544531
361421806,361426534,199.61,36.18279569892473,residential,False,22,6988544531
361421806,361421809,127.99,36.18279569892473,residential,False,22,6988544531
361421806,146223410,296.95,36.18279569892473,residential,False,29,6988544531
361421809,361425944,35.03,36.18279569892473,residential,False,30,6988544531
361421809,361423926,35.5,40.0,residential,False,26,6988544531
361421809,361421806,127.99,36.18279569892473,residential,False,19,6988544531
361421811,361421816,101.29,40.0,residential,False,32,6988544531
361421811,361423926,47.65,40.0,residential,False,29,6988544531
361421811,361423666,238.01,36.18279569892473,residential,False,11,6988544531
361421816,4943480026,44.21,40.0,residential,False,34,6988544531
361421816,361423824,14.13,36.18279569892473,residential,False,15,6988544531
361421816,361421811,101.29,40.0,residential,False,30,6988544531
361423666,361423749,242.21,36.18279569892473,residential,False,25,6988544531
361423666,361421811,238.01,36.18279569892473,residential,False,24,6988544531
361423666,361423720,52.49,36.18279569892473,residential,False,10,6988544531
361423720,361423666,52.49,36.18279569892473,residential,False,16,6988544531
361423749,361423666,242.21,36.18279569892473,residential,False,31,6988544531
361423824,361421816,14.13,36.18279569892473,residential,False,35,6988544531
361423824,361423825,46.72,36.18279569892473,residential,False,26,6988544531
361423824,4943480060,148.28,36.18279569892473,residential,False,19,6988544531
361423825,361423824,46.72,36.18279569892473,residential,False,16,6988544531
361423926,361421811,47.65,40.0,residential,False,11,6988544531
361423926,361421809,35.5,40.0,residential,False,35,6988544531
361423926,361423927,20.44,36.18279569892473,residential,False,29,6988544531
361423927,4943480064,37.65,36.18279569892473,residential,False,26,6988544531
361423927,361423928,57.11,36.18279569892473,residential,False,26,6988544531
361423927,361423926,20.44,36.18279569892473,residential,False,32,6988544531
361423928,4943480060,48.82,36.18279569892473,residential,False,17,6988544531
361423928,4943480062,15.27,36.18279569892473,residential,False,29,6988544531
361423928,361423927,57.11,36.18279569892473,residential,False,15,6988544531
361425285,4943480062,31.66,36.18279569892473,residential,False,31,6988544531
361425944,361421809,35.03,36.18279569892473,residential,False,11,6988544531
361425944,361425948,146.82,36.18279569892473,residential,False,21,6988544531
361425944,4943480070,123.72,36.18279569892473,residential,False,17,6988544531
361425948,361425944,146.82,36.18279569892473,residential,False,30,6988544531
361426147,3752881740,772.77,36.18279569892473,residential,False,10,6988544531
361426147,4943480068,64.83,36.18279569892473,residential,False,15,6988544531
361426147,6988453720,46.78,36.18279569892473,residential,False,12,6988544531
361426401,361426406,134.98,36.18279569892473,residential,False,18,6988544531
361426406,6010306539,155.77,36.18279569892473,residential,False,34,6988544531
361426406,361426411,209.21,36.18279569892473,residential,False,22,6988544531
361426406,361426401,134.98,36.18279569892473,residential,False,21,6988544531
361426411,574960838,630.44,44.02390438247012,tertiary,False,31,6988544531
361426411,574960807,194.38,44.02390438247012,tertiary,False,22,6988544531
361426411,361426415,76.57,36.18279569892473,residential,False,22,6988544531
361426411,361426406,209.21,36.18279569892473,residential,False,28,6988544531
361426415,4943479928,176.69,36.18279569892473,residential,False,16,6988544531
361426415,361426419,98.7,36.18279569892473,residential,False,26,6988544531
361426415,361426411,76.57,36.18279569892473,residential,False,10,6988544531
361426419,6988424035,79.62,36.18279569892473,residential,False,33,6988544531
361426419,361426428,182.09,36.18279569892473,residential,False,32,6988544531
361426419,361426415,98.7,36.18279569892473,residential,False,12,6988544531
361426428,4943479519,125.67,36.18279569892473,residential,False,12,6988544531
361426428,4943479936,174.48,36.18279569892473,residential,False,27,6988544531
361426428,361426419,182.09,36.18279569892473,residential,False,19,6988544531
361426534,361421806,199.61,36.18279569892473,residential,False,33,6988544531
361427135,361427154,245.87,36.18279569892473,residential,False,27,6988544531
361427135,146223410,180.02,36.18279569892473,residential,False,28,6988544531
361427135,361430518,211.3,36.18279569892473,residential,False,21,6988544531
361427154,361427184,659.74,36.18279569892473,residential,False,21,6988544531
361427154,361427135,245.87,36.18279569892473,residential,False,18,6988544531
361427154,6988544531,308.24,36.18279569892473,residential,False,17,6988544531
361427184,6988544508,12.18,36.18279569892473,residential,False,29,6988544508
361427184,361427154,659.74,36.18279569892473,residential,False,16,6988544508
361427184,6988174148,455.01,36.18279569892473,residential,False,24,6988544508
361427486,361427500,345.33,36.18279569892473,residential,False,22,6988544508
361427486,6988544508,117.72,36.18279569892473,residential,False,28,6988544508
361427486,6988544509,87.78,36.18279569892473,residential,False,10,6988544508
361427500,361427486,345.33,36.18279569892473,residential,False,18,6988544508
361427500,146223369,433.83,36.18279569892473,residential,False,15,6988544508
361428205,6988517395,702.92,36.18279569892473,residential,False,23,6988544531
361428205,6988524394,35.42,36.18279569892473,residential,False,26,6988544531
361428205,361428567,100.29,36.18279569892473,residential,False,13,6988544531
361428229,6988517395,37.75,36.18279569892473,residential,False,27,6988544531
361428229,1276412093,352.8,36.18279569892473,residential,False,12,6988544531
361428229,6990954450,507.79,36.18279569892473,residential,False,26,6988544531
361428229,1276412228,1022.88,36.18279569892473,residential,False,19,6988544531
361428567,1276412093,387.8,36.18279569892473,residential,False,20,6988544531
361428567,361428205,100.29,36.18279569892473,residential,False,13,6988544531
361428567,6988517463,73.83,36.18279569892473,residential,False,35,6988544531
361429375,146223369,507.73,36.18279569892473,residential,False,26,6988544508
361429375,361433572,406.75,36.18279569892473,residential,False,18,6988544508
361430518,4943480065,208.63,36.18279569892473,residential,False,27,6988544531
361430518,361427135,211.3,36.18279569892473,residential,False,35,6988544531
361430518,4943480076,106.21,36.18279569892473,residential,False,28,6988544531
361431045,146223391,59.17,36.18279569892473,residential,False,18,6988544531
361431045,1276411996,163.82,36.18279569892473,residential,False,32,6988544531
361431045,1276412037,383.7,36.18279569892473,residential,False,24,6988544531
361433259,1276411996,357.65,36.18279569892473,residential,False,22,6988544531
361433259,6988107309,188.95,36.18279569892473,residential,False,28,6988544531
361433259,6988544028,115.41,36.18279569892473,residential,False,25,6988544531
361433572,361429375,406.75,36.18279569892473,residential,False,34,6988544508
361433572,6988107309,122.3,36.18279569892473,residential,False,17,6988544508
361433572,361433581,142.53,36.18279569892473,residential,False,34,6988544508
361433581,361433572,142.53,36.18279569892473,residential,False,20,6988544508
361439882,6394889116,9.6,30.0,tertiary,False,34,256619924
361439882,12887945141,120.73,30.0,tertiary,False,24,256619924
361439882,527364691,73.61,36.18279569892473,residential,False,31,256619924
361440464,574960799,262.01,44.02390438247012,tertiary,False,24,6988544531
361440464,4943479481,62.82,44.02390438247012,tertiary,False,28,6988544531
361440464,574960886,439.01,36.18279569892473,residential,False,10,6988544531
361440587,4943479976,107.57,36.18279569892473,residential,False,25,6988544531
361440587,361440589,58.37,36.18279569892473,residential,False,13,6988544531
361440587,4943479481,142.49,36.18279569892473,residential,False,18,6988544531
361440589,4943479990,96.32,36.18279569892473,residential,False,12,6988544531
361440589,361440591,42.38,36.18279569892473,residential,False,22,6988544531
361440589,361440587,58.37,36.18279569892473,residential,False,30,6988544531
361440591,361440592,32.36,36.18279569892473,residential,False,35,6988544531
361440591,361440613,45.98,36.18279569892473,residential,False,17,6988544531
361440591,361440589,42.38,36.18279569892473,residential,False,31,6988544531
361440592,361440591,32.36,36.18279569892473,residential,False,32,6988544531
361440592,4943479957,81.11,36.18279569892473,residential,False,17,6988544531
361440592,4943479960,57.96,36.18279569892473,residential,False,35,6988544531
361440592,4943479497,321.27,36.18279569892473,residential,False,20,6988544531
361440613,361440616,46.12,36.18279569892473,residential,False,23,6988544531
361440613,361440591,45.98,36.18279569892473,residential,False,21,6988544531
361440613,4943479993,98.21,36.18279569892473,residential,False,26,6988544531
361440616,361440613,46.12,36.18279569892473,residential,False,27,6988544531
386167494,12900821802,38.06,36.18279569892473,residential,False,10,256619924
386167494,5204637375,108.07,36.18279569892473,residential,False,32,256619924
386167494,1949723883,40.62,36.18279569892473,residential,False,18,256619924
386167499,5204637375,26.21,36.18279569892473,residential,False,17,256619924
386876082,4587905015,7.61,36.18279569892473,residential,False,19,7098591540
386876082,90212496,141.07,36.18279569892473,residential,False,12,7098591540
386876082,386876097,257.86,36.18279569892473,residential,False,22,7098591540
386876086,4587905015,11.76,36.18279569892473,residential,False,31,90214098
386876086,6354820890,146.65,36.18279569892473,residential,False,33,90214098
386876086,386889501,49.79,36.18279569892473,residential,False,20,90214098
386876097,386876082,257.86,36.18279569892473,residential,False,12,386876240
386876097,4587905015,80.98,36.18279569892473,residential,False,27,386876240
386876097,386876167,204.54,36.18279569892473,residential,False,15,386876240
386876097,386876269,59.8,36.18279569892473,residential,False,25,386876240
386876167,386876097,204.54,36.18279569892473,residential,False,20,386876240
386876167,386876182,44.47,36.18279569892473,residential,False,21,386876240
386876167,386876168,126.05,36.18279569892473,residential,False,16,386876240
386876168,386876167,126.05,36.18279569892473,residential,False,28,90214098
386876168,386889549,26.94,36.18279569892473,residential,False,18,90214098
386876168,6354820890,97.13,36.18279569892473,residential,False,15,90214098
386876182,386876193,131.63,36.18279569892473,residential,False,33,386876240
386876182,386876167,44.47,36.18279569892473,residential,False,31,386876240
386876182,386876211,82.64,36.18279569892473,residential,False,16,386876240
386876193,386876195,17.84,36.18279569892473,residential,False,25,386876240
386876193,386876182,131.63,36.18279569892473,residential,False,33,386876240
386876193,6222395647,87.75,36.18279569892473,residential,False,16,386876240
386876195,6222395645,63.12,36.18279569892473,residential,False,17,386876240
386876195,386876193,17.84,36.18279569892473,residential,False,33,386876240
386876195,386876224,26.65,36.18279569892473,residential,False,17,386876240
386876211,386876214,26.41,36.18279569892473,residential,False,18,386876240
386876211,386876182,82.64,36.18279569892473,residential,False,16,386876240
386876211,6910786387,45.73,36.18279569892473,residential,False,17,386876240
386876214,386876224,129.29,36.18279569892473,residential,False,16,386876240
386876214,386876211,26.41,36.18279569892473,residential,False,17,386876240
386876214,1463887030,89.22,36.18279569892473,residential,False,29,386876240
386876224,386876195,26.65,36.18279569892473,residential,False,21,386876240
386876224,386876214,129.29,36.18279569892473,residential,False,14,386876240
386876224,386878716,288.69,36.18279569892473,residential,False,34,386876240
386876234,1800317443,16.87,36.18279569892473,residential,False,13,386876240
386876234,1800317447,17.93,36.18279569892473,residential,False,13,386876240
386876234,386876301,43.36,36.18279569892473,residential,False,12,386876240
386876240,386878762,232.13,36.18279569892473,residential,False,31,386876240
386876240,1800317443,55.55,36.18279569892473,residential,False,31,386876240
386876240,386878911,73.04,36.18279569892473,residential,False,25,386876240
386876263,386876265,31.54,36.18279569892473,residential,False,29,386876240
386876263,1463887030,98.62,36.18279569892473,residential,False,10,386876240
386876263,386876279,70.67,36.18279569892473,residential,False,34,386876240
386876265,386876263,31.54,36.18279569892473,residential,False,27,386876240
386876269,386876097,59.8,36.18279569892473,residential,False,11,386876240
386876279,386876282,41.91,36.18279569892473,residential,False,25,386876240
386876279,1800317447,99.33,36.18279569892473,residential,False,21,386876240
386876279,386876263,70.67,36.18279569892473,residential,False,29,386876240
386876282,1955811277,31.71,36.18279569892473,residential,False,20,386876240
386876282,386876279,41.91,36.18279569892473,residential,False,25,386876240
386876282,386876297,64.72,36.18279569892473,residential,False,28,386876240
386876293,1955811277,87.19,36.18279569892473,residential,False,18,386876240
386876293,1463879299,71.79,36.18279569892473,residential,False,25,386876240
386876293,386883802,60.23,36.18279569892473,residential,False,15,386876240
386876297,386876298,18.3,36.18279569892473,residential,False,34,386876240
386876297,386878919,44.91,36.18279569892473,residential,False,26,386876240
386876297,386876282,64.72,36.18279569892473,residential,False,18,386876240
386876298,12888615521,40.38,36.18279569892473,residential,False,22,386876240
386876298,386876301,52.88,36.18279569892473,residential,False,17,386876240
386876298,386876297,18.3,36.18279569892473,residential,False,34,386876240
386876301,12888615522,39.09,36.18279569892473,residential,False,28,386876240
386876301,386876234,43.36,36.18279569892473,residential,False,14,386876240
386876301,386876298,52.88,36.18279569892473,residential,False,11,386876240
386878716,4196839934,181.56,36.18279569892473,residential,False,26,386876240
386878716,386876224,288.69,36.18279569892473,residential,False,35,386876240
386878716,386878762,58.45,36.18279569892473,residential,False,23,386876240
386878737,6352970494,8.85,36.18279569892473,residential,False,25,386876240
386878737,386878762,202.94,36.18279569892473,residential,False,27,386876240
386878737,4196839934,17.85,36.18279569892473,residential,False,11,386876240
386878762,386878737,202.94,36.18279569892473,residential,False,26,386876240
386878762,386876240,232.13,36.18279569892473,residential,False,21,386876240
386878762,386878716,58.45,36.18279569892473,residential,False,22,386876240
386878784,6352970494,84.35,36.18279569892473,residential,False,31,386876240
386878784,13717216070,97.78,20.0,"['living_street', 'residential']",False,34,386876240
386878784,386878809,157.18,36.18279569892473,residential,False,15,386876240
386878809,13717216070,4.77,36.18279569892473,residential,False,24,386876240
386878809,386878821,121.31,36.18279569892473,residential,False,13,386876240
386878809,386878784,157.18,36.18279569892473,residential,False,32,386876240
386878821,386896853,17.92,36.18279569892473,residential,False,26,386876240
386878821,386899618,106.03,36.18279569892473,residential,False,24,386876240
386878821,386878809,121.31,36.18279569892473,residential,False,20,386876240
386878911,386878919,104.16,36.18279569892473,residential,False,32,386876240
386878911,386876240,73.04,36.18279569892473,residential,False,10,386876240
386878911,1800317443,60.99,36.18279569892473,residential,False,10,386876240
386878919,386878911,104.16,36.18279569892473,residential,False,31,386876240
386878919,1463879299,50.46,36.18279569892473,residential,False,16,386876240
386878919,386876297,44.91,36.18279569892473,residential,False,22,386876240
386878929,1463879299,58.97,36.18279569892473,residential,False,28,386876240
386878929,386878950,226.18,36.18279569892473,residential,False,13,386876240
386878929,4728064662,54.69,36.18279569892473,residential,False,20,386876240
386878950,388277513,120.12,36.18279569892473,residential,False,21,386876240
386878950,386878959,72.79,36.18279569892473,residential,False,29,386876240
386878950,386878929,226.18,36.18279569892473,residential,False,18,386876240
386878959,388277519,37.29,36.18279569892473,residential,False,15,386876240
386878959,388276567,10.31,36.18279569892473,residential,False,27,386876240
386878959,386878950,72.79,36.18279569892473,residential,False,18,386876240
386883755,386883758,41.36,36.18279569892473,residential,False,17,7098591540
386883755,11889564186,35.88,36.18279569892473,residential,False,18,7098591540
386883755,386883896,55.25,36.18279569892473,residential,False,25,7098591540
386883758,386883760,26.7,36.18279569892473,residential,False,29,7098591540
386883758,386883755,41.36,36.18279569892473,residential,False,20,7098591540
386883758,386883790,134.57,36.18279569892473,residential,False,21,7098591540
386883760,386883761,13.06,36.18279569892473,residential,False,15,7098591540
386883760,386883758,26.7,36.18279569892473,residential,False,25,7098591540
386883760,386883951,29.52,36.18279569892473,residential,False,23,7098591540
386883761,386883760,13.06,36.18279569892473,residential,False,16,7098591540
386883761,386883772,95.99,36.18279569892473,residential,False,23,7098591540
386883761,7098591540,41.45,36.18279569892473,residential,False,32,7098591540
386883772,386883761,95.99,36.18279569892473,residential,False,34,7098591540
386883790,386883758,134.57,36.18279569892473,residential,False,21,7098591540
386883790,386883834,33.63,36.18279569892473,residential,False,21,7098591540
386883790,386883802,53.47,36.18279569892473,residential,False,22,7098591540
386883800,386883802,6.5,36.18279569892473,residential,False,18,386876240
386883802,386883800,6.5,36.18279569892473,residential,False,24,386876240
386883802,386883790,53.47,36.18279569892473,residential,False,15,386876240
386883802,386876293,60.23,36.18279569892473,residential,False,28,386876240
386883834,386883790,33.63,36.18279569892473,residential,False,14,7098591540
386883896,386883900,50.35,36.18279569892473,residential,False,28,7098591540
386883896,386883755,55.25,36.18279569892473,residential,False,31,7098591540
386883896,386883951,46.5,36.18279569892473,residential,False,17,7098591540
386883900,11889564186,220.76,36.18279569892473,residential,False,13,7098591540
386883900,386883896,50.35,36.18279569892473,residential,False,33,7098591540
386883900,386883909,35.31,36.18279569892473,residential,False,18,7098591540
386883903,90214109,58.95,36.18279569892473,residential,False,35,90214098
386883909,386883930,99.75,36.18279569892473,residential,False,17,7098591540
386883909,386883900,35.31,36.18279569892473,residential,False,27,7098591540
386883909,386883951,94.78,36.18279569892473,residential,False,23,7098591540
386883909,6222459367,29.21,36.18279569892473,residential,False,22,7098591540
386883930,386883909,99.75,36.18279569892473,residential,False,16,90214098
386883930,388276604,58.4,36.18279569892473,residential,False,14,90214098
386883930,388276615,31.48,36.18279569892473,residential,False,35,90214098
386883951,386883909,94.78,36.18279569892473,residential,False,33,7098591540
386883951,386883760,29.52,36.18279569892473,residential,False,14,7098591540
386883951,386883896,46.5,36.18279569892473,residential,False,25,7098591540
386889472,12903126593,10.16,36.18279569892473,residential,False,35,90214098
386889472,301373738,77.62,36.18279569892473,residential,False,10,90214098
386889472,90209690,26.23,36.18279569892473,residential,False,15,90214098
386889501,386889508,105.2,36.18279569892473,residential,False,23,90214098
386889501,1800317451,121.25,36.18279569892473,residential,False,25,90214098
386889501,386876086,49.79,36.18279569892473,residential,False,14,90214098
386889508,6354820890,17.52,36.18279569892473,residential,False,30,90214098
386889508,386889501,105.2,36.18279569892473,residential,False,26,90214098
386889508,90209697,20.29,36.18279569892473,residential,False,27,90214098
386889549,386876168,26.94,36.18279569892473,residential,False,33,90214098
386889549,386889656,279.35,30.0,residential,False,20,90214098
386889549,386889555,24.08,36.18279569892473,residential,False,35,90214098
386889555,386889571,44.87,36.18279569892473,residential,False,25,90214098
386889555,1855819263,40.55,36.18279569892473,residential,False,19,90214098
386889555,386889549,24.08,36.18279569892473,residential,False,18,90214098
386889571,386889555,44.87,36.18279569892473,residential,False,27,90214098
386889656,386889709,29.33,36.18279569892473,residential,False,28,90214098
386889656,4196878240,39.15,36.18279569892473,residential,False,11,90214098
386889656,6354463624,50.95,36.18279569892473,residential,False,22,90214098
386889656,386889549,279.35,30.0,residential,False,13,90214098
386889709,386889723,63.0,36.18279569892473,residential,False,32,90214098
386889709,386889656,29.33,36.18279569892473,residential,False,15,90214098
386889709,386889822,49.28,20.0,living_street,False,11,90214098
386889709,4196878240,31.75,20.0,living_street,False,16,90214098
386889723,386889734,54.04,36.18279569892473,residential,False,18,90214098
386889723,386889709,63.0,36.18279569892473,residential,False,25,90214098
386889723,386889824,87.99,20.0,living_street,False,30,90214098
386889734,386889752,96.5,36.18279569892473,residential,False,13,90214098
386889734,386889723,54.04,36.18279569892473,residential,False,24,90214098
386889734,6190850810,168.94,36.18279569892473,residential,False,33,90214098
386889752,3777761557,180.4,36.18279569892473,residential,False,20,386876240
386889752,386889734,96.5,36.18279569892473,residential,False,18,386876240
386889752,386889833,187.24,36.18279569892473,residential,False,21,386876240
386889822,386889824,32.75,36.18279569892473,residential,False,21,90214098
386889822,3756691120,123.11,36.18279569892473,residential,False,27,90214098
386889822,386889709,49.28,20.0,living_street,False,27,90214098
386889824,386889822,32.75,36.18279569892473,residential,False,35,90214098
386889824,6190850810,97.07,36.18279569892473,residential,False,18,90214098
386889824,386889723,87.99,20.0,living_street,False,21,90214098
386889833,6190850809,59.29,36.18279569892473,residential,False,10,386876240
386889833,386889752,187.24,36.18279569892473,residential,False,23,386876240
386889833,386889908,165.11,36.18279569892473,residential,False,13,386876240
386889833,3777761557,225.75,36.18279569892473,residential,False,21,386876240
386889908,386896811,89.78,36.18279569892473,residential,False,31,90214098
386889908,386889833,165.11,36.18279569892473,residential,False,29,90214098
386889908,386896646,32.47,36.18279569892473,residential,False,16,90214098
386889916,386889919,40.7,36.18279569892473,residential,False,28,90214098
386889919,386896811,137.06,36.18279569892473,residential,False,28,90214098
386889919,386889916,40.7,36.18279569892473,residential,False,30,90214098
386889919,3756691440,78.52,36.18279569892473,residential,False,30,90214098
386889919,2019647284,92.87,36.18279569892473,residential,False,27,90214098
386889927,3756691431,39.97,36.18279569892473,residential,False,15,90214098
386889927,12898859228,299.8,50.0,primary,False,34,90214098
386889927,82637467,934.68,55.0,primary,False,19,90214098
386896646,386889908,32.47,36.18279569892473,residential,False,21,90214098
386896683,1448670619,50.63,36.18279569892473,residential,False,20,386876240
386896696,386896722,298.48,36.18279569892473,residential,False,31,386876240
386896696,386896753,43.24,36.18279569892473,residential,False,26,386876240
386896696,11189437436,63.31,36.18279569892473,residential,False,25,386876240
386896696,1448670619,154.17,36.18279569892473,residential,False,34,386876240
386896722,386896696,298.48,36.18279569892473,residential,False,33,386876240
386896722,386896729,16.73,36.18279569892473,residential,False,24,386876240
386896722,387423704,446.43,36.18279569892473,residential,False,12,386876240
386896729,386896722,16.73,36.18279569892473,residential,False,22,386876240
386896729,386903251,55.06,36.18279569892473,residential,False,29,386876240
386896729,6352266627,104.51,36.18279569892473,residential,False,19,386876240
386896753,386896696,43.24,36.18279569892473,residential,False,24,386876240
386896753,3777761557,31.53,36.18279569892473,residential,False,30,386876240
386896753,11189437430,174.83,40.0,residential,False,14,386876240
386896764,3756691431,311.34,36.18279569892473,residential,False,15,90214098
386896811,3756691431,98.76,36.18279569892473,residential,False,30,90214098
386896811,386889919,137.06,36.18279569892473,residential,False,35,90214098
386896811,386889908,89.78,36.18279569892473,residential,False,20,90214098
386896829,386896853,230.13,36.18279569892473,residential,False,23,386876240
386896829,11189437436,57.18,36.18279569892473,residential,False,30,386876240
386896829,11189437430,80.09,40.0,residential,False,29,386876240
386896853,386878821,17.92,36.18279569892473,residential,False,28,386876240
386896853,386896829,230.13,36.18279569892473,residential,False,22,386876240
386896853,386899603,380.89,36.18279569892473,residential,False,12,386876240
386899603,386896853,380.89,36.18279569892473,residential,False,12,386876240
386899618,12890187403,6.99,36.18279569892473,residential,False,15,386876240
386899618,386899627,131.19,36.18279569892473,residential,False,20,386876240
386899618,386878821,106.03,36.18279569892473,residential,False,17,386876240
386899623,12890187403,65.2,36.18279569892473,residential,False,20,386876240
386899623,386899672,204.5,36.18279569892473,residential,False,20,386876240
386899623,12890326600,105.16,36.18279569892473,residential,False,30,386876240
386899627,12890326600,11.28,36.18279569892473,residential,False,19,386876240
386899627,386899715,66.74,36.18279569892473,residential,False,32,386876240
386899627,386899618,131.19,36.18279569892473,residential,False,18,386876240
386899644,12890326600,79.46,36.18279569892473,residential,False,29,386876240
386899672,6222422940,29.95,36.18279569892473,residential,False,30,386876240
386899672,386899623,204.5,36.18279569892473,residential,False,22,386876240
386899672,386899685,223.23,36.18279569892473,residential,False,18,386876240
386899685,386899672,223.23,36.18279569892473,residential,False,24,386876240
386899715,386899733,224.03,36.18279569892473,residential,False,34,386876240
386899715,386899627,66.74,36.18279569892473,residential,False,21,386876240
386899715,9566466244,141.77,36.18279569892473,residential,False,33,386876240
386899733,386899747,233.86,36.18279569892473,residential,False,28,386876240
386899733,386899715,224.03,36.18279569892473,residential,False,26,386876240
386899733,388217312,1787.55,36.18279569892473,"['residential', 'unclassified']",False,24,386876240
386899747,386899733,233.86,36.18279569892473,residential,False,23,386876240
386903251,386896729,55.06,36.18279569892473,residential,False,15,386876240
386903251,6190850796,298.59,36.18279569892473,residential,False,15,386876240
386903251,386903265,114.03,36.18279569892473,residential,False,10,386876240
386903265,386903251,114.03,36.18279569892473,residential,False,14,386876240
386903301,6190850796,192.55,36.18279569892473,residential,False,33,386876240
386903301,386903302,36.39,36.18279569892473,residential,False,17,386876240
386903301,387431732,130.26,36.18279569892473,residential,False,31,386876240
386903302,386903301,36.39,36.18279569892473,residential,False,18,386876240
386903302,386903340,488.78,36.18279569892473,residential,False,33,386876240
386903302,12901199598,69.8,36.18279569892473,residential,False,32,386876240
386903340,386903302,488.78,36.18279569892473,residential,False,33,386876240
386903340,386903342,37.74,36.18279569892473,residential,False,12,386876240
386903340,387431669,142.46,36.18279569892473,residential,False,16,386876240
386903342,386903340,37.74,36.18279569892473,residential,False,15,386876240
386903342,387431579,135.75,36.18279569892473,residential,False,22,386876240
386903342,387431698,460.39,36.18279569892473,residential,False,13,386876240
387423704,84548266,1380.01,36.18279569892473,residential,False,13,386876240
387423704,386896722,446.43,36.18279569892473,residential,False,12,386876240
387423704,387423839,163.95,36.18279569892473,residential,False,25,386876240
387423839,387423704,163.95,36.18279569892473,residential,False,27,386876240
387431579,386903342,135.75,36.18279569892473,residential,False,11,386876240
387431669,386903340,142.46,36.18279569892473,residential,False,10,386876240
387431698,386903342,460.39,36.18279569892473,residential,False,34,386876240
387431732,386903301,130.26,36.18279569892473,residential,False,22,386876240
387431738,387431742,29.7,36.18279569892473,residential,False,26,386876240
387431738,3777793984,93.05,36.18279569892473,residential,False,34,386876240
387431738,6190850796,335.96,36.18279569892473,residential,False,12,386876240
387431742,387431738,29.7,36.18279569892473,residential,False,13,386876240
387431742,6883856469,95.97,36.18279569892473,residential,False,18,386876240
387431742,387431754,206.56,36.18279569892473,residential,False,29,386876240
387431754,387431742,206.56,36.18279569892473,residential,False,14,386876240
388217312,388217612,860.59,45.0,unclassified,False,12,386876240
388217312,82630823,2148.86,45.0,unclassified,False,30,386876240
388217312,386899733,1787.55,36.18279569892473,"['residential', 'unclassified']",False,22,386876240
388217612,2351225289,9.7,60.0,secondary,False,19,386876240
388217612,3941683632,57.09,53.482142857142854,secondary,False,17,386876240
388217612,388217312,860.59,45.0,unclassified,False,17,386876240
388276567,4587905029,129.29,36.18279569892473,residential,False,33,386876240
388276567,386878959,10.31,36.18279569892473,residential,False,19,386876240
388276567,12887076069,183.65,36.18279569892473,residential,False,24,386876240
388276604,388276605,23.45,36.18279569892473,residential,False,30,90214098
388276604,90214109,40.48,36.18279569892473,residential,False,14,90214098
388276604,386883930,58.4,36.18279569892473,residential,False,14,90214098
388276605,388276604,23.45,36.18279569892473,residential,False,26,90214098
388276610,388276613,31.64,36.18279569892473,residential,False,15,388276886
388276613,1899986432,115.94,36.18279569892473,residential,False,10,388276886
388276613,388276610,31.64,36.18279569892473,residential,False,11,388276886
388276613,388276615,131.9,36.18279569892473,residential,False,31,388276886
388276615,14077098251,255.31,36.18279569892473,residential,False,21,90214098
388276615,388276613,131.9,36.18279569892473,residential,False,20,90214098
388276615,386883930,31.48,36.18279569892473,residential,False,25,90214098
388276840,388276844,94.8,36.18279569892473,residential,False,24,388276886
388276844,1490383903,21.06,36.18279569892473,residential,False,27,388276886
388276844,388276847,62.26,36.18279569892473,residential,False,18,388276886
388276844,388276840,94.8,36.18279569892473,residential,False,27,388276886
388276847,388276849,38.72,36.18279569892473,residential,False,24,388276886
388276847,388276844,62.26,36.18279569892473,residential,False,14,388276886
388276847,82627854,74.63,36.18279569892473,residential,False,32,388276886
388276849,388276847,38.72,36.18279569892473,residential,False,27,388276886
388276849,6370576106,8.33,36.18279569892473,residential,False,15,388276886
388276849,388276886,35.83,36.18279569892473,residential,False,28,388276886
388276886,388276849,35.83,36.18279569892473,residential,False,29,388276886
388276886,82627854,34.31,36.18279569892473,residential,False,24,388276886
388276886,90215325,52.61,30.0,residential,False,30,388276886
388276924,1899986410,6.54,36.18279569892473,residential,False,33,388276886
388276924,6370576106,192.09,36.18279569892473,residential,False,30,388276886
388276928,1899986410,87.96,36.18279569892473,residential,False,28,388276886
388276928,1899986432,58.13,36.18279569892473,residential,False,23,388276886
388276928,388276939,17.2,36.18279569892473,residential,False,26,388276886
388276939,388276945,92.0,36.18279569892473,residential,False,30,388276886
388276939,388276928,17.2,36.18279569892473,residential,False,30,388276886
388276939,388277087,76.72,36.18279569892473,residential,False,27,388276886
388276945,388276939,92.0,36.18279569892473,residential,False,19,388276886
388276945,388276953,101.4,36.18279569892473,residential,False,21,388276886
388276945,388277340,46.63,36.18279569892473,residential,False,25,388276886
388276953,388277126,239.4,36.18279569892473,residential,False,27,388276886
388276953,388276973,86.69,36.18279569892473,residential,False,17,388276886
388276953,388276945,101.4,36.18279569892473,residential,False,35,388276886
388276973,388276983,15.53,36.18279569892473,residential,False,12,388276886
388276973,388276953,86.69,36.18279569892473,residential,False,24,388276886
388276973,6883830419,84.64,36.18279569892473,residential,False,19,388276886
388276983,388276973,15.53,36.18279569892473,residential,False,21,388276886
388276983,6360261800,24.19,36.18279569892473,residential,False,23,388276886
388276983,12886704052,29.13,36.18279569892473,residential,False,18,388276886
388277019,6981327185,80.25,36.18279569892473,residential,False,14,386876240
388277019,388277021,31.23,36.18279569892473,residential,False,19,386876240
388277019,6360261795,93.63,36.18279569892473,residential,False,10,386876240
388277019,6978439502,59.97,36.18279569892473,residential,False,10,386876240
388277021,388277024,52.73,36.18279569892473,residential,False,26,386876240
388277021,388277019,31.23,36.18279569892473,residential,False,34,386876240
388277021,6978439504,83.55,36.18279569892473,residential,False,14,386876240
388277024,6360286136,116.67,36.18279569892473,residential,False,21,386876240
388277024,388277021,52.73,36.18279569892473,residential,False,19,386876240
388277024,12887201064,52.68,36.18279569892473,residential,False,25,386876240
388277082,12886577751,84.64,36.18279569892473,residential,False,27,386876240
388277087,388276939,76.72,36.18279569892473,residential,False,10,388276886
388277126,388276953,239.4,36.18279569892473,residential,False,32,388276886
388277161,82627851,366.63,30.0,residential,False,25,388276886
388277161,388277166,111.2,30.0,residential,False,34,388276886
388277161,12899149398,35.29,36.18279569892473,residential,False,25,388276886
388277166,388277319,237.11,36.18279569892473,residential,False,19,388276886
388277166,388277161,111.2,30.0,residential,False,10,388276886
388277166,388277168,60.05,30.0,residential,False,34,388276886
388277168,388277802,86.26,36.18279569892473,residential,False,23,388276886
388277168,388277166,60.05,30.0,residential,False,35,388276886
388277168,388277198,216.25,30.0,residential,False,19,388276886
388277198,6981708011,10.57,30.0,residential,False,29,388276886
388277198,388277254,466.12,36.18279569892473,residential,False,17,388276886
388277198,388277168,216.25,30.0,residential,False,35,388276886
388277254,388277198,466.12,36.18279569892473,residential,False,10,388276886
388277254,6353186427,176.85,36.18279569892473,residential,False,27,388276886
388277306,388277319,174.82,36.18279569892473,residential,False,21,388276886
388277306,6353186430,36.86,36.18279569892473,residential,False,16,388276886
388277306,388277334,125.49,36.18279569892473,residential,False,23,388276886
388277319,388277306,174.82,36.18279569892473,residential,False,27,388276886
388277319,388277166,237.11,36.18279569892473,residential,False,23,388276886
388277319,388277350,55.95,36.18279569892473,residential,False,22,388276886
388277334,388277306,125.49,36.18279569892473,residential,False,17,388276886
388277334,388277369,256.55,36.18279569892473,residential,False,15,388276886
388277334,388277340,77.42,36.18279569892473,residential,False,32,388276886
388277334,12886577757,59.22,36.18279569892473,residential,False,33,388276886
388277340,388277350,199.37,36.18279569892473,residential,False,30,388276886
388277340,388277334,77.42,36.18279569892473,residential,False,22,388276886
388277340,388276945,46.63,36.18279569892473,residential,False,22,388276886
388277350,388277340,199.37,36.18279569892473,residential,False,17,388276886
388277350,388277319,55.95,36.18279569892473,residential,False,18,388276886
388277350,388276924,136.02,36.18279569892473,residential,False,12,388276886
388277369,388277334,256.55,36.18279569892473,residential,False,23,388276886
388277378,388277383,123.39,36.18279569892473,residential,False,30,386876240
388277378,12886704054,48.35,36.18279569892473,residential,False,17,386876240
388277378,11336002291,50.34,36.18279569892473,residential,False,26,386876240
388277383,388277378,123.39,36.18279569892473,residential,False,34,386876240
388277513,386878950,120.12,36.18279569892473,residential,False,35,386876240
388277519,388277534,145.38,36.18279569892473,residential,False,29,386876240
388277519,386878959,37.29,36.18279569892473,residential,False,35,386876240
388277519,4587905029,110.23,36.18279569892473,residential,False,32,386876240
388277534,388277519,145.38,36.18279569892473,residential,False,31,386876240
388277643,320068034,110.41,36.18279569892473,residential,False,18,388276886
388277664,320068034,69.2,36.18279569892473,residential,False,19,388276886
388277720,93736189,137.99,36.18279569892473,residential,False,30,388276886
388277720,6883599526,73.92,36.18279569892473,residential,False,33,388276886
388277720,6354917845,156.21,36.18279569892473,residential,False,27,388276886
388277762,388278149,50.98,30.0,residential,False,35,388276886
388277762,388277802,311.58,36.18279569892473,residential,False,18,388276886
388277762,6222563285,107.52,30.0,residential,False,23,388276886
388277802,388277990,193.94,36.18279569892473,residential,False,16,388276886
388277802,388277168,86.26,36.18279569892473,residential,False,12,388276886
388277802,388277762,311.58,36.18279569892473,residential,False,15,388276886
388277973,12901337163,6.38,36.18279569892473,residential,False,14,82686004
388277973,388278209,16.75,36.18279569892473,residential,False,19,82686004
388277973,6355395241,114.24,36.18279569892473,residential,False,13,82686004
388277990,12901337163,205.71,36.18279569892473,residential,False,30,388276886
388277990,388277802,193.94,36.18279569892473,residential,False,24,388276886
388277990,388278007,43.31,36.18279569892473,residential,False,29,388276886
388278007,388278071,148.36,36.18279569892473,residential,False,24,388276886
388278007,388277990,43.31,36.18279569892473,residential,False,18,388276886
388278007,11159724690,56.43,36.18279569892473,residential,False,32,388276886
388278071,11159718045,113.97,36.18279569892473,residential,False,29,82686004
388278071,388278007,148.36,36.18279569892473,residential,False,25,82686004
388278071,388278149,157.46,36.18279569892473,residential,False,16,82686004
388278111,256759939,217.37,36.18279569892473,residential,False,20,82686004
388278111,6355395241,30.97,36.18279569892473,residential,False,10,82686004
388278111,11159718045,85.68,36.18279569892473,residential,False,14,82686004
388278149,388278181,34.22,36.18279569892473,residential,False,11,388276886
388278149,388277762,50.98,30.0,residential,False,27,388276886
388278149,388278071,157.46,36.18279569892473,residential,False,10,388276886
388278151,388278153,64.89,36.18279569892473,residential,False,15,82686004
388278151,93736197,29.96,36.18279569892473,residential,False,13,82686004
388278151,11159718046,52.82,36.18279569892473,residential,False,19,82686004
388278153,6222563286,25.04,36.18279569892473,residential,False,18,82686004
388278153,4197042407,114.97,36.18279569892473,residential,False,14,82686004
388278153,388278151,64.89,36.18279569892473,residential,False,32,82686004
388278166,83741803,33.69,36.18279569892473,residential,False,24,82686004
388278166,6981311283,4.25,36.18279569892473,residential,False,33,82686004
388278166,1955807441,40.13,36.18279569892473,residential,False,10,82686004
388278181,388278149,34.22,36.18279569892473,residential,False,17,388276886
388278181,83741805,136.43,36.18279569892473,residential,False,12,388276886
388278181,6981311283,159.88,36.18279569892473,residential,False,14,388276886
388278189,6981311283,212.89,36.18279569892473,residential,False,10,388276886
388278194,83741803,217.19,36.18279569892473,residential,False,25,82686004
388278203,83741803,58.98,36.18279569892473,residential,False,16,82686004
388278204,4195988103,41.79,36.18279569892473,residential,False,20,82686004
388278204,6222563286,28.43,36.18279569892473,residential,False,23,82686004
388278204,1955807441,134.72,36.18279569892473,residential,False,19,82686004
388278208,4195988103,76.1,36.18279569892473,residential,False,35,82686004
388278209,388277973,16.75,36.18279569892473,residential,False,35,82686004
388278296,4195987166,238.2,36.18279569892473,residential,False,25,82686004
388278296,93924531,44.88,36.18279569892473,residential,False,21,82686004
388278296,93924527,91.42,36.18279569892473,residential,False,24,82686004
388278329,93924532,130.41,36.18279569892473,residential,False,32,82686004
388278703,6355395241,150.68,36.18279569892473,residential,False,35,82686004
459145015,459145028,156.06,36.18279569892473,residential,False,11,11346035713
459145015,6191116185,75.52,36.18279569892473,residential,False,20,11346035713
459145028,459145035,169.22,36.18279569892473,residential,False,12,11346035713
459145028,459145015,156.06,36.18279569892473,residential,False,34,11346035713
459145028,6191116080,64.05,36.18279569892473,residential,False,14,11346035713
459145028,12912465414,47.84,36.18279569892473,residential,False,11,11346035713
459145035,146264977,5.87,36.18279569892473,residential,False,18,11346035713
459145035,459145028,169.22,36.18279569892473,residential,False,34,11346035713
459145035,6191116210,52.02,36.18279569892473,residential,False,22,11346035713
469167673,469167674,81.65,36.18279569892473,residential,False,12,256619924
469167673,6222886939,107.09,36.18279569892473,residential,False,27,256619924
469167673,93719896,39.6,36.18279569892473,residential,False,25,256619924
469167674,469167673,81.65,36.18279569892473,residential,False,15,256619924
469167674,1907031046,165.06,36.18279569892473,residential,False,16,256619924
469167674,1909322734,167.0,36.18279569892473,residential,False,18,256619924
469167686,469167688,51.39,36.18279569892473,residential,False,22,256619924
469167686,6222886940,92.87,36.18279569892473,residential,False,10,256619924
469167686,12901225934,143.36,36.18279569892473,residential,False,13,256619924
469167688,469167686,51.39,36.18279569892473,residential,False,34,256619924
469167688,12898757801,201.96,50.0,primary,False,32,256619924
469167688,12898570864,62.5,50.0,primary,False,17,256619924
469167691,12898526856,11.56,36.18279569892473,residential,False,22,256619924
469167691,4052401030,173.65,36.18279569892473,residential,False,34,256619924
469167701,2023217598,154.98,36.18279569892473,residential,False,24,12908641424
469167701,12898570864,95.87,36.18279569892473,residential,False,17,12908641424
469167701,6193773066,93.92,36.18279569892473,residential,False,33,12908641424
469167704,2023217545,45.8,36.18279569892473,residential,False,11,12908641424
471179850,471316491,27.64,36.18279569892473,residential,False,16,6185036192
471179850,247264756,159.66,36.18279569892473,residential,False,24,6185036192
471179850,6907029876,504.94,36.18279569892473,residential,False,33,6185036192
471179885,471179897,189.03,36.18279569892473,residential,False,34,6185036192
471179885,6907029876,117.99,36.18279569892473,residential,False,13,6185036192
471179885,471316459,160.36,36.18279569892473,residential,False,26,6185036192
471179897,6199802347,31.88,36.18279569892473,residential,False,31,6185036192
471179897,247264994,176.1,36.18279569892473,residential,False,16,6185036192
471179897,471179885,189.03,36.18279569892473,residential,False,25,6185036192
471179899,471316502,8.91,36.18279569892473,residential,False,22,6185036192
471179899,247264991,22.05,36.18279569892473,residential,False,31,6185036192
471179899,471179901,69.04,36.18279569892473,residential,False,19,6185036192
471179901,471179899,69.04,36.18279569892473,residential,False,20,6185036192
471179901,471179905,89.69,36.18279569892473,residential,False,15,6185036192
471179901,471179951,175.72,36.18279569892473,residential,False,30,6185036192
471179905,471179908,91.27,36.18279569892473,residential,False,33,6185036192
471179905,471179901,89.69,36.18279569892473,residential,False,11,6185036192
471179905,471179959,108.11,36.18279569892473,residential,False,33,6185036192
471179908,247264994,90.92,36.18279569892473,residential,False,27,6185036192
471179908,471316496,30.76,36.18279569892473,residential,False,26,6185036192
471179908,471179905,91.27,36.18279569892473,residential,False,13,6185036192
471179951,471179901,175.72,36.18279569892473,residential,False,18,6185036192
471179959,471179905,108.11,36.18279569892473,residential,False,25,6185036192
471179969,471179970,34.65,36.18279569892473,residential,False,30,6185036192
471179969,83769953,33.97,36.18279569892473,residential,False,19,6185036192
471179969,471316477,183.17,36.18279569892473,residential,False,16,6185036192
471179970,471179972,40.03,36.18279569892473,residential,False,21,6185036192
471179970,471179969,34.65,36.18279569892473,residential,False,11,6185036192
471179970,471316481,143.35,36.18279569892473,residential,False,31,6185036192
471179972,471179970,40.03,36.18279569892473,residential,False,16,6185036192
471179972,1955238751,113.23,36.18279569892473,residential,False,13,6185036192
471179972,471316488,90.18,36.18279569892473,residential,False,17,6185036192
471179983,1955245230,120.57,36.18279569892473,residential,False,30,6185036192
471179983,1955238751,284.21,36.18279569892473,residential,False,23,6185036192
471179983,471316561,49.16,36.18279569892473,residential,False,20,6185036192
471179988,1955245230,48.73,36.18279569892473,residential,False,10,6185036192
471179988,471179993,133.15,36.18279569892473,residential,False,15,6185036192
471179988,471184353,244.09,36.18279569892473,residential,False,35,6185036192
471179988,6906815994,92.57,36.18279569892473,residential,False,18,6185036192
471179993,6199813908,100.42,36.18279569892473,residential,False,28,6185036192
471179993,471179988,133.15,36.18279569892473,residential,False,13,6185036192
471179993,471184353,159.16,36.18279569892473,residential,False,22,6185036192
471180009,471180015,102.27,36.18279569892473,residential,False,35,6185036192
471180009,6199813908,207.0,36.18279569892473,residential,False,17,6185036192
471180009,6199813912,279.35,36.18279569892473,residential,False,10,6185036192
471180015,471180009,102.27,36.18279569892473,residential,False,11,6185036192
471180029,6199813912,36.1,36.18279569892473,residential,False,28,6185036192
471180029,6199813903,48.29,36.18279569892473,residential,False,35,6185036192
471180029,6906815994,80.88,36.18279569892473,residential,False,32,6185036192
471180093,247265008,33.32,36.18279569892473,residential,False,25,6185036192
471180093,471316428,93.79,36.18279569892473,residential,False,32,6185036192
471180093,471180122,247.24,36.18279569892473,residential,False,29,6185036192
471180122,11337782893,481.88,36.18279569892473,residential,False,14,6185036192
471180122,471180150,28.08,36.18279569892473,residential,False,21,6185036192
471180122,471180093,247.24,36.18279569892473,residential,False,34,6185036192
471180150,6199802362,57.1,36.18279569892473,residential,False,12,6185036192
471180150,471180158,161.24,36.18279569892473,residential,False,17,6185036192
471180150,471180122,28.08,36.18279569892473,residential,False,15,6185036192
471180158,6199802359,138.66,36.18279569892473,residential,False,25,6185036192
471180158,471180169,363.08,36.18279569892473,residential,False,12,6185036192
471180158,471180169,182.2,36.18279569892473,residential,False,31,6185036192
471180158,471180150,161.24,36.18279569892473,residential,False,29,6185036192
471180169,471180158,363.08,36.18279569892473,residential,False,20,6185036192
471180169,471180158,182.2,36.18279569892473,residential,False,34,6185036192
471180169,471180178,111.46,36.18279569892473,residential,False,30,6185036192
471180178,6906762507,535.18,36.18279569892473,residential,False,11,6185036192
471180178,471180183,62.04,36.18279569892473,residential,False,11,6185036192
471180178,471180169,111.46,36.18279569892473,residential,False,21,6185036192
471180183,471185064,131.83,36.18279569892473,residential,False,30,6185036192
471180183,6906747275,249.64,36.18279569892473,residential,False,14,6185036192
471180183,471180178,62.04,36.18279569892473,residential,False,32,6185036192
471180183,6906762551,207.96,36.18279569892473,residential,False,27,6185036192
471180197,6449678752,5.22,36.18279569892473,residential,False,35,6185036192
471180197,6906762562,181.76,36.18279569892473,residential,False,13,6185036192
471180197,6906762551,150.13,36.18279569892473,residential,False,14,6185036192
471180215,471180230,317.54,36.18279569892473,residential,False,25,6185036192
471180215,6906762562,122.45,36.18279569892473,residential,False,17,6185036192
471180215,5703100786,75.53,36.18279569892473,residential,False,20,6185036192
471180230,6821399379,1.53,36.18279569892473,residential,False,27,6185036192
471180230,471180215,317.54,36.18279569892473,residential,False,35,6185036192
471180230,6821376425,72.2,36.18279569892473,residential,False,30,6185036192
471180753,471182185,311.3,50.0,residential,False,34,6185036192
471180753,83771438,114.79,53.482142857142854,secondary,False,21,6185036192
471180753,83771431,58.73,53.482142857142854,secondary,False,35,6185036192
471180754,471182571,642.89,36.18279569892473,residential,False,24,6185036192
471180754,88970527,349.26,53.482142857142854,secondary,False,33,6185036192
471180754,6399648118,173.06,53.482142857142854,secondary,False,16,6185036192
471180782,4844752521,763.46,36.18279569892473,residential,False,10,6185036192
471180789,471180797,193.55,36.18279569892473,residential,False,32,6185036192
471180797,6199759788,12.84,53.482142857142854,secondary,False,22,6185036192
471180797,6199759832,77.38,53.482142857142854,secondary,False,21,6185036192
471180797,471180789,193.55,36.18279569892473,residential,False,33,6185036192
471180869,6199759837,108.27,53.482142857142854,secondary,False,14,6185036192
471180869,471180915,65.91,53.482142857142854,secondary,False,18,6185036192
471180869,6906935171,50.95,36.18279569892473,residential,False,11,6185036192
471180886,6906935171,234.41,36.18279569892473,residential,False,25,6185036192
471180891,471180893,102.64,36.18279569892473,residential,False,32,6185036192
471180891,471180915,167.18,53.482142857142854,secondary,False,24,6185036192
471180891,83769953,77.74,53.482142857142854,secondary,False,27,6185036192
471180893,471180891,102.64,36.18279569892473,residential,False,19,6185036192
471180904,1955237888,123.12,36.18279569892473,residential,False,27,6185036192
471180915,471180869,65.91,53.482142857142854,secondary,False,32,6185036192
471180915,471180891,167.18,53.482142857142854,secondary,False,25,6185036192
471180915,471180927,67.22,36.18279569892473,residential,False,16,6185036192
471180927,471180979,754.75,36.18279569892473,residential,False,28,6185036192
471180927,471180915,67.22,36.18279569892473,residential,False,15,6185036192
471180927,6199759826,105.36,36.18279569892473,residential,False,27,6185036192
471180927,6906822800,282.44,36.18279569892473,residential,False,21,6185036192
471180979,471180927,754.75,36.18279569892473,residential,False,20,6185036192
471181244,471181347,225.82,36.18279569892473,residential,False,33,6185036192
471181244,83771420,531.0,36.18279569892473,residential,False,24,6185036192
471181244,6199759844,150.09,36.18279569892473,residential,False,18,6185036192
471181347,471181401,95.93,36.18279569892473,residential,False,29,6185036192
471181347,471181244,225.82,36.18279569892473,residential,False,27,6185036192
471181347,11338709183,174.67,36.18279569892473,residential,False,15,6185036192
471181401,6199759820,148.46,36.18279569892473,residential,False,12,6185036192
471181401,471181347,95.93,36.18279569892473,residential,False,26,6185036192
471181401,6199759852,222.18,36.18279569892473,residential,False,14,6185036192
471181751,6199759820,375.59,36.18279569892473,residential,False,24,6185036192
471181751,1949737034,209.74,36.18279569892473,residential,False,19,6185036192
471181751,471182651,507.53,36.18279569892473,residential,False,18,6185036192
471182185,471182571,9.6,36.18279569892473,residential,False,27,6185036192
471182185,6199759806,18.33,36.18279569892473,residential,False,21,6185036192
471182185,471180753,311.3,50.0,residential,False,24,6185036192
471182439,6907005640,121.77,36.18279569892473,residential,False,10,6185036192
471182571,471182185,9.6,36.18279569892473,residential,False,34,6185036192
471182571,471180754,642.89,36.18279569892473,residential,False,30,6185036192
471182571,6199759791,162.31,36.18279569892473,residential,False,26,6185036192
471182651,471182653,18.87,53.482142857142854,secondary,False,22,6185036192
471182651,89076751,170.58,53.482142857142854,secondary,False,33,6185036192
471182651,471181751,507.53,36.18279569892473,residential,False,15,6185036192
471182653,471182651,18.87,53.482142857142854,secondary,False,10,6185036192
471182653,471182654,66.78,53.482142857142854,secondary,False,29,6185036192
471182653,471182968,213.87,36.18279569892473,residential,False,21,6185036192
471182654,83771431,561.17,53.482142857142854,secondary,False,34,6185036192
471182654,471182653,66.78,53.482142857142854,secondary,False,29,6185036192
471182654,471182941,95.63,36.18279569892473,residential,False,17,6185036192
471182672,471182673,48.78,36.18279569892473,residential,False,20,6185036192
471182672,6907048762,42.78,36.18279569892473,residential,False,33,6185036192
471182672,471182977,179.85,36.18279569892473,residential,False,12,6185036192
471182673,6907048777,10.28,36.18279569892473,residential,False,31,6185036192
471182673,471182672,48.78,36.18279569892473,residential,False,27,6185036192
471182673,471183292,173.83,36.18279569892473,residential,False,22,6185036192
471182683,471182686,75.83,36.18279569892473,residential,False,16,6185036192
471182683,6907048777,225.72,36.18279569892473,residential,False,26,6185036192
471182683,471182909,647.84,36.18279569892473,residential,False,31,6185036192
471182686,89075569,694.85,36.18279569892473,residential,False,25,6185036192
471182686,471182683,75.83,36.18279569892473,residential,False,34,6185036192
471182686,6907048753,100.21,36.18279569892473,residential,False,27,6185036192
471182909,89075569,852.1,36.18279569892473,residential,False,14,6185036192
471182909,247266397,271.0,36.18279569892473,residential,False,29,6185036192
471182909,471182683,647.84,36.18279569892473,residential,False,19,6185036192
471182941,6199759786,46.43,36.18279569892473,residential,False,20,6185036192
471182941,471182945,20.11,36.18279569892473,residential,False,23,6185036192
471182941,471182654,95.63,36.18279569892473,residential,False,30,6185036192
471182945,471182941,20.11,36.18279569892473,residential,False,20,6185036192
471182945,6199759082,156.62,36.18279569892473,residential,False,13,6185036192
471182945,6199759081,54.71,36.18279569892473,residential,False,13,6185036192
471182947,6199759081,48.98,36.18279569892473,residential,False,26,6185036192
471182968,471182653,213.87,36.18279569892473,residential,False,31,6185036192
471182977,471182672,179.85,36.18279569892473,residential,False,12,6185036192
471183211,89076744,224.98,36.18279569892473,residential,False,11,6185036192
471183266,471183292,38.56,36.18279569892473,residential,False,14,6185036192
471183266,89076744,90.1,36.18279569892473,residential,False,15,6185036192
471183266,471183312,118.37,36.18279569892473,residential,False,11,6185036192
471183266,471183304,90.02,36.18279569892473,residential,False,16,6185036192
471183292,471183295,19.71,36.18279569892473,residential,False,13,6185036192
471183292,471183266,38.56,36.18279569892473,residential,False,25,6185036192
471183292,471182673,173.83,36.18279569892473,residential,False,16,6185036192
471183295,6907048753,101.56,36.18279569892473,residential,False,13,6185036192
471183295,471183292,19.71,36.18279569892473,residential,False,11,6185036192
471183295,471183405,175.5,36.18279569892473,residential,False,28,6185036192
471183304,471183266,90.02,36.18279569892473,residential,False,30,6185036192
471183312,471183266,118.37,36.18279569892473,residential,False,22,6185036192
471183363,471183721,613.98,36.18279569892473,residential,False,31,6185036192
471183363,89076126,735.48,36.18279569892473,residential,False,25,6185036192
471183363,471183955,256.84,36.18279569892473,residential,False,26,6185036192
471183379,89076126,160.26,53.482142857142854,secondary,False,29,6185036192
471183379,471183721,458.61,53.482142857142854,secondary,False,32,6185036192
471183379,6907065853,220.68,36.18279569892473,residential,False,28,6185036192
471183393,6907065853,99.02,36.18279569892473,residential,False,18,6185036192
471183405,471183295,175.5,36.18279569892473,residential,False,11,6185036192
471183721,471183379,458.61,53.482142857142854,secondary,False,21,6185036192
471183721,89075061,346.78,53.482142857142854,secondary,False,17,6185036192
471183721,471183363,613.98,36.18279569892473,residential,False,29,6185036192
471183757,338694471,106.14,36.18279569892473,residential,False,32,6185036192
471183757,338694464,109.01,36.18279569892473,residential,False,12,6185036192
471183757,471184259,740.51,36.18279569892473,residential,False,10,6185036192
471183764,338694500,203.8,36.18279569892473,residential,False,16,6185036192
471183764,6821399428,209.66,36.18279569892473,residential,False,30,6185036192
471183764,11158979442,313.38,36.18279569892473,residential,False,25,6185036192
471183796,11338803555,67.13,36.18279569892473,residential,False,12,6185036192
471183796,6906834326,71.05,36.18279569892473,residential,False,24,6185036192
471183796,6906834339,230.57,36.18279569892473,residential,False,35,6185036192
471183822,6906834339,307.75,36.18279569892473,residential,False,30,6185036192
471183955,471183363,256.84,36.18279569892473,residential,False,11,6185036192
471184220,338694471,254.3,36.18279569892473,residential,False,21,6185036192
471184259,6906847324,188.19,36.18279569892473,residential,False,27,6185036192
471184259,471183757,740.51,36.18279569892473,residential,False,33,6185036192
471184259,6906847331,396.13,36.18279569892473,residential,False,23,6185036192
471184295,6906847313,54.79,36.18279569892473,residential,False,21,6185036192
471184295,6906847324,167.87,36.18279569892473,residential,False,35,6185036192
471184295,6199802379,31.14,36.18279569892473,residential,False,32,6185036192
471184327,6906847313,17.57,36.18279569892473,residential,False,11,6185036192
471184327,471184362,90.1,36.18279569892473,residential,False,29,6185036192
471184327,471184383,178.13,36.18279569892473,residential,False,18,6185036192
471184353,471184354,49.8,36.18279569892473,residential,False,26,6185036192
471184353,471179988,244.09,36.18279569892473,residential,False,11,6185036192
471184353,471179993,159.16,36.18279569892473,residential,False,33,6185036192
471184354,471184357,39.15,36.18279569892473,residential,False,12,6185036192
471184354,471184353,49.8,36.18279569892473,residential,False,19,6185036192
471184354,6199813885,77.09,36.18279569892473,residential,False,12,6185036192
471184357,471184354,39.15,36.18279569892473,residential,False,16,6185036192
471184357,471184362,86.43,36.18279569892473,residential,False,26,6185036192
471184357,6199813885,63.69,36.18279569892473,residential,False,13,6185036192
471184362,471184327,90.1,36.18279569892473,residential,False,13,6185036192
471184362,471184357,86.43,36.18279569892473,residential,False,33,6185036192
471184362,471316582,238.6,36.18279569892473,residential,False,17,6185036192
471184383,6199802357,43.77,36.18279569892473,residential,False,27,6185036192
471184383,471184327,178.13,36.18279569892473,residential,False,22,6185036192
471184383,471184439,163.72,36.18279569892473,residential,False,16,6185036192
471184439,471184383,163.72,36.18279569892473,residential,False,16,6185036192
471185061,471185064,96.77,36.18279569892473,residential,False,26,6185036192
471185061,6449678752,103.65,36.18279569892473,residential,False,31,6185036192
471185061,471185126,142.01,36.18279569892473,residential,False,17,6185036192
471185064,471180183,131.83,36.18279569892473,residential,False,28,6185036192
471185064,471185061,96.77,36.18279569892473,residential,False,30,6185036192
471185064,8225509688,442.23,36.18279569892473,residential,False,15,6185036192
471185126,471185061,142.01,36.18279569892473,residential,False,27,6185036192
471316428,6199802370,55.24,36.18279569892473,residential,False,33,6185036192
471316428,471316436,157.89,36.18279569892473,residential,False,27,6185036192
471316428,471180093,93.79,36.18279569892473,residential,False,23,6185036192
471316436,471316428,157.89,36.18279569892473,residential,False,33,6185036192
471316459,471316465,285.77,36.18279569892473,residential,False,13,6185036192
471316459,471179885,160.36,36.18279569892473,residential,False,34,6185036192
471316459,6199802344,78.73,36.18279569892473,residential,False,30,6185036192
471316465,2291362669,51.04,36.18279569892473,residential,False,28,6185036192
471316465,247265007,44.01,36.18279569892473,residential,False,21,6185036192
471316465,471316459,285.77,36.18279569892473,residential,False,31,6185036192
471316473,6199802344,82.87,36.18279569892473,residential,False,24,6185036192
471316477,471179969,183.17,36.18279569892473,residential,False,32,6185036192
471316481,471179970,143.35,36.18279569892473,residential,False,31,6185036192
471316488,471179972,90.18,36.18279569892473,residential,False,23,6185036192
471316491,471179850,27.64,36.18279569892473,residential,False,13,6185036192
471316491,247264991,119.19,36.18279569892473,residential,False,15,6185036192
471316491,471316494,123.61,36.18279569892473,residential,False,35,6185036192
471316494,471316491,123.61,36.18279569892473,residential,False,15,6185036192
471316496,471316502,47.67,36.18279569892473,residential,False,27,6185036192
471316496,471179908,30.76,36.18279569892473,residential,False,22,6185036192
471316496,471316500,165.83,36.18279569892473,residential,False,26,6185036192
471316500,471316496,165.83,36.18279569892473,residential,False,20,6185036192
471316502,471316496,47.67,36.18279569892473,residential,False,31,6185036192
471316502,471179899,8.91,36.18279569892473,residential,False,15,6185036192
471316502,471316504,101.77,36.18279569892473,residential,False,27,6185036192
471316504,471316502,101.77,36.18279569892473,residential,False,29,6185036192
471316510,247264991,179.7,36.18279569892473,residential,False,24,6185036192
471316516,471316519,56.54,36.18279569892473,residential,False,21,6185036192
471316516,1955238751,76.07,36.18279569892473,residential,False,20,6185036192
471316516,6199802354,88.22,36.18279569892473,residential,False,27,6185036192
471316519,471316516,56.54,36.18279569892473,residential,False,20,6185036192
471316528,6907029839,19.83,36.18279569892473,residential,False,21,6185036192
471316536,247264994,5.03,36.18279569892473,residential,False,23,6185036192
471316536,471316540,64.82,36.18279569892473,residential,False,34,6185036192
471316536,6907029839,175.12,36.18279569892473,residential,False,30,6185036192
471316540,471316536,64.82,36.18279569892473,residential,False,23,6185036192
471316543,1955245229,187.23,36.18279569892473,residential,False,33,6185036192
471316551,1955245229,171.77,36.18279569892473,residential,False,20,6185036192
471316561,471316582,506.98,36.18279569892473,residential,False,29,6185036192
471316561,471179983,49.16,36.18279569892473,residential,False,17,6185036192
471316561,471316602,173.51,36.18279569892473,residential,False,28,6185036192
471316582,471184362,238.6,36.18279569892473,residential,False,27,6185036192
471316582,471316561,506.98,36.18279569892473,residential,False,16,6185036192
471316582,471316586,105.51,36.18279569892473,residential,False,22,6185036192
471316586,471316582,105.51,36.18279569892473,residential,False,34,6185036192
471316602,471316561,173.51,36.18279569892473,residential,False,27,6185036192
471412801,89045668,12.04,44.02390438247012,tertiary,False,33,320981769
471412801,471412927,129.04,36.18279569892473,residential,False,18,320981769
471412801,82653327,54.61,36.18279569892473,residential,False,21,320981769
471412801,82641159,81.17,44.02390438247012,tertiary,False,24,320981769
471412927,471413051,54.7,36.18279569892473,residential,False,24,320981769
471412927,471413278,211.1,36.18279569892473,residential,False,22,320981769
471412950,471413009,61.35,36.18279569892473,residential,False,10,320981769
471412954,471412967,5.19,36.18279569892473,residential,False,33,320981769
471412954,12735642221,46.9,36.18279569892473,residential,False,11,320981769
471412954,10265634293,128.63,36.18279569892473,residential,False,19,320981769
471412967,471412954,5.19,36.18279569892473,residential,False,29,320981769
471412967,89040792,112.43,36.18279569892473,residential,False,10,320981769
471412967,471413009,110.29,36.18279569892473,residential,False,26,320981769
471413009,89040792,47.1,36.18279569892473,residential,False,14,320981769
471413009,471412950,61.35,36.18279569892473,residential,False,19,320981769
471413009,471412967,110.29,36.18279569892473,residential,False,10,320981769
471413011,89040322,11.83,36.18279569892473,residential,False,19,320981769
471413011,471413017,36.75,36.18279569892473,residential,False,17,320981769
471413011,89039717,54.3,36.18279569892473,residential,False,16,320981769
471413017,12735642220,37.04,36.18279569892473,residential,False,20,320981769
471413017,471413031,111.05,36.18279569892473,residential,False,10,320981769
471413017,471413011,36.75,36.18279569892473,residential,False,34,320981769
471413031,471413017,111.05,36.18279569892473,residential,False,32,320981769
471413031,256618775,33.23,44.02390438247012,tertiary,False,18,320981769
471413051,82641887,91.08,36.18279569892473,residential,False,27,320981769
471413051,471413081,155.05,36.18279569892473,residential,False,26,320981769
471413081,471413051,155.05,36.18279569892473,residential,False,27,320981769
471413141,254349412,166.32,36.18279569892473,residential,False,28,320981769
471413278,471412927,211.1,36.18279569892473,residential,False,28,320981769
471413278,82653324,125.11,36.18279569892473,residential,False,14,320981769
471413278,89040792,52.53,36.18279569892473,residential,False,13,320981769
471622889,2435274907,1076.57,36.18279569892473,residential,False,11,105814816
492688988,310543971,2986.81,45.0,unclassified,False,24,320981769
492688988,1474148473,1123.12,36.18279569892473,residential,False,21,320981769
492690507,1474168315,614.12,36.18279569892473,residential,False,14,320981769
492690507,6914015084,390.89,36.18279569892473,residential,False,14,320981769
492690507,6914063610,241.2,36.18279569892473,residential,False,18,320981769
492690507,6914079391,310.8,36.18279569892473,residential,False,21,320981769
492693558,492693583,22.97,36.18279569892473,residential,False,28,320981769
492693558,6914063610,92.06,36.18279569892473,residential,False,17,320981769
492693558,6914015084,369.41,36.18279569892473,residential,False,17,320981769
492693583,492693558,22.97,36.18279569892473,residential,False,18,320981769
492693583,6914068240,192.54,36.18279569892473,residential,False,35,320981769
492693583,1474148473,678.16,36.18279569892473,residential,False,19,320981769
527364691,527364694,45.04,36.18279569892473,residential,False,12,256619924
527364691,361439882,73.61,36.18279569892473,residential,False,28,256619924
527364691,527364723,75.66,36.18279569892473,residential,False,22,256619924
527364694,527364697,49.99,36.18279569892473,residential,False,28,256619924
527364694,527364691,45.04,36.18279569892473,residential,False,16,256619924
527364694,4942281616,302.58,36.18279569892473,residential,False,33,256619924
527364697,527364694,49.99,36.18279569892473,residential,False,12,256619924
527364697,4942281660,61.66,36.18279569892473,residential,False,33,256619924
527364697,4942281656,110.62,36.18279569892473,residential,False,20,256619924
527364723,527364691,75.66,36.18279569892473,residential,False,35,256619924
567542727,567542729,112.08,36.18279569892473,residential,False,25,93731379
567542727,4675323064,67.39,44.02390438247012,tertiary,False,15,93731379
567542727,12045725932,61.33,44.02390438247012,tertiary,False,25,93731379
567542729,12091725458,92.13,36.18279569892473,residential,False,32,93731379
567542729,567542727,112.08,36.18279569892473,residential,False,32,93731379
567542729,914251748,211.81,36.18279569892473,residential,False,28,93731379
567542729,6366272725,53.56,36.18279569892473,residential,False,13,93731379
567892374,83738235,21.1,36.18279569892473,residential,False,29,93731379
567892374,6970320250,61.49,53.482142857142854,secondary,True,30,93731379
574598852,4942281650,246.42,36.18279569892473,residential,False,19,256619924
574598852,4942281656,45.83,36.18279569892473,residential,False,11,256619924
574598852,4942281655,152.67,36.18279569892473,residential,False,33,256619924
574605802,4683527236,20.67,30.0,tertiary,False,35,256619924
574605802,6394889116,93.55,30.0,tertiary,False,28,256619924
574605802,574605848,84.38,36.18279569892473,residential,False,22,256619924
574605848,12888061079,61.63,36.18279569892473,residential,False,12,256619924
574605848,574605802,84.38,36.18279569892473,residential,False,34,256619924
574605848,574605880,64.96,36.18279569892473,residential,False,11,256619924
574605860,12888061074,3.04,36.18279569892473,residential,False,34,256619924
574605860,4942281611,103.61,36.18279569892473,residential,False,20,256619924
574605860,4942281605,104.44,36.18279569892473,residential,False,21,256619924
574605880,574605848,64.96,36.18279569892473,residential,False,23,256619924
574872170,2728449052,135.59,45.0,unclassified,False,23,320981769
574872170,310542466,244.32,45.0,unclassified,False,13,320981769
574872170,1502720217,430.79,45.0,unclassified,False,34,320981769
574872170,4753351045,474.25,36.18279569892473,residential,False,17,320981769
574872379,2875387914,647.36,36.18279569892473,residential,False,33,320981769
574872379,6988583403,53.53,45.0,unclassified,False,30,320981769
574872379,6171715380,548.75,45.0,unclassified,False,29,320981769
574872448,574960922,198.74,36.18279569892473,residential,False,10,6988544531
574960799,4943479941,53.39,36.18279569892473,residential,False,30,6988544531
574960799,574960800,46.96,44.02390438247012,tertiary,False,34,6988544531
574960799,361440464,262.01,44.02390438247012,tertiary,False,30,6988544531
574960799,6988424051,105.36,36.18279569892473,residential,False,22,6988544531
574960800,574960801,42.3,44.02390438247012,tertiary,False,11,6988544531
574960800,574960799,46.96,44.02390438247012,tertiary,False,19,6988544531
574960800,4943479940,119.21,36.18279569892473,residential,False,26,6988544531
574960801,4943479498,24.18,44.02390438247012,tertiary,False,11,6988544531
574960801,574960800,42.3,44.02390438247012,tertiary,False,20,6988544531
574960801,6988419118,451.3,36.18279569892473,residential,False,27,6988544531
574960807,361426411,194.38,44.02390438247012,tertiary,False,28,6988544531
574960807,6988424049,60.32,44.02390438247012,tertiary,False,14,6988544531
574960807,6010306908,145.55,36.18279569892473,residential,False,20,6988544531
574960838,574960848,414.98,44.02390438247012,tertiary,False,26,6988544531
574960838,361426411,630.44,44.02390438247012,tertiary,False,32,6988544531
574960838,6988419160,91.28,36.18279569892473,residential,False,17,6988544531
574960848,574960867,718.54,44.02390438247012,tertiary,False,14,6988544531
574960848,574960838,414.98,44.02390438247012,tertiary,False,11,6988544531
574960848,6988327064,462.28,36.18279569892473,residential,False,31,6988544531
574960867,11187147652,392.54,36.18279569892473,residential,False,33,6988544531
574960867,6988419158,127.29,36.18279569892473,residential,False,22,6988544531
574960867,574960848,718.54,44.02390438247012,tertiary,False,24,6988544531
574960867,6988385556,263.73,36.18279569892473,residential,False,34,6988544531
574960886,574960922,835.54,36.18279569892473,residential,False,29,6988544531
574960886,361440464,439.01,36.18279569892473,residential,False,28,6988544531
574960886,4943480025,100.01,36.18279569892473,residential,False,26,6988544531
574960922,574960886,835.54,36.18279569892473,residential,False,12,6988544531
574960922,574872448,198.74,36.18279569892473,residential,False,17,6988544531
574960922,4943480018,362.71,36.18279569892473,residential,False,23,6988544531
583505572,1788617454,359.58,36.18279569892473,residential,False,19,82668285
583505572,314640874,179.47,36.18279569892473,residential,False,35,82668285
583505572,583505637,107.87,36.18279569892473,residential,False,22,82668285
583505637,82668285,122.87,36.18279569892473,residential,False,14,82668285
583505637,86041911,79.78,36.18279569892473,residential,False,14,82668285
583505637,583505572,107.87,36.18279569892473,residential,False,20,82668285
583589709,82705069,119.42,36.18279569892473,residential,False,12,82903274
583589709,2017248286,33.31,60.0,secondary,True,25,82903274
614457182,301953780,79.78,36.18279569892473,residential,False,28,301954258
614457185,614457187,192.57,36.18279569892473,residential,False,33,6218659532
614457185,9162554601,51.5,36.18279569892473,residential,False,11,6218659532
614457185,6185022097,322.55,36.18279569892473,residential,False,27,6218659532
614457187,84552423,34.23,36.18279569892473,residential,False,22,6218659532
614457187,2113092727,118.28,36.18279569892473,residential,False,18,6218659532
614457187,614457185,192.57,36.18279569892473,residential,False,12,6218659532
628650035,93815187,168.08,36.18279569892473,residential,False,22,847937526
628650035,1948137500,88.84,36.18279569892473,residential,False,26,847937526
628650035,628650049,94.89,36.18279569892473,residential,False,23,847937526
628650048,12901553886,57.61,36.18279569892473,residential,False,34,847937526
628650048,628650049,83.69,36.18279569892473,residential,False,32,847937526
628650048,12903810132,134.44,36.18279569892473,residential,False,14,847937526
628650049,628650048,83.69,36.18279569892473,residential,False,34,847937526
628650049,628650035,94.89,36.18279569892473,residential,False,14,847937526
628650049,12894657540,14.27,36.18279569892473,residential,False,25,847937526
628650071,93815187,91.89,36.18279569892473,residential,False,27,847937526
633166259,6168697493,75.56,36.18279569892473,residential,False,16,90214098
654038317,310549201,32.43,36.18279569892473,residential,False,25,82703794
654038317,89018682,50.16,30.0,residential,False,22,82703794
658735858,6166982442,192.47,44.02390438247012,tertiary,False,30,320981769
658735858,82641152,15.3,44.02390438247012,tertiary,False,28,320981769
673754246,89025571,30.2,36.18279569892473,residential,False,16,82703794
686454183,320981769,7.82,36.18279569892473,residential,False,27,320981769
686454183,6904019308,164.66,36.18279569892473,residential,False,29,320981769
686454183,82653887,81.82,36.18279569892473,residential,False,33,320981769
686454269,686454270,16.53,36.18279569892473,residential,False,26,320981769
686454269,1448662765,33.79,36.18279569892473,residential,False,17,320981769
686454269,254311395,97.36,36.18279569892473,residential,False,17,320981769
686454270,686454269,16.53,36.18279569892473,residential,False,12,320981769
686454270,4411145005,39.6,36.18279569892473,residential,False,18,320981769
686454270,1448662763,39.33,36.18279569892473,residential,False,34,320981769
736707400,11042119854,106.45,36.18279569892473,residential,False,23,93731379
739119192,89043015,39.28,36.18279569892473,residential,False,20,320981769
739119192,254991018,153.44,36.18279569892473,residential,False,31,320981769
739119192,6903978252,40.8,36.18279569892473,residential,False,28,320981769
739119197,739119201,60.87,36.18279569892473,residential,False,12,320981769
739119201,82641065,283.79,36.18279569892473,residential,False,13,320981769
739119201,739119197,60.87,36.18279569892473,residential,False,31,320981769
739119201,93768087,165.91,36.18279569892473,residential,False,23,320981769
739466559,147924330,135.57,36.18279569892473,residential,False,23,6185036192
739466559,147924142,60.03,36.18279569892473,residential,False,21,6185036192
739466559,739466583,213.49,36.18279569892473,residential,False,21,6185036192
739466583,739466559,213.49,36.18279569892473,residential,False,16,6185036192
773003993,82674858,17.19,53.482142857142854,secondary,False,20,93731379
773003993,6366272725,7.97,53.482142857142854,secondary,False,21,93731379
773003993,83720534,212.51,36.18279569892473,residential,False,29,93731379
847937525,847937526,46.6,36.18279569892473,residential,False,30,847937526
847937525,93818565,38.65,36.18279569892473,residential,False,10,847937526
847937525,2135246458,188.1,36.18279569892473,residential,False,34,847937526
847937526,847937525,46.6,36.18279569892473,residential,False,19,847937526
904972369,6355024136,40.59,36.18279569892473,residential,False,15,388276886
904972369,320068032,88.72,36.18279569892473,residential,False,21,388276886
904972369,6354917845,39.23,36.18279569892473,residential,False,29,388276886
914229482,12919787449,7.11,36.18279569892473,residential,False,35,147963281
914229482,6184996320,32.1,36.18279569892473,residential,False,24,147963281
914229482,301866052,122.7,36.18279569892473,residential,False,29,147963281
914230712,147969287,62.49,36.18279569892473,residential,False,14,147963281
914230712,147969285,45.93,36.18279569892473,residential,False,24,147963281
914230712,914232924,66.17,36.18279569892473,residential,False,11,147963281
914232924,914230712,66.17,36.18279569892473,residential,False,17,147963281
914251748,6970430341,236.86,36.18279569892473,residential,False,16,93731379
914251748,567542729,211.81,36.18279569892473,residential,False,31,93731379
914251748,914251754,112.04,36.18279569892473,residential,False,21,93731379
914251754,914251762,17.21,36.18279569892473,residential,False,14,93731379
914251754,914251755,51.79,36.18279569892473,residential,False,34,93731379
914251754,914251748,112.04,36.18279569892473,residential,False,33,93731379
914251755,914251754,51.79,36.18279569892473,residential,False,12,93731379
914251755,12045725932,45.85,44.02390438247012,tertiary,False,13,93731379
914251755,914251762,50.34,44.02390438247012,tertiary,False,33,93731379
914251762,914251754,17.21,36.18279569892473,residential,False,11,93731379
914251762,914251763,30.27,44.02390438247012,tertiary,False,17,93731379
914251762,914251755,50.34,44.02390438247012,tertiary,False,29,93731379
914251763,914251762,30.27,44.02390438247012,tertiary,False,14,93731379
914251763,12676661197,216.08,40.0,residential,False,19,93731379
914251763,6366272728,223.04,44.02390438247012,tertiary,False,10,93731379
914261154,12918942599,36.41,30.0,unclassified,False,20,93731379
914261154,9325711797,18.28,30.0,tertiary,False,32,93731379
914261181,11218723720,243.42,45.0,unclassified,False,35,93731379
914261181,12918942599,166.07,45.0,unclassified,False,13,93731379
914261181,12922048413,148.63,45.0,unclassified,False,19,93731379
915410552,7264576917,39.52,36.18279569892473,residential,False,24,12908641424
915410552,12908641426,44.48,36.18279569892473,residential,False,25,12908641424
928124045,6213201101,423.55,36.18279569892473,residential,False,10,11253757267
942075542,12920655599,43.66,36.18279569892473,residential,False,20,11253757267
942075542,1367350274,538.99,36.18279569892473,residential,False,16,11253757267
956431024,302339183,60.76,36.18279569892473,residential,False,33,256619924
956431024,956431042,46.3,36.18279569892473,residential,False,27,256619924
956431024,302339179,39.65,36.18279569892473,residential,False,16,256619924
956431041,956431042,36.91,36.18279569892473,residential,False,16,256619924
956431042,956431024,46.3,36.18279569892473,residential,False,27,256619924
956431042,956431041,36.91,36.18279569892473,residential,False,26,256619924
956431042,12887113008,26.68,36.18279569892473,residential,False,34,256619924
968604723,82650686,46.42,36.18279569892473,residential,False,18,82703794
1021656060,1021656061,49.18,36.18279569892473,residential,False,27,847937526
1021656060,93813613,64.37,36.18279569892473,residential,False,25,847937526
1021656060,1021656072,62.41,36.18279569892473,residential,False,29,847937526
1021656061,1021656060,49.18,36.18279569892473,residential,False,33,847937526
1021656072,1021656079,33.11,36.18279569892473,residential,False,14,847937526
1021656072,1021656114,55.35,36.18279569892473,residential,False,32,847937526
1021656072,1021656060,62.41,36.18279569892473,residential,False,32,847937526
1021656079,1021656072,33.11,36.18279569892473,residential,False,31,847937526
1021656079,1363625667,76.92,36.18279569892473,residential,False,10,847937526
1021656079,6975294315,50.85,36.18279569892473,residential,False,22,847937526
1021656114,1365076784,31.19,36.18279569892473,residential,False,28,847937526
1021656114,316057514,85.45,36.18279569892473,residential,False,31,847937526
1021656114,1021656072,55.35,36.18279569892473,residential,False,26,847937526
1021657451,3978261082,18.75,36.18279569892473,residential,False,11,847937526
1021657451,1962573883,104.71,36.18279569892473,residential,False,18,847937526
1021657451,6867964677,57.64,36.18279569892473,residential,False,15,847937526
1021657496,6867964677,34.0,36.18279569892473,residential,False,11,847937526
1021657496,1021657499,67.28,36.18279569892473,residential,False,19,847937526
1021657496,1962573883,55.76,36.18279569892473,residential,False,16,847937526
1021657499,1021657496,67.28,36.18279569892473,residential,False,35,847937526
1021665999,12903810134,50.19,36.18279569892473,residential,False,32,847937526
1021671113,12909380426,5.58,36.18279569892473,residential,False,29,847937526
1021671113,12909380427,40.93,36.18279569892473,residential,False,18,847937526
1021671113,1021671119,53.24,36.18279569892473,residential,False,11,847937526
1021671119,1021671113,53.24,36.18279569892473,residential,False,24,847937526
1021671125,12909380426,57.82,36.18279569892473,residential,False,30,847937526
1021671129,1021671131,18.29,36.18279569892473,residential,False,10,847937526
1021671129,1021671138,77.26,36.18279569892473,residential,False,12,847937526
1021671129,12909380426,55.65,36.18279569892473,residential,False,22,847937526
1021671131,1021671129,18.29,36.18279569892473,residential,False,31,847937526
1021671138,1021671142,10.56,36.18279569892473,residential,False,18,847937526
1021671138,1392163967,46.65,36.18279569892473,residential,False,31,847937526
1021671138,1021671129,77.26,36.18279569892473,residential,False,31,847937526
1021671142,1021671151,16.14,36.18279569892473,residential,False,21,847937526
1021671142,1021671138,10.56,36.18279569892473,residential,False,13,847937526
1021671142,1392163980,105.3,36.18279569892473,residential,False,10,847937526
1021671151,1021671142,16.14,36.18279569892473,residential,False,19,847937526
1021671151,11346002636,135.68,36.18279569892473,residential,False,30,847937526
1021671151,1021671162,92.53,36.18279569892473,residential,False,22,847937526
1021671162,93812231,102.84,36.18279569892473,residential,False,17,847937526
1021671162,1021671151,92.53,36.18279569892473,residential,False,22,847937526
1021671162,1021671166,30.49,36.18279569892473,residential,False,26,847937526
1021671166,1021671183,46.28,36.18279569892473,residential,False,32,847937526
1021671166,12905447255,52.48,36.18279569892473,residential,False,13,847937526
1021671166,1021671162,30.49,36.18279569892473,residential,False,20,847937526
1021671183,1363821562,74.83,36.18279569892473,residential,False,25,847937526
1021671183,1021671166,46.28,36.18279569892473,residential,False,29,847937526
1021671183,1021671188,54.01,36.18279569892473,residential,False,27,847937526
1021671188,93812222,11.56,36.18279569892473,residential,False,12,847937526
1021671188,1021671183,54.01,36.18279569892473,residential,False,15,847937526
1021671188,1433977824,103.74,36.18279569892473,residential,False,16,847937526
1021674259,1021674276,44.04,36.18279569892473,residential,False,26,847937526
1021674259,1958644927,7.2,36.18279569892473,residential,False,24,847937526
1021674259,316057511,166.88,36.18279569892473,residential,False,27,847937526
1021674276,1021674259,44.04,36.18279569892473,residential,False,32,847937526
1056303203,1056303233,107.33,36.18279569892473,residential,False,10,147963281
1056303203,6980418746,161.11,50.0,tertiary,False,11,147963281
1056303203,84554294,76.86,50.0,tertiary,False,17,147963281
1056303233,1056303203,107.33,36.18279569892473,residential,False,26,147963281
1056303332,84554289,103.96,50.0,tertiary,False,19,147963281
1056303332,1056303517,239.26,50.0,tertiary,False,20,147963281
1056303332,1056303409,41.42,36.18279569892473,residential,False,25,147963281
1056303409,1056303444,92.9,36.18279569892473,residential,False,22,147963281
1056303409,1056303423,61.32,36.18279569892473,residential,False,33,147963281
1056303409,1056303332,41.42,36.18279569892473,residential,False,15,147963281
1056303423,1056303409,61.32,36.18279569892473,residential,False,10,147963281
1056303444,1056303409,92.9,36.18279569892473,residential,False,21,147963281
1056303444,1056303451,27.36,36.18279569892473,residential,False,31,147963281
1056303444,1056303603,100.25,36.18279569892473,residential,False,21,147963281
1056303451,1056303444,27.36,36.18279569892473,residential,False,21,147963281
1056303451,1056303603,78.39,36.18279569892473,residential,False,30,147963281
1056303451,1056303517,196.38,36.18279569892473,residential,False,19,147963281
1056303517,1056303332,239.26,50.0,tertiary,False,17,147963281
1056303517,147971488,39.75,50.0,tertiary,False,26,147963281
1056303517,1056303451,196.38,36.18279569892473,residential,False,18,147963281
1056303603,12919787475,23.71,36.18279569892473,residential,False,35,147963281
1056303603,1056303444,100.25,36.18279569892473,residential,False,11,147963281
1056303603,1056303451,78.39,36.18279569892473,residential,False,30,147963281
1066506035,301847125,120.03,36.18279569892473,residential,False,18,12908641424
1066871499,83738406,34.92,36.18279569892473,residential,False,22,93731379
1066871499,83738749,124.1,36.18279569892473,residential,False,10,93731379
1066871499,1066871516,204.05,36.18279569892473,residential,False,27,93731379
1066871516,83738749,14.29,36.18279569892473,residential,False,18,93731379
1066871516,82674009,88.26,36.18279569892473,residential,False,17,93731379
1066871516,1066871499,204.05,36.18279569892473,residential,False,14,93731379
1067800966,256392915,31.39,30.0,residential,False,20,93731379
1067800966,256392837,87.85,30.0,residential,False,22,93731379
1067800966,256392837,211.67,36.18279569892473,residential,False,31,93731379
1097273806,12906828983,42.89,36.18279569892473,residential,False,14,93731379
1097273806,257398516,37.31,36.18279569892473,residential,False,12,93731379
1097273806,257398412,128.17,36.18279569892473,residential,False,33,93731379
1098016001,301864379,80.48,36.18279569892473,residential,False,22,147963281
1130894663,6171715953,41.11,36.18279569892473,residential,False,26,320981769
1130894663,254317068,174.74,36.18279569892473,residential,False,31,320981769
1130894663,8275306777,82.54,36.18279569892473,residential,False,29,320981769
1130903101,93770129,43.6,36.18279569892473,residential,False,30,320981769
1130930986,89041799,122.37,36.18279569892473,residential,False,31,320981769
1137565316,1800317394,128.8,36.18279569892473,residential,False,17,11346035713
1180320965,2875387914,63.39,36.18279569892473,residential,False,23,320981769
1180320965,310543971,1022.41,45.0,unclassified,False,17,320981769
1180320965,1497204911,382.85,45.0,unclassified,False,28,320981769
1194129769,83720534,123.09,36.18279569892473,residential,False,14,93731379
1194129769,83738415,79.02,36.18279569892473,residential,False,23,93731379
1231455806,1800349517,88.37,36.18279569892473,residential,False,19,93731379
1231455806,301436285,134.21,36.18279569892473,residential,False,29,93731379
1231455849,1800349607,104.38,36.18279569892473,residential,False,20,93731379
1231455849,301436285,57.66,36.18279569892473,residential,False,24,93731379
1231480275,61334743,9.66,50.0,tertiary,True,27,93731379
1231480275,6128912827,159.12,36.18279569892473,residential,False,14,93731379
1231480275,1510211655,509.56,50.0,secondary,False,16,93731379
1231480281,146257203,9.11,36.18279569892473,residential,True,30,93731379
1231480281,1231480285,120.33,50.0,secondary,True,14,93731379
1231480281,146257501,61.06,36.18279569892473,residential,False,28,93731379
1231480285,83717378,10.24,40.0,primary,True,27,93731379
1231480285,83717566,514.07,40.0,primary,True,31,93731379
1231480285,1231487707,301.61,50.0,primary,True,35,93731379
1231487707,83710071,11.69,36.18279569892473,residential,True,16,93731379
1231487707,83710070,62.21,36.18279569892473,residential,False,14,93731379
1231487707,6365442396,232.56,50.0,primary,True,19,93731379
1231487712,1800349834,23.76,50.0,primary,False,32,93731379
1231487712,11205626335,555.8,60.0,secondary,False,32,93731379
1232368137,1800349517,43.82,36.18279569892473,residential,False,26,93731379
1248283481,301392634,124.18,36.18279569892473,residential,False,14,93731379
1248290377,83711809,13.45,30.0,residential,False,23,93731379
1248290377,1248290381,52.73,36.18279569892473,residential,False,34,93731379
1248290377,83733503,72.85,30.0,residential,False,14,93731379
1248290381,1248290377,52.73,36.18279569892473,residential,False,30,93731379
1248290381,11175918215,134.57,36.18279569892473,residential,False,28,93731379
1248290381,83710074,145.1,36.18279569892473,residential,True,15,93731379
1248414251,84569056,132.13,36.18279569892473,residential,False,20,93731379
1276411996,361431045,163.82,36.18279569892473,residential,False,12,6988544531
1276411996,361433259,357.65,36.18279569892473,residential,False,27,6988544531
1276411996,6988524395,246.9,45.0,unclassified,False,27,6988544531
1276412037,361431045,383.7,36.18279569892473,residential,False,33,6988544531
1276412062,6196090933,8.4,36.18279569892473,residential,False,13,6988544531
1276412062,13752770892,89.66,36.18279569892473,residential,False,15,6988544531
1276412062,146223391,100.46,36.18279569892473,residential,False,20,6988544531
1276412093,361428567,387.8,36.18279569892473,residential,False,14,6988544531
1276412093,6988419153,551.37,36.18279569892473,residential,False,33,6988544531
1276412093,361428229,352.8,36.18279569892473,residential,False,10,6988544531
1276412143,6988321960,125.22,36.18279569892473,residential,False,34,6988544531
1276412143,6988419153,67.08,36.18279569892473,residential,False,20,6988544531
1276412143,6988362007,71.67,36.18279569892473,residential,False,23,6988544531
1276412155,6988346396,96.24,36.18279569892473,residential,False,23,6988544531
1276412155,6988321960,34.86,36.18279569892473,residential,False,19,6988544531
1276412155,3752881740,829.09,36.18279569892473,residential,False,24,6988544531
1276412155,6988419158,90.9,36.18279569892473,residential,False,33,6988544531
1276412228,361428229,1022.88,36.18279569892473,residential,False,30,6988544531
1276437793,78452012,272.02,45.0,unclassified,True,33,82903274
1277557036,2959396033,45.44,30.0,residential,False,18,82703794
1300528007,6363090685,434.03,36.18279569892473,residential,False,14,6185036192
1300528007,88960349,796.12,60.0,primary,False,34,6185036192
1300528007,1300528022,255.17,60.0,primary,False,16,6185036192
1300528022,4144063066,82.16,36.18279569892473,residential,False,13,6185036192
1300528022,1300528007,255.17,60.0,primary,False,14,6185036192
1300528022,88968211,136.11,60.0,primary,False,15,6185036192
1300528051,88968211,70.55,60.0,primary,False,10,6185036192
1300528051,88961141,138.22,60.0,primary,False,34,6185036192
1300528051,88970502,71.81,60.0,primary_link,False,29,6185036192
1300541821,3843858767,368.85,60.0,primary,False,29,105814816
1300541821,105816978,149.02,60.0,primary,False,18,105814816
1300541821,84551644,187.57,60.0,secondary,False,29,105814816
1300613239,6396808158,110.23,36.18279569892473,residential,False,28,93731379
1300613239,82900294,123.51,36.18279569892473,residential,False,29,93731379
1300613239,12201098849,45.05,36.18279569892473,residential,False,17,93731379
1300613242,1300613250,160.73,36.18279569892473,residential,False,29,93731379
1300613242,83738768,25.8,36.18279569892473,residential,False,17,93731379
1300613242,4860750955,29.38,36.18279569892473,residential,False,17,93731379
1300613248,83738768,95.27,36.18279569892473,residential,False,31,93731379
1300613248,4900571136,16.38,36.18279569892473,residential,False,10,93731379
1300613248,4860750946,65.82,36.18279569892473,residential,False,21,93731379
1300613250,1300613242,160.73,36.18279569892473,residential,False,12,93731379
1300895487,11346067004,85.92,36.18279569892473,residential,False,32,147963281
1313637311,1313637325,105.66,36.18279569892473,residential,False,34,82668285
1313637325,82668635,331.02,36.18279569892473,residential,False,25,82668285
1313637325,1313637311,105.66,36.18279569892473,residential,False,14,82668285
1324141761,6907148125,824.8,40.0,residential,False,26,6185036192
1324141761,88970847,45.78,60.0,primary,False,29,6185036192
1326271878,1333834451,46.71,36.18279569892473,residential,False,25,12908641424
1326271878,1333834415,8.24,36.18279569892473,residential,False,32,12908641424
1326271878,12905132054,128.97,36.18279569892473,residential,False,30,12908641424
1326271891,6391141306,261.16,36.18279569892473,residential,False,21,12908641424
1326271891,3051019364,139.93,36.18279569892473,residential,False,15,12908641424
1326271891,11337401143,249.06,36.18279569892473,residential,False,22,12908641424
1326818619,90309030,11.62,44.02390438247012,tertiary,False,25,12901492583
1326818619,90309026,106.2,44.02390438247012,tertiary,False,25,12901492583
1326818619,1326818621,124.41,36.18279569892473,residential,False,14,12901492583
1326818621,1326818619,124.41,36.18279569892473,residential,False,15,12901492583
1326827106,6193773069,35.6,36.18279569892473,residential,False,16,12908641424
1326827106,1326827141,166.68,36.18279569892473,residential,False,17,12908641424
1326827124,147999045,64.71,36.18279569892473,residential,False,11,12908641424
1326827124,6156265956,91.6,36.18279569892473,residential,False,23,12908641424
1326827124,6879758589,120.57,36.18279569892473,residential,False,34,12908641424
1326827141,1334621645,110.35,36.18279569892473,residential,False,10,12908641424
1326827141,1326827106,166.68,36.18279569892473,residential,False,18,12908641424
1326827141,12908648489,42.05,36.18279569892473,residential,False,23,12908641424
1326827144,6879758599,31.3,36.18279569892473,residential,False,17,12908641424
1326827144,7264576939,13.98,36.18279569892473,residential,False,33,12908641424
1326827144,12905498931,89.67,36.18279569892473,residential,False,31,12908641424
1326827146,6391141306,47.6,36.18279569892473,residential,False,16,12908641424
1326827146,1326827161,119.84,36.18279569892473,residential,False,34,12908641424
1326827146,6391402534,50.77,36.18279569892473,residential,False,16,12908641424
1326827146,7264576919,152.18,36.18279569892473,residential,False,12,12908641424
1326827161,1326827146,119.84,36.18279569892473,residential,False,15,12908641424
1326827161,6879758614,97.78,36.18279569892473,residential,False,24,12908641424
1326827161,6391402527,40.02,36.18279569892473,residential,False,29,12908641424
1326827174,12908641424,19.25,36.18279569892473,residential,False,25,12908641424
1326827174,301836996,169.14,36.18279569892473,residential,False,32,12908641424
1326827188,90309043,83.36,36.18279569892473,residential,False,20,12901492583
1326827196,148001328,118.32,36.18279569892473,residential,False,24,12908641424
1326827196,301846415,135.75,36.18279569892473,residential,False,17,12908641424
1326827196,6222835832,100.51,36.18279569892473,residential,False,23,12908641424
1327335090,301850259,75.13,40.0,residential,False,22,11253757267
1327335091,12920651126,28.26,36.18279569892473,residential,False,34,12901492583
1327335091,90309020,92.17,40.0,residential,False,11,12901492583
1327335091,13147652158,93.54,36.18279569892473,residential,False,29,12901492583
1327337184,6396501536,70.49,36.18279569892473,residential,False,33,12901492583
1327337186,11345949958,15.77,36.18279569892473,residential,False,22,12901492583
1327337190,78452168,144.08,36.18279569892473,residential,False,33,11253757267
1327337229,90309026,42.67,36.18279569892473,residential,False,20,12901492583
1327337229,6958843949,136.58,36.18279569892473,residential,False,22,12901492583
1327337229,11345949939,42.35,36.18279569892473,residential,False,29,12901492583
1327342765,1327342775,31.72,36.18279569892473,residential,False,33,12908641424
1327342765,1333834441,26.0,36.18279569892473,residential,False,28,12908641424
1327342765,1327342771,95.58,36.18279569892473,residential,False,29,12908641424
1327342766,1327342774,48.98,36.18279569892473,residential,False,27,12908641424
1327342766,12908641409,179.6,44.02390438247012,tertiary,False,26,12908641424
1327342766,12904001246,49.15,40.0,tertiary,False,30,12908641424
1327342769,1327342775,29.95,36.18279569892473,residential,False,32,12908641424
1327342771,1327342765,95.58,36.18279569892473,residential,False,35,12908641424
1327342774,1327342766,48.98,36.18279569892473,residential,False,11,12908641424
1327342774,1327342775,74.64,36.18279569892473,residential,False,26,12908641424
1327342774,6193780525,108.73,36.18279569892473,residential,False,13,12908641424
1327342775,1327342774,74.64,36.18279569892473,residential,False,24,12908641424
1327342775,1327342769,29.95,36.18279569892473,residential,False,24,12908641424
1327342775,12908834918,23.37,36.18279569892473,residential,False,11,12908641424
1327342775,1327342765,31.72,36.18279569892473,residential,False,17,12908641424
1327352990,301851960,205.7,36.18279569892473,residential,False,26,12901492583
1327352991,301849204,137.69,36.18279569892473,residential,False,27,12901492583
1327352991,6396501508,282.99,36.18279569892473,residential,False,22,12901492583
1327352991,1327352992,127.12,36.18279569892473,residential,False,33,12901492583
1327352992,1327352991,127.12,36.18279569892473,residential,False,11,12901492583
1333770390,1333770391,53.86,36.18279569892473,residential,False,27,12901492583
1333770391,301851507,26.92,36.18279569892473,residential,False,22,12901492583
1333770391,301851512,156.8,36.18279569892473,residential,False,26,12901492583
1333770391,1333770390,53.86,36.18279569892473,residential,False,34,12901492583
1333770397,301851506,20.46,36.18279569892473,residential,False,30,12901492583
1333770397,301850994,38.21,36.18279569892473,residential,False,11,12901492583
1333770397,1333770402,74.52,36.18279569892473,residential,False,16,12901492583
1333770402,1333770397,74.52,36.18279569892473,residential,False,19,12901492583
1333770410,1333770419,118.13,36.18279569892473,residential,False,24,12901492583
1333770417,301844578,123.76,36.18279569892473,residential,False,22,12908641424
1333770419,1333770410,118.13,36.18279569892473,residential,False,19,12901492583
1333770419,301843018,48.21,36.18279569892473,residential,False,34,12901492583
1333770419,301842899,81.62,36.18279569892473,residential,False,19,12901492583
1333770421,93663944,60.67,36.18279569892473,residential,False,24,12908641424
1333770421,301844577,87.07,36.18279569892473,residential,False,15,12908641424
1333770421,1333770430,150.76,36.18279569892473,residential,False,23,12908641424
1333770425,7264576940,24.36,36.18279569892473,residential,False,19,12901492583
1333770430,1333770421,150.76,36.18279569892473,residential,False,29,12908641424
1333770430,301844827,145.27,36.18279569892473,residential,False,11,12908641424
1333770430,301844823,73.08,36.18279569892473,residential,False,32,12908641424
1333770433,301842893,12.74,36.18279569892473,residential,False,26,12901492583
1333770433,301851506,270.48,36.18279569892473,residential,False,14,12901492583
1333770433,301850994,104.79,36.18279569892473,residential,False,24,12901492583
1333770435,301842886,81.06,36.18279569892473,residential,False,30,12901492583
1333834360,82667259,450.85,36.18279569892473,residential,False,24,12908641424
1333834360,301847738,70.65,36.18279569892473,residential,False,12,12908641424
1333834360,1333834402,86.97,36.18279569892473,residential,False,33,12908641424
1333834368,1333834441,83.07,36.18279569892473,residential,False,26,12908641424
1333834374,1333834376,94.36,36.18279569892473,residential,False,13,12908641424
1333834376,1333834382,56.45,36.18279569892473,residential,False,15,12908641424
1333834376,12908648475,142.99,36.18279569892473,residential,False,34,12908641424
1333834376,1333834374,94.36,36.18279569892473,residential,False,28,12908641424
1333834379,1333834386,68.34,36.18279569892473,residential,False,32,12908641424
1333834382,1333834376,56.45,36.18279569892473,residential,False,27,12908641424
1333834382,301836785,26.92,36.18279569892473,residential,False,14,12908641424
1333834382,12908648475,150.39,36.18279569892473,residential,False,22,12908641424
1333834386,12920789263,201.59,36.18279569892473,residential,False,23,12908641424
1333834386,301847727,33.64,36.18279569892473,residential,False,20,12908641424
1333834386,1333834379,68.34,36.18279569892473,residential,False,24,12908641424
1333834387,1333834427,59.11,36.18279569892473,residential,False,10,12908641424
1333834398,1333834423,197.76,36.18279569892473,residential,False,15,12908641424
1333834400,1333834415,22.92,36.18279569892473,residential,False,24,12908641424
1333834400,1333834437,64.45,36.18279569892473,residential,False,28,12908641424
1333834400,6391402534,37.98,36.18279569892473,residential,False,32,12908641424
1333834402,1333834360,86.97,36.18279569892473,residential,False,16,12908641424
1333834403,301847730,37.93,36.18279569892473,residential,False,24,12908641424
1333834403,301847727,40.69,36.18279569892473,residential,False,12,12908641424
1333834403,1333834445,72.93,36.18279569892473,residential,False,18,12908641424
1333834409,1333834451,208.58,36.18279569892473,residential,False,20,12908641424
1333834415,1326271878,8.24,36.18279569892473,residential,False,32,12908641424
1333834415,1333834400,22.92,36.18279569892473,residential,False,30,12908641424
1333834415,12908648479,138.02,36.18279569892473,residential,False,32,12908641424
1333834422,1333834441,81.34,36.18279569892473,residential,False,35,12908641424
1333834423,147999045,67.27,36.18279569892473,residential,False,15,12908641424
1333834423,1333834398,197.76,36.18279569892473,residential,False,32,12908641424
1333834423,12908641402,118.65,36.18279569892473,residential,False,33,12908641424
1333834427,1333834387,59.11,36.18279569892473,residential,False,13,12908641424
1333834427,6222747911,25.55,36.18279569892473,residential,False,12,12908641424
1333834427,82667269,49.71,36.18279569892473,residential,False,13,12908641424
1333834437,1333834400,64.45,36.18279569892473,residential,False,32,12908641424
1333834441,1327342765,26.0,36.18279569892473,residential,False,24,12908641424
1333834441,1333834368,83.07,36.18279569892473,residential,False,30,12908641424
1333834441,1333834422,81.34,36.18279569892473,residential,False,21,12908641424
1333834445,1333834403,72.93,36.18279569892473,residential,False,12,12908641424
1333834451,1326271878,46.71,36.18279569892473,residential,False,26,12908641424
1333834451,1333834409,208.58,36.18279569892473,residential,False,32,12908641424
1333834451,2023811874,46.55,36.18279569892473,residential,False,22,12908641424
1333834453,6879641178,10.23,36.18279569892473,residential,False,33,12908641424
1333834453,11336070291,26.43,36.18279569892473,residential,False,35,12908641424
1333834453,12904001246,55.11,36.18279569892473,residential,False,26,12908641424
1334621157,1334621174,25.06,36.18279569892473,residential,False,29,12908641424
1334621167,1334621174,53.13,36.18279569892473,residential,False,15,12908641424
1334621167,6879758602,40.46,36.18279569892473,residential,False,22,12908641424
1334621167,11335625111,92.84,36.18279569892473,residential,False,27,12908641424
1334621170,6879758602,53.63,36.18279569892473,residential,False,22,12908641424
1334621170,1334621642,38.82,36.18279569892473,residential,False,11,12908641424
1334621170,1334621643,102.24,36.18279569892473,residential,False,34,12908641424
1334621170,6193773061,79.89,36.18279569892473,residential,False,15,12908641424
1334621174,1334621157,25.06,36.18279569892473,residential,False,20,12908641424
1334621174,1334621167,53.13,36.18279569892473,residential,False,28,12908641424
1334621174,12905498925,59.42,36.18279569892473,residential,False,31,12908641424
1334621642,1334621170,38.82,36.18279569892473,residential,False,14,12908641424
1334621642,148001328,389.54,36.18279569892473,residential,False,15,12908641424
1334621642,1334621645,76.11,36.18279569892473,residential,False,14,12908641424
1334621642,1334621649,82.24,36.18279569892473,residential,False,15,12908641424
1334621643,1334621170,102.24,36.18279569892473,residential,False,34,12908641424
1334621645,12905498922,35.33,36.18279569892473,residential,False,32,12908641424
1334621645,1326827141,110.35,36.18279569892473,residential,False,11,12908641424
1334621645,1334621642,76.11,36.18279569892473,residential,False,23,12908641424
1334621649,1334621642,82.24,36.18279569892473,residential,False,19,12908641424
1337086327,12905498939,277.1,36.18279569892473,residential,False,19,12901492583
1363625667,1021656079,76.92,36.18279569892473,residential,False,33,847937526
1363625668,3978261082,84.04,36.18279569892473,residential,False,34,847937526
1363680965,1962574007,45.86,36.18279569892473,residential,False,24,847937526
1363680969,1363680983,90.99,36.18279569892473,residential,False,19,82903274
1363680969,93810391,109.37,36.18279569892473,residential,False,30,82903274
1363680969,93810395,97.9,36.18279569892473,residential,False,15,82903274
1363680973,93813609,92.59,36.18279569892473,residential,False,13,82903274
1363680975,1948156283,103.73,36.18279569892473,residential,False,14,847937526
1363680978,93810395,15.06,36.18279569892473,residential,False,16,82903274
1363680978,93810396,44.9,36.18279569892473,residential,False,10,82903274
1363680978,12910655335,88.21,36.18279569892473,residential,False,29,82903274
1363680982,1948155700,23.36,36.18279569892473,residential,False,34,82903274
1363680982,1948156124,63.77,36.18279569892473,residential,False,18,82903274
1363680982,1363680989,31.43,36.18279569892473,residential,False,10,82903274
1363680983,1363680969,90.99,36.18279569892473,residential,False,24,82903274
1363680989,1363680982,31.43,36.18279569892473,residential,False,25,82903274
1363739538,93810858,39.06,36.18279569892473,residential,False,25,82903274
1363739538,1363739546,28.04,36.18279569892473,residential,False,27,82903274
1363739538,1958644920,58.68,36.18279569892473,residential,False,35,82903274
1363739542,1365350497,11.47,36.18279569892473,residential,False,10,82903274
1363739542,1363739553,31.71,36.18279569892473,residential,False,29,82903274
1363739542,1365350445,40.87,36.18279569892473,residential,False,25,82903274
1363739546,1363739559,27.04,36.18279569892473,residential,False,17,82903274
1363739546,1363739538,28.04,36.18279569892473,residential,False,16,82903274
1363739546,1363739555,29.45,36.18279569892473,residential,False,28,82903274
1363739553,1363739542,31.71,36.18279569892473,residential,False,31,82903274
1363739553,1392163981,73.87,36.18279569892473,residential,False,25,82903274
1363739553,1363739554,98.58,36.18279569892473,residential,False,24,82903274
1363739554,1363739553,98.58,36.18279569892473,residential,False,23,82903274
1363739555,1363739546,29.45,36.18279569892473,residential,False,24,82903274
1363739557,93815154,20.21,36.18279569892473,residential,False,12,847937526
1363739557,1392818685,49.68,36.18279569892473,residential,False,29,847937526
1363739557,12909380427,153.95,36.18279569892473,residential,False,29,847937526
1363739559,1363739546,27.04,36.18279569892473,residential,False,10,82903274
1363739559,1392163981,36.4,36.18279569892473,residential,False,17,82903274
1363739559,1392818690,98.58,36.18279569892473,residential,False,27,82903274
1363821562,1021671183,74.83,36.18279569892473,residential,False,18,847937526
1363821575,1363821593,56.21,36.18279569892473,residential,False,29,82903274
1363821581,93812227,60.65,36.18279569892473,residential,False,30,847937526
1363821587,6369164837,52.83,36.18279569892473,residential,False,27,82903274
1363821587,12903810134,120.45,36.18279569892473,residential,False,16,82903274
1363821587,12901553892,99.59,36.18279569892473,residential,False,11,82903274
1363821593,1363821575,56.21,36.18279569892473,residential,False,15,82903274
1363821593,93812216,9.25,36.18279569892473,residential,False,14,82903274
1363821593,1365350438,33.43,36.18279569892473,residential,False,11,82903274
1363821605,11346002636,70.41,36.18279569892473,residential,False,30,847937526
1363821605,6369164837,31.6,36.18279569892473,residential,False,21,847937526
1363821605,1392163981,119.12,36.18279569892473,residential,False,11,847937526
1365076748,1754988714,33.71,40.0,residential,False,14,82903274
1365076750,1365076799,64.33,36.18279569892473,residential,False,11,82903274
1365076752,1365076797,11.72,36.18279569892473,residential,False,31,82903274
1365076759,1365076774,17.77,40.0,residential,False,28,82903274
1365076759,1365076769,51.91,36.18279569892473,residential,False,29,82903274
1365076759,11346001732,39.85,40.0,residential,False,19,82903274
1365076761,93812802,23.99,40.0,residential,False,20,82903274
1365076761,1365076790,32.93,36.18279569892473,residential,False,12,82903274
1365076761,1365076774,48.17,40.0,residential,False,11,82903274
1365076764,3978261082,146.75,36.18279569892473,residential,False,13,847937526
1365076768,6391782810,18.67,36.18279569892473,residential,False,23,82903274
1365076768,1365076798,95.23,36.18279569892473,residential,False,15,82903274
1365076768,6191116108,110.74,36.18279569892473,residential,False,15,82903274
1365076769,1365076774,35.71,36.18279569892473,residential,False,31,82903274
1365076769,1365076790,46.73,36.18279569892473,residential,False,19,82903274
1365076769,1365076759,51.91,36.18279569892473,residential,False,29,82903274
1365076769,1365077649,13.91,36.18279569892473,residential,False,31,82903274
1365076774,1365076769,35.71,36.18279569892473,residential,False,32,82903274
1365076774,1365076759,17.77,40.0,residential,False,32,82903274
1365076774,1365076761,48.17,40.0,residential,False,29,82903274
1365076775,1365076790,12.39,36.18279569892473,residential,False,28,82903274
1365076779,1365076797,33.55,36.18279569892473,residential,False,35,82903274
1365076784,1021656114,31.19,36.18279569892473,residential,False,27,847937526
1365076790,1365076775,12.39,36.18279569892473,residential,False,15,82903274
1365076790,1365076769,46.73,36.18279569892473,residential,False,24,82903274
1365076790,1365076761,32.93,36.18279569892473,residential,False,33,82903274
1365076797,1365076779,33.55,36.18279569892473,residential,False,28,82903274
1365076797,1365076752,11.72,36.18279569892473,residential,False,21,82903274
1365076797,1948155589,47.22,36.18279569892473,residential,False,11,82903274
1365076798,1365076768,95.23,36.18279569892473,residential,False,12,82903274
1365076799,1365076750,64.33,36.18279569892473,residential,False,34,82903274
1365076799,93812806,47.6,36.18279569892473,residential,False,19,82903274
1365076799,93812803,26.55,40.0,residential,False,20,82903274
1365077649,1365076769,13.91,36.18279569892473,residential,False,21,82903274
1365350438,1363821593,33.43,36.18279569892473,residential,False,22,82903274
1365350443,93812230,35.26,36.18279569892473,residential,False,12,847937526
1365350443,1392163987,65.63,36.18279569892473,residential,False,34,847937526
1365350443,12905447262,65.18,36.18279569892473,residential,False,23,847937526
1365350444,12909456720,22.82,36.18279569892473,residential,False,27,82903274
1365350445,1363739542,40.87,36.18279569892473,residential,False,12,82903274
1365350456,1365350486,23.05,36.18279569892473,residential,False,19,82903274
1365350456,1365350489,31.38,36.18279569892473,residential,False,25,82903274
1365350456,12909456720,42.08,36.18279569892473,residential,False,14,82903274
1365350459,93810858,56.14,36.18279569892473,residential,False,13,82903274
1365350465,1958644920,55.21,36.18279569892473,residential,False,32,847937526
1365350466,1365350486,22.89,36.18279569892473,residential,False,18,82903274
1365350486,1365350466,22.89,36.18279569892473,residential,False,20,82903274
1365350486,1365350456,23.05,36.18279569892473,residential,False,26,82903274
1365350486,12909456720,20.4,36.18279569892473,residential,False,23,82903274
1365350488,93812223,54.68,36.18279569892473,residential,False,26,847937526
1365350489,93810858,29.45,36.18279569892473,residential,False,16,82903274
1365350489,1365350456,31.38,36.18279569892473,residential,False,32,82903274
1365350489,93810396,187.26,36.18279569892473,residential,False,16,82903274
1365350492,12903810134,55.24,36.18279569892473,residential,False,29,847937526
1365350493,93812230,71.17,36.18279569892473,residential,False,11,847937526
1365350497,1363739542,11.47,36.18279569892473,residential,False,13,82903274
1365350498,1958644927,23.61,36.18279569892473,residential,False,28,847937526
1367208894,2119557114,118.4,36.18279569892473,residential,False,33,82903274
1367350274,1506189722,102.43,36.18279569892473,residential,False,30,11253757267
1367350274,1367350375,135.2,36.18279569892473,residential,True,26,11253757267
1367350375,83719505,97.31,60.0,secondary,True,12,11253757267
1367350375,90310545,228.09,60.0,secondary,True,25,11253757267
1367350375,1367350274,135.2,36.18279569892473,residential,False,33,11253757267
1372037167,256757665,37.53,36.18279569892473,residential,False,32,82686004
1372065638,256757168,86.08,36.18279569892473,residential,False,29,82903274
1382532387,89043015,140.79,36.18279569892473,residential,False,35,320981769
1382532387,82641065,63.41,44.02390438247012,tertiary,False,32,320981769
1382532387,254992102,139.62,44.02390438247012,tertiary,False,19,320981769
1383425989,254264692,27.59,54.67289719626168,primary,False,23,320981769
1383425989,316495559,61.02,36.18279569892473,residential,False,29,320981769
1383522734,32271696,135.86,36.18279569892473,residential,False,20,11346035713
1383527462,12743733571,22.37,36.18279569892473,residential,False,18,11346035713
1383527462,6191116150,111.91,36.18279569892473,residential,False,26,11346035713
1383527462,12743733573,12.2,36.18279569892473,residential,False,28,11346035713
1383527467,12743733571,61.14,36.18279569892473,residential,False,29,11346035713
1383527467,12907523381,74.41,36.18279569892473,residential,False,21,11346035713
1383527467,11258115249,42.18,36.18279569892473,residential,False,14,11346035713
1383527469,2232225989,41.3,36.18279569892473,residential,False,29,11346035713
1383527469,32271695,43.03,36.18279569892473,residential,False,28,11346035713
1383527469,6191116150,55.07,36.18279569892473,residential,False,25,11346035713
1384039543,8274131697,142.29,36.18279569892473,residential,False,26,320981769
1384039543,1804727608,115.24,36.18279569892473,residential,False,33,320981769
1384039543,8274213960,103.11,36.18279569892473,residential,False,30,320981769
1391585704,93813609,55.94,36.18279569892473,residential,False,25,82903274
1392058408,12904023255,47.74,36.18279569892473,residential,False,25,82903274
1392058421,12904023255,4.96,36.18279569892473,residential,False,35,82903274
1392058421,2106101561,447.08,60.0,primary,False,15,82903274
1392058421,1392140868,215.84,60.0,primary,False,29,82903274
1392140853,12904023256,38.97,36.18279569892473,residential,False,17,82903274
1392140856,12904023256,43.15,36.18279569892473,residential,False,32,82903274
1392140868,12904023256,7.86,36.18279569892473,residential,False,19,82903274
1392140868,1392058421,215.84,60.0,primary,False,16,82903274
1392140868,6368067213,299.39,60.0,primary,False,10,82903274
1392140870,12904023255,69.0,36.18279569892473,residential,False,13,82903274
1392163967,1021671138,46.65,36.18279569892473,residential,False,10,847937526
1392163967,93815157,36.93,36.18279569892473,residential,False,24,847937526
1392163967,1392163978,30.7,36.18279569892473,residential,False,30,847937526
1392163975,12905447260,17.01,36.18279569892473,residential,False,35,847937526
1392163978,1392163967,30.7,36.18279569892473,residential,False,13,847937526
1392163980,1021671142,105.3,36.18279569892473,residential,False,33,847937526
1392163981,1363821605,119.12,36.18279569892473,residential,False,16,82903274
1392163981,1363739553,73.87,36.18279569892473,residential,False,35,82903274
1392163981,1363739559,36.4,36.18279569892473,residential,False,29,82903274
1392163987,1365350443,65.63,36.18279569892473,residential,False,23,847937526
1392818655,316057514,30.58,36.18279569892473,residential,False,23,847937526
1392818667,1392818685,34.93,36.18279569892473,residential,False,11,847937526
1392818675,93813616,43.21,36.18279569892473,residential,False,20,847937526
1392818675,316057125,320.99,36.18279569892473,residential,False,21,847937526
1392818675,93815152,300.37,36.18279569892473,residential,False,27,847937526
1392818685,93815152,9.73,36.18279569892473,residential,False,35,847937526
1392818685,1392818667,34.93,36.18279569892473,residential,False,30,847937526
1392818685,1363739557,49.68,36.18279569892473,residential,False,16,847937526
1392818690,93812216,183.48,36.18279569892473,residential,False,10,82903274
1392818690,6369164825,32.17,36.18279569892473,residential,False,30,82903274
1392818690,1363739559,98.58,36.18279569892473,residential,False,16,82903274
1392818690,12909380424,66.98,36.18279569892473,residential,False,32,82903274
1397581624,1397581626,14.19,36.18279569892473,residential,False,19,11253757267
1397581624,12920508687,16.12,36.18279569892473,residential,False,18,11253757267
1397581624,1397581670,7.91,36.18279569892473,residential,False,35,11253757267
1397581626,12922530215,55.7,36.18279569892473,residential,False,12,11253757267
1397581626,1397581624,14.19,36.18279569892473,residential,False,19,11253757267
1397581626,1397581670,140.88,36.18279569892473,residential,False,19,11253757267
1397581628,12922530215,22.96,36.18279569892473,residential,False,26,11253757267
1397581628,11253757267,99.69,36.18279569892473,residential,False,27,11253757267
1397581628,12920523223,76.49,36.18279569892473,residential,False,20,11253757267
1397581670,1397581624,7.91,36.18279569892473,residential,False,34,11253757267
1397581670,1397581674,83.1,36.18279569892473,residential,False,10,11253757267
1397581670,1397581674,75.86,36.18279569892473,residential,False,13,11253757267
1397581670,1397581626,140.88,36.18279569892473,residential,False,31,11253757267
1397581674,1397581676,15.2,36.18279569892473,residential,False,20,11253757267
1397581674,1397581670,83.1,36.18279569892473,residential,False,20,11253757267
1397581674,1397581670,75.86,36.18279569892473,residential,False,22,11253757267
1397581676,6363700414,53.5,36.18279569892473,residential,False,33,11253757267
1397581676,1397581674,15.2,36.18279569892473,residential,False,28,11253757267
1397581676,1397581797,29.9,36.18279569892473,residential,False,29,11253757267
1397581797,1397581802,175.47,36.18279569892473,residential,False,10,11253757267
1397581797,1397581802,98.65,36.18279569892473,residential,False,15,11253757267
1397581797,1397581676,29.9,36.18279569892473,residential,False,16,11253757267
1397581802,1397581797,175.47,36.18279569892473,residential,False,20,11253757267
1397581802,1397581797,98.65,36.18279569892473,residential,False,20,11253757267
1397581802,82896542,226.66,36.18279569892473,residential,True,31,11253757267
1404317173,1952870486,116.74,60.0,primary,False,25,11346035713
1404317173,60969930,251.44,60.0,primary,True,25,11346035713
1404317173,1800317407,70.47,36.18279569892473,residential,False,35,11346035713
1404335836,82666135,179.84,36.18279569892473,residential,False,11,82668285
1404339469,301830194,52.04,36.18279569892473,residential,False,30,82668285
1404342660,60969926,49.87,60.0,primary,False,14,11346035713
1404342660,60969925,30.56,60.0,primary,False,25,11346035713
1404342660,1404343268,66.04,36.18279569892473,residential,False,14,11346035713
1404343268,1404342660,66.04,36.18279569892473,residential,False,30,11346035713
1404343268,1800317405,128.96,36.18279569892473,residential,False,24,11346035713
1404343268,1800317402,83.55,36.18279569892473,residential,False,27,11346035713
1433977824,1021671188,103.74,36.18279569892473,residential,False,20,847937526
1447454516,6906935173,136.24,50.0,secondary,False,24,6185036192
1447454516,6906935167,133.85,53.482142857142854,secondary,False,35,6185036192
1447454516,4844752521,91.16,53.482142857142854,secondary,False,23,6185036192
1448662763,89043954,29.4,36.18279569892473,residential,False,33,320981769
1448662763,6166982442,41.1,36.18279569892473,residential,False,11,320981769
1448662763,686454270,39.33,36.18279569892473,residential,False,26,320981769
1448662765,686454269,33.79,36.18279569892473,residential,False,19,320981769
1448670619,386896696,154.17,36.18279569892473,residential,False,28,386876240
1448670619,1448670633,62.5,36.18279569892473,residential,False,33,386876240
1448670619,386896683,50.63,36.18279569892473,residential,False,31,386876240
1448670633,1448670619,62.5,36.18279569892473,residential,False,20,386876240
1453974898,88971274,216.87,36.18279569892473,residential,False,27,6185036192
1463879299,386876293,71.79,36.18279569892473,residential,False,27,386876240
1463879299,386878929,58.97,36.18279569892473,residential,False,10,386876240
1463879299,386878919,50.46,36.18279569892473,residential,False,16,386876240
1463887030,386876214,89.22,36.18279569892473,residential,False,28,386876240
1463887030,386876263,98.62,36.18279569892473,residential,False,31,386876240
1463887030,1800317447,16.91,36.18279569892473,residential,False,20,386876240
1470608510,82706246,40.15,36.18279569892473,residential,False,35,320981769
1470608512,7864807051,47.24,36.18279569892473,residential,False,35,320981769
1472502939,1472502940,23.05,36.18279569892473,residential,False,21,6185036192
1472502939,2106006918,52.04,36.18279569892473,residential,False,12,6185036192
1472502939,1841463881,164.42,36.18279569892473,residential,False,14,6185036192
1472502940,1841467749,85.33,40.0,tertiary,False,18,6185036192
1472502940,1472502939,23.05,36.18279569892473,residential,False,10,6185036192
1472502940,2108596222,133.22,50.0,tertiary,False,20,6185036192
1472504929,6218424261,52.26,40.0,tertiary,False,22,6185036192
1472504929,88959840,82.1,40.0,tertiary,False,30,6185036192
1472504929,2107385287,142.29,40.0,residential,False,27,6185036192
1474109701,82619348,140.57,36.18279569892473,residential,False,15,320981769
1474113337,1491400144,31.32,36.18279569892473,residential,False,28,320981769
1474113337,6913713963,39.15,36.18279569892473,residential,False,29,320981769
1474113337,1804727612,130.72,36.18279569892473,residential,False,22,320981769
1474113373,1474113389,24.46,36.18279569892473,residential,False,15,90214098
1474113373,6859020095,36.96,36.18279569892473,residential,False,29,90214098
1474113373,82619356,540.68,36.18279569892473,residential,False,13,90214098
1474113389,1474113373,24.46,36.18279569892473,residential,False,35,90214098
1474113389,84550353,114.33,36.18279569892473,residential,False,34,90214098
1474113389,12887891813,75.77,36.18279569892473,residential,False,19,90214098
1474114372,84550353,157.15,36.18279569892473,residential,False,32,90214098
1474116837,6859020095,8.31,36.18279569892473,residential,False,20,90214098
1474116837,84550157,842.69,36.18279569892473,residential,False,32,90214098
1474116837,4734965423,931.27,36.18279569892473,residential,False,11,90214098
1474118433,6352715818,128.58,36.18279569892473,residential,False,18,320981769
1474118433,310545847,144.88,36.18279569892473,residential,False,23,320981769
1474118433,6352715821,103.38,36.18279569892473,residential,False,12,320981769
1474121858,82911064,106.64,36.18279569892473,residential,False,25,320981769
1474121858,310545847,184.99,36.18279569892473,residential,False,17,320981769
1474121858,5879109271,266.39,36.18279569892473,residential,False,21,320981769
1474127531,1474142324,66.41,36.18279569892473,residential,False,24,320981769
1474127531,93777167,130.23,36.18279569892473,residential,False,19,320981769
1474127531,12887891801,38.77,36.18279569892473,residential,False,16,320981769
1474142209,82619401,322.33,36.18279569892473,residential,False,26,320981769
1474142209,1474142218,44.32,36.18279569892473,residential,False,19,320981769
1474142209,8272182574,90.39,36.18279569892473,residential,False,15,320981769
1474142218,1474142209,44.32,36.18279569892473,residential,False,13,320981769
1474142218,82619400,180.05,36.18279569892473,residential,False,21,320981769
1474142218,8272182569,86.16,36.18279569892473,residential,False,35,320981769
1474142260,82619403,155.2,36.18279569892473,residential,False,11,320981769
1474142260,82619398,384.54,53.482142857142854,secondary,False,34,320981769
1474142260,247071481,68.33,53.482142857142854,secondary,False,16,320981769
1474142324,1474127531,66.41,36.18279569892473,residential,False,12,320981769
1474142517,82619416,298.42,36.18279569892473,residential,False,24,320981769
1474146856,6913827479,299.85,45.0,unclassified,False,26,320981769
1474146856,1474148392,362.29,36.18279569892473,residential,False,10,320981769
1474146856,4050577176,934.14,45.0,unclassified,False,35,320981769
1474148392,1474146856,362.29,36.18279569892473,residential,False,25,320981769
1474148392,1474148473,1128.91,36.18279569892473,residential,False,26,320981769
1474148392,6913842990,349.61,36.18279569892473,residential,False,14,320981769
1474148473,1474148392,1128.91,36.18279569892473,residential,False,16,320981769
1474148473,492693583,678.16,36.18279569892473,residential,False,20,320981769
1474148473,492688988,1123.12,36.18279569892473,residential,False,25,320981769
1474164446,4050606805,149.21,36.18279569892473,residential,False,33,320981769
1474164446,6914015084,131.82,36.18279569892473,residential,False,26,320981769
1474164446,4050606844,140.09,36.18279569892473,residential,False,19,320981769
1474168290,4747542906,448.61,36.18279569892473,residential,False,34,320981769
1474168290,1474168315,252.65,36.18279569892473,residential,False,20,320981769
1474168290,6914015027,91.35,36.18279569892473,residential,False,14,320981769
1474168290,1474172079,160.67,36.18279569892473,residential,False,34,320981769
1474168315,492690507,614.12,36.18279569892473,residential,False,13,320981769
1474168315,1474168290,252.65,36.18279569892473,residential,False,26,320981769
1474168315,1474172079,221.72,36.18279569892473,residential,False,31,320981769
1474168315,6914063633,164.13,36.18279569892473,residential,False,14,320981769
1474172079,4736701628,22.36,36.18279569892473,residential,False,16,320981769
1474172079,1474168290,160.67,36.18279569892473,residential,False,33,320981769
1474172079,1474168315,221.72,36.18279569892473,residential,False,11,320981769
1474175158,6914079390,16.47,36.18279569892473,residential,False,24,320981769
1474175158,6914068240,198.29,36.18279569892473,residential,False,22,320981769
1474175158,6914063623,139.05,36.18279569892473,residential,False,32,320981769
1474182591,6914063683,318.4,36.18279569892473,residential,False,26,320981769
1474182591,6914068561,86.8,36.18279569892473,residential,False,13,320981769
1474182591,8273696023,83.71,36.18279569892473,residential,False,10,320981769
1474182613,6914068561,190.43,36.18279569892473,residential,False,19,320981769
1474182613,1804727614,112.18,36.18279569892473,residential,False,11,320981769
1474182613,1804727615,52.0,36.18279569892473,residential,False,31,320981769
1474184608,1804727615,93.02,36.18279569892473,residential,False,29,320981769
1474193158,6910806249,392.65,36.18279569892473,residential,False,12,90214098
1474193158,1474193165,149.68,36.18279569892473,residential,False,20,90214098
1474193161,84551238,56.88,36.18279569892473,residential,False,24,90214098
1474193161,6910816008,1136.67,36.18279569892473,residential,False,11,90214098
1474193161,1474193165,49.49,36.18279569892473,residential,False,13,90214098
1474193165,1474193158,149.68,36.18279569892473,residential,False,26,90214098
1474193165,84551238,64.02,36.18279569892473,residential,False,34,90214098
1474193165,1474193161,49.49,36.18279569892473,residential,False,31,90214098
1474972617,1963485092,112.22,36.18279569892473,residential,False,33,320981769
1488327050,2380615202,9.29,40.0,secondary,False,19,93731379
1488500922,310542354,4.51,36.18279569892473,residential,False,10,320981769
1488500922,12888460105,2.52,36.18279569892473,residential,False,28,320981769
1488500922,8275306777,490.38,36.18279569892473,residential,False,34,320981769
1488509599,2951562225,17.87,44.02390438247012,tertiary,False,19,320981769
1488509599,310546535,174.03,44.02390438247012,tertiary,False,30,320981769
1488509599,1488509603,97.41,36.18279569892473,residential,False,16,320981769
1488509603,89046280,18.67,36.18279569892473,residential,False,20,320981769
1488509603,1488509599,97.41,36.18279569892473,residential,False,16,320981769
1488509603,8270320832,98.4,36.18279569892473,residential,False,16,320981769
1488513890,82908462,115.19,44.02390438247012,tertiary,False,19,320981769
1488513890,6397131029,119.82,44.02390438247012,tertiary,False,18,320981769
1488513890,1488513904,124.03,36.18279569892473,residential,False,27,320981769
1488513904,89046199,217.67,36.18279569892473,residential,False,20,320981769
1488513904,1488513890,124.03,36.18279569892473,residential,False,34,320981769
1489365626,1489365629,12.33,36.18279569892473,residential,False,24,320981769
1489365626,9566725640,17.95,36.18279569892473,residential,False,31,320981769
1489365626,1489365647,101.57,36.18279569892473,residential,False,13,320981769
1489365629,1489365626,12.33,36.18279569892473,residential,False,18,320981769
1489365629,12887893317,77.7,36.18279569892473,residential,False,14,320981769
1489365629,6913838084,386.4,36.18279569892473,residential,False,15,320981769
1489365647,1489365648,43.0,36.18279569892473,residential,False,18,320981769
1489365647,1489365648,125.5,36.18279569892473,residential,False,13,320981769
1489365647,1489365626,101.57,36.18279569892473,residential,False,10,320981769
1489365648,1958629838,132.85,36.18279569892473,residential,False,29,320981769
1489365648,1489365647,125.5,36.18279569892473,residential,False,27,320981769
1489365648,1489365647,43.0,36.18279569892473,residential,False,26,320981769
1490383903,388276844,21.06,36.18279569892473,residential,False,13,388276886
1490383903,320044519,39.98,36.18279569892473,residential,False,16,388276886
1490383903,320044620,119.85,36.18279569892473,residential,False,27,388276886
1491400144,1474113337,31.32,36.18279569892473,residential,False,21,320981769
1491400148,6913713963,133.48,36.18279569892473,residential,False,27,90214098
1497204867,4942281168,125.6,45.0,unclassified,False,20,320981769
1497204867,1497204911,427.61,45.0,unclassified,False,18,320981769
1497204867,6990483613,640.16,36.18279569892473,residential,False,14,320981769
1497204911,4942281197,139.44,45.0,unclassified,False,32,320981769
1497204911,1497204867,427.61,45.0,unclassified,False,35,320981769
1497204911,1180320965,382.85,45.0,unclassified,False,19,320981769
1502720209,1502720212,459.99,36.18279569892473,residential,False,28,320981769
1502720209,310542466,536.6,45.0,unclassified,False,17,320981769
1502720209,4050577176,290.21,45.0,unclassified,False,15,320981769
1502720212,1502720217,132.2,36.18279569892473,residential,False,12,320981769
1502720212,1502720209,459.99,36.18279569892473,residential,False,19,320981769
1502720212,2875387975,775.08,36.18279569892473,residential,False,29,320981769
1502720217,6988590091,994.58,45.0,unclassified,False,20,320981769
1502720217,1502720212,132.2,36.18279569892473,residential,False,27,320981769
1502720217,574872170,430.79,45.0,unclassified,False,24,320981769
1506189722,928124045,51.01,36.18279569892473,residential,False,11,11253757267
1506189722,1506189743,126.41,36.18279569892473,residential,False,14,11253757267
1506189743,1506189751,74.86,36.18279569892473,residential,False,10,11253757267
1506189743,1506189769,101.73,36.18279569892473,residential,False,25,11253757267
1506189743,1506189722,126.41,36.18279569892473,residential,False,31,11253757267
1506189751,1506189769,33.71,36.18279569892473,residential,False,11,11253757267
1506189751,928124045,251.56,36.18279569892473,residential,False,13,11253757267
1506189769,1506189743,101.73,36.18279569892473,residential,False,22,11253757267
1506189769,1506189751,33.71,36.18279569892473,residential,False,11,11253757267
1506189769,12920655598,52.87,36.18279569892473,residential,False,12,11253757267
1506250013,83739448,55.3,44.02390438247012,tertiary,True,23,11253757267
1506250013,4565221654,45.58,36.18279569892473,residential,False,22,11253757267
1506250013,90310898,213.02,44.02390438247012,tertiary,True,15,11253757267
1506250077,4565221636,13.27,36.18279569892473,residential,False,32,11253757267
1506250077,12920655599,17.84,36.18279569892473,residential,False,29,11253757267
1510211577,2380615203,14.03,40.0,secondary,False,28,93731379
1510211655,2380615205,35.27,40.0,secondary,False,30,93731379
1510308749,1510308751,135.86,36.18279569892473,residential,False,32,82703794
1510308749,82589766,107.44,60.0,primary,False,32,82703794
1510308751,1510308749,135.86,36.18279569892473,residential,False,24,82703794
1510308751,90138712,43.13,36.18279569892473,residential,False,29,82703794
1544180756,11336070291,89.15,36.18279569892473,residential,False,21,12908641424
1566947303,256392460,21.91,50.0,residential,False,19,11346035713
1566947303,9332976355,42.35,50.0,residential,False,20,11346035713
1566951685,1566951685,212.72,36.18279569892473,residential,False,16,11346035713
1566951685,1566951685,212.72,36.18279569892473,residential,False,32,11346035713
1566951685,256392460,70.69,36.18279569892473,residential,False,34,11346035713
1566970243,257398516,126.1,44.02390438247012,tertiary,False,31,93731379
1566970243,60969632,161.48,44.02390438247012,tertiary,True,35,93731379
1566970243,1800317417,149.43,36.18279569892473,residential,False,27,93731379
1567018193,1800317417,89.87,36.18279569892473,residential,False,12,93731379
1567018193,1800317410,118.24,36.18279569892473,residential,False,34,93731379
1567087825,4504522070,37.45,36.18279569892473,residential,False,34,93731379
1567087833,4504522070,37.01,36.18279569892473,residential,False,24,93731379
1567087835,12906828983,56.31,36.18279569892473,residential,False,28,93731379
1567087835,12906828983,21.91,36.18279569892473,residential,False,14,93731379
1567087835,4504522070,41.88,36.18279569892473,residential,False,12,93731379
1578110326,2326845073,181.81,36.18279569892473,residential,False,35,93731379
1579603065,82699688,155.29,53.482142857142854,secondary,False,32,90214098
1579603065,82669271,33.09,36.18279569892473,residential,True,24,90214098
1579603065,82624681,96.62,36.18279569892473,residential,False,13,90214098
1594343624,82588848,88.44,45.0,unclassified,False,24,82703794
1594343624,1594344041,80.59,45.0,unclassified,False,19,82703794
1594344041,2564124091,87.82,45.0,unclassified,False,31,82703794
1594344041,1594343624,80.59,45.0,unclassified,False,30,82703794
1598758485,1947854213,24.25,20.0,living_street,False,32,11253757267
1598758485,90309009,57.04,20.0,living_street,False,34,11253757267
1598758485,1598758486,32.53,20.0,living_street,False,24,11253757267
1598758486,1598758485,32.53,20.0,living_street,False,25,11253757267
1620446894,301857619,81.56,44.02390438247012,tertiary,False,17,12901492583
1620446894,301856105,389.63,44.02390438247012,tertiary,False,17,12901492583
1620446894,6391275021,118.07,36.18279569892473,residential,False,14,12901492583
1620450218,301857601,42.83,50.0,tertiary,False,29,147963281
1620450218,301858502,26.63,50.0,tertiary,False,18,147963281
1620450218,1620450221,158.81,36.18279569892473,residential,False,21,147963281
1620450221,1620450218,158.81,36.18279569892473,residential,False,22,147963281
1634096869,12912805839,13.8,36.18279569892473,residential,False,15,147963281
1634096872,6970320264,20.51,60.0,secondary,False,32,147963281
1634096872,12912805839,90.41,36.18279569892473,residential,False,31,147963281
1634096872,12912805838,60.03,60.0,secondary,False,20,147963281
1644192359,1644192383,103.72,36.18279569892473,residential,False,35,12901492583
1644192383,1644192359,103.72,36.18279569892473,residential,False,20,12901492583
1644192383,90309060,47.69,36.18279569892473,residential,False,24,12901492583
1644192383,301851512,43.16,36.18279569892473,residential,False,25,12901492583
1679340109,6368143951,162.02,30.0,residential,False,10,82903274
1679340109,2106098989,59.67,36.18279569892473,residential,False,12,82903274
1679340109,6394556219,147.17,30.0,residential,False,25,82903274
1723267990,3843858770,3080.97,95.0,motorway,False,13,
1723268041,1988946496,407.98,70.0,motorway_link,False,21,105814816
1723268041,1300777506,725.04,70.0,motorway_link,False,25,105814816
1728566132,1728566136,123.74,36.18279569892473,residential,False,24,93731379
1728566136,84566894,43.95,30.0,residential,False,15,93731379
1728566136,1728566132,123.74,36.18279569892473,residential,False,19,93731379
1730671885,1730671893,85.36,20.0,living_street,False,34,11346035713
1730671893,1730671885,85.36,20.0,living_street,False,21,11346035713
1730671893,301393559,76.55,36.18279569892473,residential,False,29,11346035713
1730671893,301393550,176.27,36.18279569892473,residential,False,28,11346035713
1731624616,146254068,71.17,36.18279569892473,residential,False,14,93731379
1731624616,146254283,185.61,36.18279569892473,residential,False,26,93731379
1731624616,146253897,146.66,36.18279569892473,residential,True,13,93731379
1754980497,12912616902,46.23,36.18279569892473,residential,False,22,82903274
1754980497,11172142606,25.07,20.0,residential,False,32,82903274
1754980497,6865168571,67.49,20.0,residential,False,35,82903274
1754988714,93812806,15.38,40.0,residential,False,13,82903274
1754988714,6865168571,60.36,20.0,residential,False,20,82903274
1754988714,1365076748,33.71,40.0,residential,False,27,82903274
1782883342,147969287,246.13,36.18279569892473,residential,False,30,147963281
1787596253,4571888881,31.88,45.0,unclassified,False,12,11253757267
1787596253,4571888880,38.12,60.0,tertiary,False,35,11253757267
1787617871,254280492,195.4,36.18279569892473,residential,False,19,82668285
1788617454,314641632,81.28,36.18279569892473,residential,False,27,82668285
1788617454,254280798,128.68,36.18279569892473,residential,False,24,82668285
1788617454,583505572,359.58,36.18279569892473,residential,False,22,82668285
1794344202,2546277798,75.48,36.18279569892473,residential,False,28,82668285
1794344202,7798505473,145.68,36.18279569892473,residential,False,23,82668285
1794344202,6955537243,20.16,36.18279569892473,residential,False,17,82668285
1794344260,6955537243,12.05,44.02390438247012,tertiary,False,29,12908641424
1794344260,12898832395,166.57,44.02390438247012,tertiary,False,17,12908641424
1794344260,3756951843,481.52,44.02390438247012,tertiary,False,27,12908641424
1799326974,82901413,74.27,36.18279569892473,residential,True,15,82903274
1799326974,12920582871,67.09,36.18279569892473,residential,False,25,82903274
1799326974,2016324989,111.39,36.18279569892473,residential,False,22,82903274
1800317394,60969925,14.21,36.18279569892473,residential,False,12,11346035713
1800317394,1137565316,128.8,36.18279569892473,residential,False,20,11346035713
1800317394,83723692,83.69,36.18279569892473,residential,False,16,11346035713
1800317399,78424736,21.11,44.02390438247012,tertiary,True,32,93731379
1800317399,11113476572,524.97,60.0,secondary,False,28,93731379
1800317402,1404343268,83.55,36.18279569892473,residential,False,23,11346035713
1800317402,1952870486,11.56,36.18279569892473,residential,False,35,11346035713
1800317402,1800317405,78.72,36.18279569892473,residential,False,23,11346035713
1800317405,1404343268,128.96,36.18279569892473,residential,False,28,11346035713
1800317405,1800317407,112.16,36.18279569892473,residential,False,35,11346035713
1800317405,1800317402,78.72,36.18279569892473,residential,False,20,11346035713
1800317407,1800317405,112.16,36.18279569892473,residential,False,27,11346035713
1800317407,256393885,111.83,36.18279569892473,residential,False,32,11346035713
1800317407,1404317173,70.47,36.18279569892473,residential,False,17,11346035713
1800317410,256392837,71.0,36.18279569892473,residential,False,15,93731379
1800317417,1800317410,189.58,36.18279569892473,residential,False,31,93731379
1800317417,1566970243,149.43,36.18279569892473,residential,False,31,93731379
1800317418,2502581408,175.46,36.18279569892473,residential,False,12,93731379
1800317418,82674009,57.94,36.18279569892473,residential,False,33,93731379
1800317421,253005191,60.61,36.18279569892473,residential,False,32,93731379
1800317421,83738768,59.01,36.18279569892473,residential,False,28,93731379
1800317421,253005222,166.4,36.18279569892473,residential,False,25,93731379
1800317425,2491229643,115.13,36.18279569892473,residential,False,13,11253757267
1800317433,1800317435,39.98,36.18279569892473,residential,False,28,82903274
1800317433,254281219,79.68,36.18279569892473,residential,False,29,82903274
1800317433,1800317437,66.06,36.18279569892473,residential,False,24,82903274
1800317435,1800317433,39.98,36.18279569892473,residential,False,20,82903274
1800317435,82705515,155.31,36.18279569892473,residential,False,27,82903274
1800317435,90312815,67.54,36.18279569892473,residential,False,13,82903274
1800317437,1800317433,66.06,36.18279569892473,residential,False,24,82903274
1800317437,82624009,82.81,40.0,residential,True,15,82903274
1800317443,386876234,16.87,36.18279569892473,residential,False,19,386876240
1800317443,386876240,55.55,36.18279569892473,residential,False,22,386876240
1800317443,386878911,60.99,36.18279569892473,residential,False,12,386876240
1800317445,309197234,62.91,36.18279569892473,residential,False,29,320050383
1800317445,7831375034,72.85,36.18279569892473,residential,False,13,320050383
1800317447,1463887030,16.91,36.18279569892473,residential,False,31,386876240
1800317447,386876234,17.93,36.18279569892473,residential,False,29,386876240
1800317447,386876279,99.33,36.18279569892473,residential,False,34,386876240
1800317450,82701965,34.31,36.18279569892473,residential,False,22,90214098
1800317450,90206965,51.79,36.18279569892473,residential,False,20,90214098
1800317450,6861499256,155.73,36.18279569892473,residential,False,25,90214098
1800317451,12903126593,8.89,36.18279569892473,residential,False,30,90214098
1800317451,90212496,72.93,36.18279569892473,residential,False,31,90214098
1800317451,386889501,121.25,36.18279569892473,residential,False,11,90214098
1800317456,82640434,71.94,44.02390438247012,tertiary,False,12,320981769
1800317475,1800317476,180.39,36.18279569892473,residential,False,16,256619924
1800317475,89015070,94.8,36.18279569892473,residential,False,14,256619924
1800317476,82656162,37.48,36.18279569892473,residential,False,28,82703794
1800317481,12959613418,132.84,54.67289719626168,primary,False,34,82703794
1800349517,5260615394,49.7,36.18279569892473,residential,False,30,93731379
1800349517,1232368137,43.82,36.18279569892473,residential,False,35,93731379
1800349567,82673371,10.74,36.18279569892473,residential,False,10,93731379
1800349567,1800349650,290.2,50.0,secondary,False,34,93731379
1800349607,1231455849,104.38,36.18279569892473,residential,False,14,93731379
1800349650,301442243,154.35,36.18279569892473,residential,False,31,93731379
1800349650,1231480275,152.0,50.0,secondary,True,14,93731379
1800349748,146257726,35.33,40.0,tertiary,False,24,93731379
1800349748,4563677869,34.29,40.0,tertiary,False,27,93731379
1800349832,82673355,10.88,45.0,unclassified,False,19,105814816
1800349832,83737009,449.78,50.0,unclassified,False,22,105814816
1800349834,1800349883,10.42,60.0,primary,False,29,93731379
1800349834,1800349832,124.54,50.0,unclassified,False,28,93731379
1800349883,82673357,23.65,50.0,primary,False,24,93731379
1804727608,8274131694,21.2,36.18279569892473,residential,False,16,320981769
1804727608,1384039543,115.24,36.18279569892473,residential,False,16,320981769
1804727608,8274213968,223.54,36.18279569892473,residential,False,31,320981769
1804727611,93775529,196.58,36.18279569892473,residential,False,20,320981769
1804727611,93775523,53.8,36.18279569892473,residential,False,19,320981769
1804727611,8274213968,180.86,36.18279569892473,residential,False,28,320981769
1804727612,82619348,24.32,53.482142857142854,secondary,False,35,320981769
1804727612,1474113337,130.72,36.18279569892473,residential,False,31,320981769
1804727612,82619356,274.39,53.482142857142854,secondary,False,19,320981769
1804727614,1474182613,112.18,36.18279569892473,residential,False,23,320981769
1804727614,247071472,78.98,36.18279569892473,residential,False,32,320981769
1804727614,6914068215,176.93,36.18279569892473,residential,False,21,320981769
1804727615,1474184608,93.02,36.18279569892473,residential,False,12,320981769
1804727615,6914068275,123.41,36.18279569892473,residential,False,28,320981769
1804727615,1474182613,52.0,36.18279569892473,residential,False,10,320981769
1804727616,8274131697,196.27,36.18279569892473,residential,False,29,320981769
1804727616,4050606844,193.58,36.18279569892473,residential,False,26,320981769
1804727616,82619416,83.29,36.18279569892473,residential,False,22,320981769
1807518375,6394877410,8.63,40.0,tertiary,True,14,256619924
1807518375,90236169,205.93,40.0,tertiary,False,19,256619924
1828284519,6352865198,44.58,36.18279569892473,residential,False,11,90214098
1828284519,6222438091,54.38,36.18279569892473,residential,False,21,90214098
1828284519,3756691120,87.96,36.18279569892473,residential,False,27,90214098
1839324869,2355702783,250.39,36.18279569892473,residential,False,11,93731379
1841463881,1472502939,164.42,36.18279569892473,residential,False,10,6185036192
1841467749,88960272,43.31,40.0,tertiary,False,32,6185036192
1841467749,1472502940,85.33,40.0,tertiary,False,27,6185036192
1841467749,1841467777,261.6,50.0,residential,False,21,6185036192
1841467749,11337775142,112.03,36.18279569892473,residential,False,13,6185036192
1841467777,1841467749,261.6,50.0,residential,False,19,6185036192
1849071719,1849071756,56.69,36.18279569892473,residential,False,10,12908641424
1849071745,1849071756,15.72,36.18279569892473,residential,False,17,12908641424
1849071745,301845531,145.21,36.18279569892473,residential,False,23,12908641424
1849071745,1849071747,52.15,36.18279569892473,residential,False,32,12908641424
1849071747,1849071745,52.15,36.18279569892473,residential,False,28,12908641424
1849071756,7264560833,95.16,36.18279569892473,residential,False,22,12908641424
1849071756,1849071745,15.72,36.18279569892473,residential,False,30,12908641424
1849071756,1849071719,56.69,36.18279569892473,residential,False,20,12908641424
1849071776,301839443,404.57,36.18279569892473,residential,False,32,12908641424
1855819263,386889555,40.55,36.18279569892473,residential,False,22,90214098
1855819263,90209697,133.94,54.67289719626168,primary,False,22,90214098
1855819263,33222611,413.08,54.67289719626168,primary,False,22,90214098
1893961021,82655335,45.82,50.0,primary,False,23,256619924
1893961021,1893962188,32.62,50.0,primary,False,27,256619924
1893961021,82655413,22.96,36.18279569892473,residential,False,16,256619924
1893961023,82655496,68.44,50.0,residential,False,31,256619924
1893961023,1893961021,42.73,36.18279569892473,residential,False,15,256619924
1893961023,1893962188,49.13,60.0,primary_link,False,25,256619924
1893962188,1893961021,32.62,50.0,primary,False,14,256619924
1893962188,10307781019,382.43,50.0,primary,False,16,256619924
1893963657,82663822,194.96,36.18279569892473,residential,False,27,82668285
1899986410,388276924,6.54,36.18279569892473,residential,False,22,388276886
1899986410,388276928,87.96,36.18279569892473,residential,False,21,388276886
1899986410,1899986432,68.13,36.18279569892473,residential,False,23,388276886
1899986432,388276928,58.13,36.18279569892473,residential,False,14,388276886
1899986432,388276613,115.94,36.18279569892473,residential,False,19,388276886
1899986432,1899986410,68.13,36.18279569892473,residential,False,31,388276886
1902634308,82905447,83.07,36.18279569892473,residential,False,14,256619924
1906136261,9337261450,128.86,53.482142857142854,secondary,False,14,90214098
1906136261,82699412,20.65,51.36889705201475,secondary_link,False,10,90214098
1907031046,6399181568,17.85,50.0,primary,False,12,256619924
1907031046,469167674,165.06,36.18279569892473,residential,False,30,256619924
1907031046,12898757801,142.97,50.0,primary,False,10,256619924
1909322734,6399237574,26.46,50.0,primary,False,14,256619924
1909322734,6399181568,5.56,50.0,primary,False,33,256619924
1909322734,469167674,167.0,36.18279569892473,residential,False,25,256619924
1909333790,88970844,863.76,36.18279569892473,residential,False,31,6185036192
1914243302,2046191889,30.57,36.18279569892473,residential,False,23,256619924
1914243302,256619961,95.65,30.0,residential,False,14,256619924
1914243302,256619924,194.85,36.18279569892473,residential,False,12,256619924
1920199859,301393137,28.23,36.18279569892473,residential,False,14,11346035713
1922067361,5308051335,158.88,30.0,residential,False,30,82903274
1922067364,1933967150,20.73,36.18279569892473,residential,False,35,388276886
1922067364,1922067366,130.1,36.18279569892473,residential,False,23,388276886
1922067364,6190618055,34.36,36.18279569892473,residential,False,24,388276886
1922067366,1922067364,130.1,36.18279569892473,residential,False,35,388276886
1922076979,320064805,14.58,36.18279569892473,residential,False,32,320044172
1922076979,301373921,64.45,54.67289719626168,primary,False,29,320044172
1922076979,12899629411,26.91,54.67289719626168,primary,False,23,320044172
1923856759,1800317399,543.21,60.0,secondary,True,29,93731379
1923856759,6366272731,185.57,40.0,residential,False,15,93731379
1923856759,254295590,23.93,36.18279569892473,residential,True,24,93731379
1933967150,1922067364,20.73,36.18279569892473,residential,False,26,388276886
1933967150,6168503118,17.84,36.18279569892473,residential,True,23,388276886
1933967150,82624688,612.36,36.18279569892473,residential,False,27,388276886
1936621105,1946239102,294.71,36.18279569892473,residential,False,24,93731379
1943572152,301851507,48.99,36.18279569892473,residential,False,22,12901492583
1944730721,5206463652,45.51,53.482142857142854,secondary,False,21,105814816
1944730721,105814816,199.28,60.0,secondary,False,17,105814816
1944730723,1944730721,11.98,60.0,secondary,False,15,105814816
1944730723,12890253493,204.33,36.18279569892473,residential,False,23,105814816
1945100189,256387398,68.41,36.18279569892473,residential,False,29,93731379
1945100189,82900294,146.07,36.18279569892473,residential,False,10,93731379
1945100189,11038287701,112.25,36.18279569892473,residential,False,28,93731379
1946239102,6193176345,83.67,30.0,residential,False,25,93731379
1946239102,83711812,50.34,30.0,residential,False,33,93731379
1946239102,1936621105,294.71,36.18279569892473,residential,False,17,93731379
1946576858,1946584096,14.36,36.18279569892473,residential,False,32,93731379
1946584096,1946576858,14.36,36.18279569892473,residential,False,26,93731379
1946584096,11175918215,113.59,36.18279569892473,residential,False,18,93731379
1946584096,1946584128,43.74,36.18279569892473,residential,False,23,93731379
1946584128,1946584096,43.74,36.18279569892473,residential,False,27,93731379
1946742024,1946742028,237.69,36.18279569892473,residential,False,28,82903274
1946742028,13204877868,55.31,36.18279569892473,residential,False,21,82903274
1946742028,83741126,13.1,36.18279569892473,residential,False,11,82903274
1946742028,1946742024,237.69,36.18279569892473,residential,False,11,82903274
1947826941,93731120,8.0,36.18279569892473,residential,False,28,12901492583
1947826941,93731118,69.26,36.18279569892473,residential,False,25,12901492583
1947854213,1598758485,24.25,20.0,living_street,False,32,11253757267
1948136962,93815188,37.34,36.18279569892473,residential,False,21,847937526
1948136962,12894657540,180.42,36.18279569892473,residential,False,13,847937526
1948136962,12799917483,34.66,36.18279569892473,residential,False,28,847937526
1948137500,93815179,24.16,36.18279569892473,residential,False,25,847937526
1948137500,12901553886,59.82,36.18279569892473,residential,False,32,847937526
1948137500,628650035,88.84,36.18279569892473,residential,False,12,847937526
1948155589,93813609,26.27,36.18279569892473,residential,False,14,82903274
1948155589,1948155700,82.11,36.18279569892473,residential,False,33,82903274
1948155589,1365076797,47.22,36.18279569892473,residential,False,33,82903274
1948155700,1363680982,23.36,36.18279569892473,residential,False,26,82903274
1948155700,1948155589,82.11,36.18279569892473,residential,False,34,82903274
1948155700,12909296747,39.66,36.18279569892473,residential,False,34,82903274
1948156124,1363680982,63.77,36.18279569892473,residential,False,18,847937526
1948156124,1948156283,64.82,36.18279569892473,residential,False,24,847937526
1948156124,12909380414,96.72,36.18279569892473,residential,False,26,847937526
1948156283,12909380422,42.52,36.18279569892473,residential,False,12,847937526
1948156283,1948156124,64.82,36.18279569892473,residential,False,26,847937526
1948156283,1363680975,103.73,36.18279569892473,residential,False,29,847937526
1949723883,317633513,273.73,36.18279569892473,residential,False,12,256619924
1949723883,317632516,75.34,36.18279569892473,residential,False,17,256619924
1949723883,386167494,40.62,36.18279569892473,residential,False,25,256619924
1949737034,89076127,23.56,36.18279569892473,residential,False,30,6185036192
1949737034,6906834326,163.54,36.18279569892473,residential,False,33,6185036192
1949737034,471181751,209.74,36.18279569892473,residential,False,31,6185036192
1952870486,60969926,46.49,60.0,primary,False,31,11346035713
1952870486,1404317173,116.74,60.0,primary,False,12,11346035713
1952870486,1800317402,11.56,36.18279569892473,residential,False,31,11346035713
1952910740,82664985,254.19,44.02390438247012,tertiary,False,30,82668285
1952910740,2546277877,313.01,44.02390438247012,tertiary,False,27,82668285
1952910740,82664959,99.78,36.18279569892473,residential,False,35,82668285
1955237888,6906935167,12.0,53.482142857142854,secondary,False,28,6185036192
1955237888,83769953,133.67,53.482142857142854,secondary,False,19,6185036192
1955237888,471180904,123.12,36.18279569892473,residential,False,29,6185036192
1955238751,471179983,284.21,36.18279569892473,residential,False,11,6185036192
1955238751,471179972,113.23,36.18279569892473,residential,False,20,6185036192
1955238751,471316516,76.07,36.18279569892473,residential,False,27,6185036192
1955245229,471316543,187.23,36.18279569892473,residential,False,34,6185036192
1955245229,1955245230,53.62,36.18279569892473,residential,False,10,6185036192
1955245229,471316551,171.77,36.18279569892473,residential,False,25,6185036192
1955245230,471179988,48.73,36.18279569892473,residential,False,24,6185036192
1955245230,471179983,120.57,36.18279569892473,residential,False,26,6185036192
1955245230,1955245229,53.62,36.18279569892473,residential,False,25,6185036192
1955745229,301948111,16.75,36.18279569892473,residential,False,28,147963281
1955745229,1955745230,53.81,36.18279569892473,residential,False,33,147963281
1955745229,301948710,213.89,36.18279569892473,residential,False,20,147963281
1955745230,1955745229,53.81,36.18279569892473,residential,False,23,147963281
1955770138,39630061,13.61,53.482142857142854,secondary,True,21,93731379
1955770138,9332976355,123.7,53.482142857142854,secondary,False,35,93731379
1955807441,83741805,64.79,36.18279569892473,residential,False,19,82686004
1955807441,388278166,40.13,36.18279569892473,residential,False,19,82686004
1955807441,388278204,134.72,36.18279569892473,residential,False,15,82686004
1955811277,386876293,87.19,36.18279569892473,residential,False,11,386876240
1955811277,386876282,31.71,36.18279569892473,residential,False,32,386876240
1955811277,12889064280,79.96,36.18279569892473,residential,False,29,386876240
1958629838,1489365648,132.85,36.18279569892473,residential,False,33,320981769
1958644920,1958644927,23.65,36.18279569892473,residential,False,19,847937526
1958644920,1363739538,58.68,36.18279569892473,residential,False,33,847937526
1958644920,1365350465,55.21,36.18279569892473,residential,False,35,847937526
1958644927,1958644920,23.65,36.18279569892473,residential,False,28,847937526
1958644927,1021674259,7.2,36.18279569892473,residential,False,18,847937526
1958644927,1365350498,23.61,36.18279569892473,residential,False,11,847937526
1959275833,6990911069,10014.17,36.18279569892473,"['residential', 'unclassified']",False,30,6988544531
1962573883,93813613,4.33,36.18279569892473,residential,False,25,847937526
1962573883,1021657451,104.71,36.18279569892473,residential,False,28,847937526
1962573883,1021657496,55.76,36.18279569892473,residential,False,15,847937526
1962574007,12909380422,18.45,36.18279569892473,residential,False,28,847937526
1962574007,93813613,28.92,36.18279569892473,residential,False,11,847937526
1962574007,1363680965,45.86,36.18279569892473,residential,False,31,847937526
1963485092,89041799,51.89,36.18279569892473,residential,False,19,320981769
1963485092,89041797,26.54,36.18279569892473,residential,False,35,320981769
1963485092,1474972617,112.22,36.18279569892473,residential,False,33,320981769
1969792193,6242187793,41.21,20.0,living_street,False,29,147963281
1969792194,1969792201,21.93,36.18279569892473,residential,False,10,147963281
1969792194,105812543,48.61,36.18279569892473,residential,False,19,147963281
1969792194,1969792202,82.7,36.18279569892473,residential,False,25,147963281
1969792195,6242187793,44.62,20.0,living_street,False,12,147963281
1969792195,6184996346,35.47,36.18279569892473,residential,False,14,147963281
1969792195,301949520,83.39,36.18279569892473,residential,False,26,147963281
1969792201,1969792194,21.93,36.18279569892473,residential,False,12,147963281
1969792201,105812535,140.54,36.18279569892473,residential,False,35,147963281
1969792201,1978168580,86.79,36.18279569892473,residential,False,18,147963281
1969792202,1969792194,82.7,36.18279569892473,residential,False,18,147963281
1973960017,93775495,97.0,36.18279569892473,residential,False,14,320981769
1973960017,12903928962,99.46,36.18279569892473,residential,False,29,320981769
1973960017,93775506,264.36,36.18279569892473,residential,False,18,320981769
1978168580,1969792201,86.79,36.18279569892473,residential,False,18,147963281
1986466836,1988920555,47.69,36.18279569892473,residential,False,18,82703794
1986466842,89018114,88.64,36.18279569892473,residential,False,10,82703794
1986475219,89013695,45.9,36.18279569892473,residential,False,33,82703794
1986767802,1986767828,13.14,36.18279569892473,residential,False,13,82703794
1986767802,82624677,113.59,40.0,residential,False,29,82703794
1986767807,1986767828,22.02,36.18279569892473,residential,False,15,82703794
1986767807,89020078,58.14,36.18279569892473,residential,False,28,82703794
1986767807,89017857,22.09,36.18279569892473,residential,False,33,82703794
1986767828,1986767807,22.02,36.18279569892473,residential,False,14,82703794
1986767828,89017857,9.82,36.18279569892473,residential,False,31,82703794
1988920555,310550868,45.12,36.18279569892473,residential,False,24,82703794
1988920555,12908876321,20.57,36.18279569892473,residential,False,21,82703794
1988920555,1986466836,47.69,36.18279569892473,residential,False,35,82703794
1988947280,1723267990,553.24,70.0,motorway_link,False,15,
1988947280,1988946496,545.38,100.0,motorway,False,18,
2006674882,9332976323,331.7,53.482142857142854,secondary,False,35,82903274
2006674882,254262730,411.98,36.18279569892473,residential,False,32,82903274
2006674882,82621142,22.29,53.482142857142854,secondary,True,17,82903274
2006881382,6879900300,237.52,36.18279569892473,residential,False,25,82903274
2008254016,82700960,36.52,53.482142857142854,secondary,False,15,90214098
2008254016,90202355,29.17,40.0,secondary,False,35,90214098
2008254016,82700962,18.96,53.482142857142854,secondary,False,26,90214098
2016324771,82623569,122.91,36.18279569892473,residential,False,11,82903274
2016324989,1799326974,111.39,36.18279569892473,residential,False,20,82903274
2017248286,2538007312,80.04,60.0,secondary,False,12,82903274
2017248535,82662075,33.77,36.18279569892473,residential,True,14,82903274
2017248535,2017248286,52.04,36.18279569892473,residential,True,29,82903274
2018091851,254280492,146.44,45.0,unclassified,False,14,82668285
2018091851,82662798,112.33,45.0,unclassified,False,25,82668285
2018092117,254280492,6.69,36.18279569892473,residential,False,34,82668285
2018092117,5526076797,151.93,36.18279569892473,residential,False,23,82668285
2018092117,82661422,158.39,36.18279569892473,residential,False,34,82668285
2019647284,93746054,19.92,36.18279569892473,residential,False,22,320050383
2019647284,93744705,153.36,36.18279569892473,residential,False,17,320050383
2019647284,386889919,92.87,36.18279569892473,residential,False,31,320050383
2023217275,11337401143,294.1,36.18279569892473,residential,False,24,12908641424
2023217275,2023217511,127.04,36.18279569892473,residential,False,33,12908641424
2023217284,2023217545,186.37,36.18279569892473,residential,False,30,12908641424
2023217440,2023217511,38.44,36.18279569892473,residential,False,15,12908641424
2023217511,2023217440,38.44,36.18279569892473,residential,False,16,12908641424
2023217511,2023217275,127.04,36.18279569892473,residential,False,28,12908641424
2023217511,2023217720,107.54,36.18279569892473,residential,False,33,12908641424
2023217545,469167704,45.8,36.18279569892473,residential,False,21,12908641424
2023217545,2023217284,186.37,36.18279569892473,residential,False,11,12908641424
2023217545,2023217598,39.72,36.18279569892473,residential,False,30,12908641424
2023217598,2023217545,39.72,36.18279569892473,residential,False,18,12908641424
2023217598,469167701,154.98,36.18279569892473,residential,False,34,12908641424
2023217598,2023217720,82.18,36.18279569892473,residential,False,13,12908641424
2023217664,11337674019,124.24,36.18279569892473,residential,False,11,12908641424
2023217720,2023217511,107.54,36.18279569892473,residential,False,15,12908641424
2023217720,11337674019,45.23,36.18279569892473,residential,False,24,12908641424
2023217720,2023217598,82.18,36.18279569892473,residential,False,22,12908641424
2023218201,12901225934,6.67,36.18279569892473,residential,False,25,256619924
2023218201,2023218519,88.04,36.18279569892473,residential,False,19,256619924
2023218201,12901225941,58.52,36.18279569892473,residential,False,25,256619924
2023218436,12898898767,13.73,36.18279569892473,residential,False,33,256619924
2023218519,12898898761,86.11,36.18279569892473,residential,False,34,256619924
2023218519,6391508859,51.74,36.18279569892473,residential,False,27,256619924
2023218519,2023218201,88.04,36.18279569892473,residential,False,17,256619924
2023218681,93719896,128.87,36.18279569892473,residential,False,22,256619924
2023218681,12898898761,53.74,36.18279569892473,residential,False,31,256619924
2023218681,12898898767,78.77,36.18279569892473,residential,False,32,256619924
2023811874,12908648475,27.97,36.18279569892473,residential,False,22,12908641424
2023811874,6391933634,125.98,36.18279569892473,residential,False,25,12908641424
2023811874,1333834451,46.55,36.18279569892473,residential,False,18,12908641424
2025312657,6975294295,23.73,44.02390438247012,tertiary,False,14,11253757267
2025312657,256390154,330.67,60.0,secondary,True,26,11253757267
2035554362,6879731228,104.57,20.0,living_street,False,23,82668285
2045965287,2383630855,190.26,36.18279569892473,residential,False,10,82668285
2045965287,82668282,41.59,36.18279569892473,residential,False,19,82668285
2045965506,82665577,285.94,36.18279569892473,residential,False,35,82668285
2045965506,82663819,396.39,36.18279569892473,residential,False,24,82668285
2046191889,11023462656,10.57,36.18279569892473,residential,False,22,256619924
2046191889,1914243302,30.57,36.18279569892473,residential,False,31,256619924
2046191889,11023458218,258.66,36.18279569892473,residential,False,20,256619924
2046209213,82701719,134.69,36.18279569892473,residential,False,26,320050383
2046209213,82625128,81.56,36.18279569892473,residential,False,31,320050383
2046209213,2093794208,13.41,36.18279569892473,residential,False,11,320050383
2070621105,82658898,24.32,36.18279569892473,residential,False,13,256619924
2070621105,82658896,92.23,36.18279569892473,residential,False,27,256619924
2070621105,2229508721,29.15,36.18279569892473,residential,False,30,256619924
2070715969,2070716028,25.12,36.18279569892473,residential,False,21,256619924
2070715969,302336510,89.69,36.18279569892473,residential,False,23,256619924
2070716028,2070715969,25.12,36.18279569892473,residential,False,29,256619924
2070716028,302336817,97.89,36.18279569892473,residential,False,30,256619924
2070716028,82658902,145.21,36.18279569892473,residential,False,18,256619924
2070716898,12888128356,33.2,30.0,residential,False,20,256619924
2070716898,12888128353,130.82,36.18279569892473,residential,False,18,256619924
2070716956,302332623,70.83,36.18279569892473,residential,False,18,256619924
2070716956,2070717320,158.84,30.0,residential,False,35,256619924
2070717320,2070717358,21.65,44.02390438247012,tertiary,False,13,256619924
2070717320,82656138,130.71,44.02390438247012,tertiary,False,18,256619924
2070717358,2070717320,21.65,44.02390438247012,tertiary,False,30,256619924
2070717358,254315236,88.84,30.0,tertiary,False,28,256619924
2090108688,82903274,11.15,53.482142857142854,secondary,False,22,82903274
2090108688,82903085,112.76,53.482142857142854,secondary,False,24,82903274
2090108688,2101757694,189.9,36.18279569892473,residential,False,34,82903274
2093794208,2046209213,13.41,36.18279569892473,residential,False,31,320050383
2093794208,2134816846,77.73,36.18279569892473,residential,False,33,320050383
2093794208,2134816831,48.79,36.18279569892473,residential,False,17,320050383
2101754526,6168958427,92.05,36.18279569892473,residential,False,33,82703794
2101757694,260544003,37.98,53.482142857142854,secondary,False,31,82903274
2101757694,2090108688,189.9,36.18279569892473,residential,False,28,82903274
2101757694,33222648,28.41,53.482142857142854,secondary,True,34,82903274
2105997907,2105997908,46.81,36.18279569892473,residential,False,16,6185036192
2105997908,2105997907,46.81,36.18279569892473,residential,False,26,6185036192
2105997908,6906757450,13.15,36.18279569892473,residential,False,20,6185036192
2105997908,6361346385,16.49,36.18279569892473,residential,False,31,6185036192
2106006495,2106006918,185.19,36.18279569892473,residential,False,32,6185036192
2106006918,1472502939,52.04,36.18279569892473,residential,False,15,6185036192
2106006918,2106006495,185.19,36.18279569892473,residential,False,20,6185036192
2106006918,2108593038,225.82,36.18279569892473,residential,False,27,6185036192
2106008561,2106008565,219.07,36.18279569892473,residential,False,10,6185036192
2106008561,88966424,147.16,36.18279569892473,residential,False,31,6185036192
2106008561,88962280,103.81,36.18279569892473,residential,False,10,6185036192
2106008565,2106008561,219.07,36.18279569892473,residential,False,12,6185036192
2106008723,2106008724,108.75,36.18279569892473,residential,False,10,6185036192
2106008724,88962292,15.42,44.02390438247012,tertiary,False,23,6185036192
2106008724,2106008723,108.75,36.18279569892473,residential,False,13,6185036192
2106008724,88962291,66.93,44.02390438247012,tertiary,False,26,6185036192
2106008919,2106008920,80.27,36.18279569892473,residential,False,13,6185036192
2106008919,88962792,34.44,36.18279569892473,residential,False,31,6185036192
2106008919,2121850016,47.88,36.18279569892473,residential,False,24,6185036192
2106008920,2106008919,80.27,36.18279569892473,residential,False,21,6185036192
2106088157,88963613,214.51,36.18279569892473,residential,False,17,6185036192
2106096171,2106096178,239.87,36.18279569892473,residential,False,33,6185036192
2106096178,88963613,23.35,36.18279569892473,residential,False,19,6185036192
2106096178,88967157,87.82,36.18279569892473,residential,False,18,6185036192
2106096178,2106096171,239.87,36.18279569892473,residential,False,16,6185036192
2106098989,1679340109,59.67,36.18279569892473,residential,False,11,82903274
2106098989,2119557114,179.84,36.18279569892473,residential,False,10,82903274
2106098989,2119559400,185.98,36.18279569892473,residential,False,29,82903274
2106101561,6394556219,77.06,36.18279569892473,residential,False,12,82903274
2106101561,82621715,158.71,60.0,primary,True,11,82903274
2106101561,1392058421,447.08,60.0,primary,False,29,82903274
2107374539,2107385287,291.84,40.0,residential,False,31,6185036192
2107374539,88959833,87.82,36.18279569892473,residential,False,16,6185036192
2107374539,88959826,218.46,36.18279569892473,residential,False,29,6185036192
2107385287,1472504929,142.29,40.0,residential,False,30,6185036192
2107385287,2107374539,291.84,40.0,residential,False,13,6185036192
2107385287,2108562557,181.82,36.18279569892473,residential,False,32,6185036192
2107386509,2107389672,66.9,36.18279569892473,residential,False,13,6185036192
2107387217,147922009,85.44,36.18279569892473,residential,False,12,6185036192
2107389655,6363394901,8.35,36.18279569892473,residential,False,29,6185036192
2107389672,2107386509,66.9,36.18279569892473,residential,False,14,6185036192
2107389672,6218443985,40.44,36.18279569892473,residential,False,22,6185036192
2107389672,147923248,18.83,36.18279569892473,residential,False,31,6185036192
2107413447,6365113092,236.93,36.18279569892473,residential,False,34,6218659532
2108501566,88967542,196.94,36.18279569892473,residential,False,30,6185036192
2108502045,88967543,145.8,36.18279569892473,residential,False,28,6185036192
2108503238,6220523144,160.2,36.18279569892473,residential,False,35,6185036192
2108503247,6362840693,46.23,36.18279569892473,residential,False,15,6185036192
2108503247,2108503249,123.86,36.18279569892473,residential,False,13,6185036192
2108503247,88966005,101.7,36.18279569892473,residential,False,32,6185036192
2108503249,88967155,60.13,36.18279569892473,residential,False,15,6185036192
2108503249,2108503265,89.88,36.18279569892473,residential,False,18,6185036192
2108503249,2108503247,123.86,36.18279569892473,residential,False,19,6185036192
2108503265,2108503249,89.88,36.18279569892473,residential,False,24,6185036192
2108504067,6362747573,469.91,36.18279569892473,residential,False,31,6185036192
2108504153,2108504154,100.22,36.18279569892473,residential,False,12,6185036192
2108504154,6360900326,31.03,30.0,residential,False,30,6185036192
2108504154,2108504153,100.22,36.18279569892473,residential,False,24,6185036192
2108504154,2909347863,55.75,30.0,residential,False,18,6185036192
2108504175,88962293,25.3,36.18279569892473,residential,False,34,6185036192
2108504175,88960697,27.75,36.18279569892473,residential,False,23,6185036192
2108504175,2108504176,119.97,36.18279569892473,residential,False,32,6185036192
2108504176,2108504175,119.97,36.18279569892473,residential,False,31,6185036192
2108504253,2108504263,56.75,36.18279569892473,residential,False,34,6185036192
2108504253,2108504261,81.86,36.18279569892473,residential,False,34,6185036192
2108504253,6199600324,89.84,36.18279569892473,residential,False,20,6185036192
2108504255,6199600321,43.18,36.18279569892473,residential,False,18,6185036192
2108504261,88962305,20.46,30.0,residential,False,15,6185036192
2108504261,88962304,29.81,30.0,residential,False,34,6185036192
2108504261,2108504253,81.86,36.18279569892473,residential,False,12,6185036192
2108504263,6199600323,48.5,36.18279569892473,residential,False,18,6185036192
2108504263,6199600321,108.36,36.18279569892473,residential,False,34,6185036192
2108504263,2108504253,56.75,36.18279569892473,residential,False,11,6185036192
2108504783,6199542956,17.23,36.18279569892473,residential,False,22,6185036192
2108504783,6199542953,470.67,36.18279569892473,residential,False,22,6185036192
2108504783,88962314,79.93,36.18279569892473,residential,False,20,6185036192
2108505243,88962314,368.34,30.0,residential,False,11,6185036192
2108505243,2108505303,64.16,36.18279569892473,residential,False,18,6185036192
2108505243,88962235,199.91,36.18279569892473,residential,False,18,6185036192
2108505244,2108505303,15.82,36.18279569892473,residential,False,15,6185036192
2108505303,2108505244,15.82,36.18279569892473,residential,False,24,6185036192
2108505303,2108505243,64.16,36.18279569892473,residential,False,12,6185036192
2108505303,6993899769,216.8,36.18279569892473,residential,False,25,6185036192
2108505317,88962314,27.57,30.0,residential,False,16,6185036192
2108505317,2909347855,259.67,36.18279569892473,residential,False,29,6185036192
2108505317,2909347856,59.54,36.18279569892473,residential,False,22,6185036192
2108505317,6234746909,45.94,30.0,residential,False,15,6185036192
2108517832,88959835,97.77,20.0,living_street,False,30,6185036192
2108517912,88959833,118.46,20.0,living_street,False,25,6185036192
2108562557,2107385287,181.82,36.18279569892473,residential,False,13,6185036192
2108563638,6284322250,125.49,36.18279569892473,residential,False,14,6185036192
2108563638,6363090685,19.62,36.18279569892473,residential,False,27,6185036192
2108563638,2108563641,193.51,36.18279569892473,residential,False,34,6185036192
2108563641,147924142,95.28,50.0,tertiary,False,23,6185036192
2108563641,147924502,60.92,50.0,tertiary,False,16,6185036192
2108563641,2108563638,193.51,36.18279569892473,residential,False,29,6185036192
2108566715,88960680,148.92,36.18279569892473,residential,False,30,6185036192
2108567700,88960288,3.08,44.02390438247012,tertiary,False,13,6185036192
2108567700,88960680,25.36,44.02390438247012,tertiary,False,24,6185036192
2108567700,147914636,173.66,36.18279569892473,residential,False,32,6185036192
2108568024,2108568326,62.07,36.18279569892473,residential,False,18,6185036192
2108568024,2108568028,57.17,36.18279569892473,residential,False,13,6185036192
2108568024,88959822,98.27,36.18279569892473,residential,False,11,6185036192
2108568028,2108568024,57.17,36.18279569892473,residential,False,12,6185036192
2108568326,2108568024,62.07,36.18279569892473,residential,False,12,6185036192
2108568827,147922005,69.54,36.18279569892473,residential,False,28,6185036192
2108593038,2106006918,225.82,36.18279569892473,residential,False,33,6185036192
2108596222,88960263,20.43,50.0,tertiary,False,18,6185036192
2108596222,2108596227,168.4,36.18279569892473,residential,False,34,6185036192
2108596222,1472502940,133.22,50.0,tertiary,False,24,6185036192
2108596227,2108596222,168.4,36.18279569892473,residential,False,10,6185036192
2108596568,2108596571,123.5,36.18279569892473,residential,False,25,6185036192
2108596571,88960263,32.12,50.0,tertiary,False,14,6185036192
2108596571,2108596568,123.5,36.18279569892473,residential,False,30,6185036192
2108596571,301959425,236.76,50.0,tertiary,False,30,6185036192
2108596572,88960263,61.11,36.18279569892473,residential,False,10,6185036192
2108598842,11337775142,108.4,36.18279569892473,residential,False,11,6185036192
2113091873,84551888,35.65,36.18279569892473,residential,False,31,105814816
2113091873,84551891,22.42,36.18279569892473,residential,False,22,105814816
2113091873,2113091876,96.15,36.18279569892473,residential,False,18,105814816
2113091876,2113091873,96.15,36.18279569892473,residential,False,14,105814816
2113092204,301958039,148.42,36.18279569892473,residential,False,32,301954258
2113092204,6993967895,92.74,36.18279569892473,residential,False,20,301954258
2113092204,147928551,64.77,36.18279569892473,residential,False,22,301954258
2113092294,6219018578,89.68,36.18279569892473,residential,False,28,301954258
2113092295,84552411,15.73,36.18279569892473,residential,False,10,301954258
2113092295,6366265944,30.35,36.18279569892473,residential,False,26,301954258
2113092295,2113092298,34.2,36.18279569892473,residential,False,32,301954258
2113092298,2113092295,34.2,36.18279569892473,residential,False,34,301954258
2113092436,147930342,36.08,36.18279569892473,residential,False,25,301954258
2113092436,301953777,429.25,36.18279569892473,residential,False,25,301954258
2113092436,301954711,335.89,36.18279569892473,residential,False,23,301954258
2113092719,84552418,89.71,36.18279569892473,residential,False,22,301954258
2113092723,2113092727,46.67,36.18279569892473,residential,False,33,6218659532
2113092727,2113092723,46.67,36.18279569892473,residential,False,34,6218659532
2113092727,614457187,118.28,36.18279569892473,residential,False,35,6218659532
2113092727,6997330841,24.27,36.18279569892473,residential,False,35,6218659532
2113092753,11337816888,185.65,36.18279569892473,residential,False,12,301954258
2113092753,2113093586,225.85,36.18279569892473,residential,False,27,301954258
2113092753,105814672,78.49,36.18279569892473,residential,False,17,301954258
2113093586,2113092753,225.85,36.18279569892473,residential,False,10,301954258
2113094583,84551882,111.34,36.18279569892473,residential,False,22,105814816
2115365595,90236169,166.75,36.18279569892473,residential,False,32,256619924
2119557114,1367208894,118.4,36.18279569892473,residential,False,34,82903274
2119557114,6368143955,92.98,36.18279569892473,residential,False,25,82903274
2119557114,2106098989,179.84,36.18279569892473,residential,False,13,82903274
2119559400,2106098989,185.98,36.18279569892473,residential,False,28,82903274
2121850016,88962789,19.88,36.18279569892473,residential,False,27,6185036192
2121850016,2106008919,47.88,36.18279569892473,residential,False,21,6185036192
2121850016,11337776588,71.49,36.18279569892473,residential,False,20,6185036192
2121850879,88962789,225.48,36.18279569892473,residential,False,31,6185036192
2121850879,2121851045,182.78,36.18279569892473,residential,False,19,6185036192
2121850879,6361346385,15.57,36.18279569892473,residential,False,22,6185036192
2121851045,2121850879,182.78,36.18279569892473,residential,False,11,6185036192
2123098051,2123098055,81.34,36.18279569892473,residential,False,30,6185036192
2123098051,147922007,148.57,36.18279569892473,residential,False,30,6185036192
2123098051,6185036211,56.48,36.18279569892473,residential,False,12,6185036192
2123098055,2123098051,81.34,36.18279569892473,residential,False,21,6185036192
2123100160,147920870,113.85,36.18279569892473,residential,False,27,6185036192
2123101143,2123101146,71.2,36.18279569892473,residential,False,20,6185036192
2123101146,147924852,46.82,36.18279569892473,residential,False,12,6185036192
2123101146,2123101143,71.2,36.18279569892473,residential,False,24,6185036192
2123101146,6185036198,51.34,36.18279569892473,residential,False,34,6185036192
2123102111,6185036198,8.26,36.18279569892473,residential,False,34,6185036192
2128254509,61334834,50.65,36.18279569892473,residential,False,19,93731379
2128267552,301443773,19.37,40.0,tertiary,False,30,93731379
2128267552,84578383,29.43,40.0,tertiary,True,16,93731379
2134221730,11194855684,23.42,44.02390438247012,tertiary,False,15,12901492583
2134221730,11194855676,71.8,44.02390438247012,tertiary,False,27,12901492583
2134221730,11194855673,75.49,36.18279569892473,residential,False,11,12901492583
2134816821,2134816846,52.65,36.18279569892473,residential,False,22,320050383
2134816821,2134816831,31.16,36.18279569892473,residential,False,31,320050383
2134816821,2134816829,62.45,36.18279569892473,residential,False,16,320050383
2134816829,7100035804,31.44,36.18279569892473,residential,False,19,320050383
2134816829,2134816821,62.45,36.18279569892473,residential,False,32,320050383
2134816829,2134816843,22.61,36.18279569892473,residential,False,22,320050383
2134816831,7100035804,58.39,36.18279569892473,residential,False,13,320050383
2134816831,2134816821,31.16,36.18279569892473,residential,False,30,320050383
2134816831,2093794208,48.79,36.18279569892473,residential,False,32,320050383
2134816843,2134816829,22.61,36.18279569892473,residential,False,21,320050383
2134816846,12890170209,360.1,36.18279569892473,residential,False,25,320050383
2134816846,2093794208,77.73,36.18279569892473,residential,False,12,320050383
2134816846,2134816821,52.65,36.18279569892473,residential,False,30,320050383
2135234217,93818565,133.47,36.18279569892473,residential,False,24,847937526
2135246113,4197007200,219.69,20.0,living_street,False,33,847937526
2135246453,2135246458,101.52,20.0,living_street,False,16,847937526
2135246458,3142368974,73.04,36.18279569892473,residential,False,14,847937526
2135246458,2135246453,101.52,20.0,living_street,False,11,847937526
2135246458,847937525,188.1,36.18279569892473,residential,False,16,847937526
2135246458,2135246462,100.39,20.0,living_street,False,10,847937526
2135246462,316055289,16.94,20.0,living_street,False,33,847937526
2135246462,2135246458,100.39,20.0,living_street,False,28,847937526
2135246462,6488455291,83.83,36.18279569892473,residential,False,17,847937526
2135250275,316054951,46.82,36.18279569892473,residential,False,25,847937526
2205298532,2205298538,22.59,36.18279569892473,residential,False,22,93731379
2205298538,84568137,37.7,36.18279569892473,residential,False,12,93731379
2205298538,2205298532,22.59,36.18279569892473,residential,False,35,93731379
2205298538,2205298624,42.47,36.18279569892473,residential,False,27,93731379
2205298624,2205298538,42.47,36.18279569892473,residential,False,30,93731379
2205457392,84568137,141.05,36.18279569892473,residential,False,19,93731379
2229480424,302335840,51.89,36.18279569892473,residential,False,25,256619924
2229490038,302336201,165.3,36.18279569892473,residential,False,27,256619924
2229490038,5536195306,16.5,36.18279569892473,residential,False,35,256619924
2229494074,302335840,77.06,36.18279569892473,residential,False,24,256619924
2229508721,2070621105,29.15,36.18279569892473,residential,False,10,256619924
2229508721,2229508721,143.47,36.18279569892473,residential,False,11,256619924
2229508721,2229508721,143.47,36.18279569892473,residential,False,20,256619924
2232225989,1383527469,41.3,36.18279569892473,residential,False,11,11346035713
2272366761,60969247,48.97,36.18279569892473,residential,True,20,11346035713
2272366761,11172142597,80.01,36.18279569892473,residential,False,35,11346035713
2272366761,11258115238,37.0,36.18279569892473,residential,False,33,11346035713
2272366762,12909614311,45.86,60.0,primary,False,11,11346035713
2272366762,2272366763,44.23,36.18279569892473,residential,False,22,11346035713
2272366762,11172142604,26.8,60.0,primary,False,13,11346035713
2272366763,11172142597,54.17,36.18279569892473,residential,False,16,11346035713
2272366763,2272366762,44.23,36.18279569892473,residential,False,35,11346035713
2272366763,11172142592,85.82,36.18279569892473,residential,False,30,11346035713
2284760596,88970510,1025.46,45.0,tertiary,False,31,6185036192
2284760596,2284760636,24.07,44.02390438247012,tertiary,False,26,6185036192
2284760596,6361061084,46.01,51.36889705201475,tertiary_link,False,24,6185036192
2284760636,6361061083,10.81,40.0,secondary,False,31,6185036192
2284760636,6361061084,32.14,40.0,secondary,False,27,6185036192
2291362665,2291362669,76.2,36.18279569892473,residential,False,14,6185036192
2291362669,471316465,51.04,36.18279569892473,residential,False,33,6185036192
2291362669,2291362665,76.2,36.18279569892473,residential,False,28,6185036192
2291362669,2291362670,212.25,36.18279569892473,residential,False,17,6185036192
2291362670,2291362669,212.25,36.18279569892473,residential,False,12,6185036192
2299306168,84577707,120.63,36.18279569892473,residential,False,11,93731379
2305966312,83731216,93.34,36.18279569892473,residential,False,33,11346035713
2305966312,12743663759,104.79,36.18279569892473,residential,False,14,11346035713
2305966312,2311779625,76.82,36.18279569892473,residential,False,25,11346035713
2305967829,6868194838,13.8,36.18279569892473,residential,False,30,11346035713
2311779625,32271701,97.38,36.18279569892473,residential,False,10,11346035713
2311779625,6865147015,33.3,36.18279569892473,residential,False,25,11346035713
2311779625,2305966312,76.82,36.18279569892473,residential,False,29,11346035713
2326845073,1578110326,181.81,36.18279569892473,residential,False,11,93731379
2326845073,254295590,61.27,36.18279569892473,residential,True,17,93731379
2326845073,8227516297,80.67,36.18279569892473,residential,False,32,93731379
2331790889,256895599,76.4,36.18279569892473,residential,False,30,82703794
2331790889,4576114929,56.56,54.67289719626168,primary,True,14,82703794
2351225248,2351225289,15.67,45.0,unclassified,False,10,386876240
2351225248,12886692900,60.27,45.0,unclassified,False,15,386876240
2351225248,3974383824,763.29,45.0,unclassified,False,30,386876240
2351225289,2351225248,15.67,45.0,unclassified,False,11,386876240
2351225289,388217612,9.7,60.0,secondary,False,19,386876240
2355702783,2355702784,13.35,36.18279569892473,residential,False,35,93731379
2355702783,1839324869,250.39,36.18279569892473,residential,False,13,93731379
2355702783,11175918209,45.63,30.0,residential,False,24,93731379
2355702784,11175918214,2.79,30.0,residential,False,29,93731379
2355702784,2355702783,13.35,36.18279569892473,residential,False,15,93731379
2355702784,11175918215,9.4,36.18279569892473,residential,False,28,93731379
2356222927,11338871136,487.01,36.18279569892473,residential,False,12,6185036192
2356222927,88970527,139.04,36.18279569892473,residential,False,13,6185036192
2356222927,6907037687,574.89,36.18279569892473,residential,False,13,6185036192
2380615202,61334743,509.3,50.0,secondary,True,25,93731379
2380615202,1510211655,20.54,40.0,secondary,False,29,93731379
2380615203,146253897,41.65,44.02390438247012,tertiary,True,35,93731379
2380615203,1488327050,19.62,40.0,secondary,False,29,93731379
2380615205,4563677850,286.68,50.0,secondary,False,17,93731379
2380615205,1510211577,20.02,40.0,secondary,False,12,93731379
2383630855,2045965287,190.26,36.18279569892473,residential,False,35,82668285
2384197761,84567847,62.27,36.18279569892473,residential,False,16,93731379
2384201036,2384201039,27.15,36.18279569892473,residential,False,23,93731379
2384201036,84569047,45.65,36.18279569892473,residential,False,20,93731379
2384201036,2384201041,24.94,36.18279569892473,residential,False,35,93731379
2384201039,2384201036,27.15,36.18279569892473,residential,False,33,93731379
2384201041,2384201036,24.94,36.18279569892473,residential,False,31,93731379
2384629610,2384629631,56.1,36.18279569892473,residential,False,22,93731379
2384629610,301431838,212.3,36.18279569892473,residential,False,20,93731379
2384629610,2384646038,32.12,36.18279569892473,residential,False,13,93731379
2384629622,2384629625,35.36,36.18279569892473,residential,False,31,93731379
2384629623,2384629624,22.29,36.18279569892473,residential,False,28,93731379
2384629624,88948019,70.42,36.18279569892473,residential,False,27,93731379
2384629624,2384629623,22.29,36.18279569892473,residential,False,14,93731379
2384629624,2384629625,36.22,36.18279569892473,residential,False,20,93731379
2384629625,2384629624,36.22,36.18279569892473,residential,False,35,93731379
2384629625,2384629622,35.36,36.18279569892473,residential,False,16,93731379
2384629625,2384629631,183.55,36.18279569892473,residential,False,34,93731379
2384629631,88948020,125.31,36.18279569892473,residential,False,11,93731379
2384629631,2384629610,56.1,36.18279569892473,residential,False,28,93731379
2384629631,2384629625,183.55,36.18279569892473,residential,False,15,93731379
2384646038,6366219851,205.96,60.0,secondary,False,20,93731379
2384646038,84567118,140.84,44.02390438247012,tertiary,False,12,93731379
2384646038,2384629610,32.12,36.18279569892473,residential,False,13,93731379
2411040174,89027309,30.1,36.18279569892473,residential,False,18,82703794
2429105918,2643655453,82.43,20.0,residential,False,14,82686004
2434145006,3873169283,24.57,50.0,primary,False,34,105814816
2434145037,3763383614,12.45,50.0,primary,False,23,105814816
2435274907,2507150275,99.87,36.18279569892473,residential,False,15,105814816
2435274907,471622889,1076.57,36.18279569892473,residential,False,32,105814816
2435274907,355860636,2260.53,36.18279569892473,residential,False,21,105814816
2445839979,254983068,63.05,36.18279569892473,residential,False,27,320981769
2445846872,6354554756,17.01,36.18279569892473,residential,False,15,320981769
2491229643,1800317425,115.13,36.18279569892473,residential,False,24,11253757267
2491229643,256385439,67.59,36.18279569892473,residential,False,17,11253757267
2491229643,256385539,70.0,36.18279569892473,residential,False,28,11253757267
2500063369,254290687,115.2,60.0,secondary,False,11,82668285
2500063369,6967286689,25.74,53.482142857142854,secondary,False,14,82668285
2501673823,11672522122,42.36,54.67289719626168,primary,False,13,90214098
2501673823,78452147,26.0,60.0,primary_link,False,35,90214098
2501679855,82656405,37.8,54.67289719626168,primary,False,30,82703794
2501679855,4707301860,46.63,60.0,primary_link,False,29,82703794
2502508964,6987954272,18.44,36.18279569892473,residential,True,22,93731379
2502508964,93731945,64.35,36.18279569892473,residential,False,34,93731379
2502581407,93731945,65.41,36.18279569892473,residential,False,15,93731379
2502581407,2502508964,40.09,36.18279569892473,residential,False,10,93731379
2502581408,2502581407,94.53,36.18279569892473,residential,False,25,93731379
2502581408,93731379,7.82,36.18279569892473,residential,False,12,93731379
2502581408,1800317418,175.46,36.18279569892473,residential,False,10,93731379
2507150263,4865144639,295.22,36.18279569892473,residential,False,10,105814816
2507150268,88954961,126.41,45.0,unclassified,False,15,105814816
2507150268,2507150272,246.83,36.18279569892473,residential,False,12,105814816
2507150268,4865144639,211.96,36.18279569892473,residential,False,32,105814816
2507150272,5617818454,141.32,45.0,unclassified,False,30,105814816
2507150272,2507150275,307.17,36.18279569892473,residential,False,28,105814816
2507150272,2507150268,246.83,36.18279569892473,residential,False,19,105814816
2507150275,2435274907,99.87,36.18279569892473,residential,False,23,105814816
2507150275,5617818454,268.04,45.0,unclassified,False,32,105814816
2507150275,2507150272,307.17,36.18279569892473,residential,False,35,105814816
2528922448,1723267990,1007.01,70.0,motorway_link,False,35,
2528922448,1300777506,1098.4,100.0,motorway,False,34,
2538007312,82588276,62.9,60.0,secondary,False,25,82903274
2538007312,4856507038,56.79,36.18279569892473,residential,False,32,82903274
2546277798,12888275728,34.55,36.18279569892473,residential,False,14,82668285
2546277798,12888275727,187.87,36.18279569892473,residential,False,16,82668285
2546277798,1794344202,75.48,36.18279569892473,residential,False,14,82668285
2546277877,1952910740,313.01,44.02390438247012,tertiary,False,30,82668285
2546277877,6955537243,14.87,44.02390438247012,tertiary,False,18,82668285
2546277877,2546277884,108.84,36.18279569892473,residential,False,26,82668285
2546277884,2546277877,108.84,36.18279569892473,residential,False,24,82668285
2546765929,317631994,39.15,36.18279569892473,residential,False,23,256619924
2564124091,82588848,82.17,54.67289719626168,primary,False,17,82703794
2566039853,89028950,8.96,36.18279569892473,residential,False,15,256619924
2566039853,2566039855,87.06,36.18279569892473,residential,False,29,256619924
2566039853,256619288,89.13,36.18279569892473,residential,False,32,256619924
2566039855,2566039853,87.06,36.18279569892473,residential,False,11,256619924
2566039856,89057518,40.85,36.18279569892473,residential,False,29,256619924
2643655448,83719739,125.86,44.02390438247012,tertiary,False,15,82903274
2643655448,83719505,156.81,44.02390438247012,tertiary,True,32,82903274
2643655448,256391645,33.62,36.18279569892473,residential,False,25,82903274
2643655453,83741800,37.65,36.18279569892473,residential,False,29,82686004
2643655453,83741797,94.76,36.18279569892473,residential,False,12,82686004
2643655453,2429105918,82.43,20.0,residential,False,30,82686004
2728449052,6913838063,40.92,45.0,unclassified,False,35,320981769
2728449052,574872170,135.59,45.0,unclassified,False,19,320981769
2728449052,254317068,697.66,45.0,unclassified,False,21,320981769
2791413667,3942449344,29.6,36.18279569892473,residential,False,23,90214098
2791418547,2791418549,41.45,36.18279569892473,residential,False,10,90214098
2791418547,301373650,57.78,36.18279569892473,residential,False,27,90214098
2791418547,9157295485,11.11,36.18279569892473,residential,False,17,90214098
2791418549,2791418547,41.45,36.18279569892473,residential,False,16,90214098
2808791884,254315020,27.0,36.18279569892473,residential,False,13,256619924
2808791884,2070717358,70.89,30.0,residential,False,26,256619924
2875387914,574872379,647.36,36.18279569892473,residential,False,13,320981769
2875387914,1180320965,63.39,36.18279569892473,residential,False,29,320981769
2875387914,6988577442,552.1,36.18279569892473,residential,False,21,320981769
2875387975,1502720212,775.08,36.18279569892473,residential,False,34,320981769
2887067732,89050303,94.35,36.18279569892473,residential,False,27,82703794
2887067732,2887067735,58.93,36.18279569892473,residential,False,26,82703794
2887067735,2887067737,38.64,36.18279569892473,residential,False,17,82703794
2887067735,2887067736,81.64,36.18279569892473,residential,False,24,82703794
2887067735,2887067732,58.93,36.18279569892473,residential,False,34,82703794
2887067736,2887067735,81.64,36.18279569892473,residential,False,30,82703794
2887067737,2887067735,38.64,36.18279569892473,residential,False,31,82703794
2909329748,84558828,863.9,36.18279569892473,residential,False,16,6185036192
2909347855,2108505317,259.67,36.18279569892473,residential,False,18,6185036192
2909347856,2108505317,59.54,36.18279569892473,residential,False,11,6185036192
2909347859,6234746909,67.98,36.18279569892473,residential,False,16,6185036192
2909347860,2909347862,47.07,36.18279569892473,residential,False,13,6185036192
2909347860,6234746909,48.72,30.0,residential,False,35,6185036192
2909347860,88962310,63.39,30.0,residential,False,14,6185036192
2909347862,2909347860,47.07,36.18279569892473,residential,False,31,6185036192
2909347863,2909347866,98.99,36.18279569892473,residential,False,25,6185036192
2909347863,6199600331,166.62,30.0,residential,False,25,6185036192
2909347863,2108504154,55.75,30.0,residential,False,15,6185036192
2909347866,2909347863,98.99,36.18279569892473,residential,False,15,6185036192
2909347867,2909347868,77.23,36.18279569892473,residential,False,31,6185036192
2909347867,6360900328,74.26,30.0,residential,False,11,6185036192
2909347867,88962293,44.11,30.0,residential,False,11,6185036192
2909347868,2909347867,77.23,36.18279569892473,residential,False,30,6185036192
2909347870,88962292,116.27,36.18279569892473,residential,False,21,6185036192
2951542770,6391390324,19.39,36.18279569892473,residential,False,19,320981769
2951542770,89047153,32.17,36.18279569892473,residential,False,16,320981769
2951542770,89047144,176.86,36.18279569892473,residential,False,23,320981769
2951562225,82908445,65.34,44.02390438247012,tertiary,False,18,320981769
2951562225,1488509599,17.87,44.02390438247012,tertiary,False,20,320981769
2951562225,12887953557,106.64,36.18279569892473,residential,False,29,320981769
2958286608,2989369696,61.9,36.18279569892473,residential,False,35,320981769
2958286623,256896956,90.66,36.18279569892473,residential,False,34,320981769
2958286623,2958286625,37.87,36.18279569892473,residential,False,24,320981769
2958286623,256897294,314.21,36.18279569892473,residential,False,11,320981769
2958286623,256897990,285.83,36.18279569892473,residential,False,13,320981769
2958286625,93756503,26.94,36.18279569892473,residential,False,33,320981769
2958286625,89047360,123.13,36.18279569892473,residential,False,11,320981769
2958286625,2958286623,37.87,36.18279569892473,residential,False,27,320981769
2959390136,2959390147,68.55,20.0,residential,False,15,82703794
2959390136,89018686,115.48,36.18279569892473,residential,False,15,82703794
2959390147,2959390136,68.55,20.0,residential,False,35,82703794
2959396033,89056057,48.58,30.0,residential,False,10,82703794
2959396033,2959396037,132.8,20.0,living_street,False,25,82703794
2959396037,673754246,26.7,36.18279569892473,residential,False,26,82703794
2988333162,2988333163,65.39,36.18279569892473,residential,False,13,320981769
2988333163,2988333162,65.39,36.18279569892473,residential,False,12,320981769
2988333163,256618775,113.31,44.02390438247012,tertiary,False,17,320981769
2988333163,256619172,69.55,44.02390438247012,tertiary,False,33,320981769
2989369696,256898924,74.58,36.18279569892473,residential,False,24,320981769
2989369696,256897990,19.97,36.18279569892473,residential,False,28,320981769
2989369696,2958286608,61.9,36.18279569892473,residential,False,28,320981769
3051019364,147994404,357.05,36.18279569892473,residential,False,20,12908641424
3051019364,1326271891,139.93,36.18279569892473,residential,False,23,12908641424
3051019364,6391141165,158.96,36.18279569892473,residential,False,16,12908641424
3066546151,146257501,392.51,36.18279569892473,residential,False,33,93731379
3066546151,146257510,42.76,36.18279569892473,residential,False,31,93731379
3104012022,4887395329,53.49,36.18279569892473,residential,False,20,256619924
3104012022,254315246,129.02,36.18279569892473,residential,False,17,256619924
3104012022,12888001910,197.23,36.18279569892473,residential,False,34,256619924
3104012022,6210026674,91.21,36.18279569892473,residential,False,13,256619924
3104020101,3104020102,74.98,36.18279569892473,residential,False,20,256619924
3104020101,302332993,32.79,36.18279569892473,residential,False,17,256619924
3104020101,3104020104,155.72,36.18279569892473,residential,False,13,256619924
3104020102,3104020101,74.98,36.18279569892473,residential,False,17,256619924
3104020104,3104020101,155.72,36.18279569892473,residential,False,33,256619924
3104020105,82644699,61.57,36.18279569892473,residential,False,23,256619924
3104046938,82658261,15.71,36.18279569892473,residential,False,16,256619924
3104046938,6392058801,140.95,30.0,residential,False,22,256619924
3104056580,6392058798,10.9,36.18279569892473,residential,False,17,256619924
3104056580,302332993,273.53,36.18279569892473,residential,False,12,256619924
3104550583,4117676089,23.33,36.18279569892473,residential,False,25,256619924
3104550583,6354570656,47.24,36.18279569892473,residential,True,28,256619924
3104550583,3104629383,168.79,36.18279569892473,residential,False,25,256619924
3104610295,3104610297,56.91,36.18279569892473,residential,False,11,256619924
3104610295,2070716898,72.15,30.0,residential,False,23,256619924
3104610297,3104610295,56.91,36.18279569892473,residential,False,14,256619924
3104629383,3104550583,168.79,36.18279569892473,residential,False,16,256619924
3104637122,82656138,112.16,36.18279569892473,residential,False,29,256619924
3105399696,9703854403,44.39,36.18279569892473,residential,False,24,256619924
3105399696,4683526953,117.73,44.02390438247012,tertiary,False,15,256619924
3105399696,254315237,502.39,44.02390438247012,tertiary,False,22,256619924
3105399703,6883700570,40.73,36.18279569892473,residential,False,21,256619924
3105399703,6883700561,395.93,36.18279569892473,residential,False,14,256619924
3105399703,12888076839,75.44,36.18279569892473,residential,False,24,256619924
3105399708,6394723755,23.06,36.18279569892473,residential,False,33,256619924
3105399708,302332309,86.86,50.0,residential,False,16,256619924
3105399708,3659891016,64.63,50.0,residential,False,30,256619924
3105399708,12888326354,151.95,36.18279569892473,residential,False,21,256619924
3127813679,6407722060,21.02,36.18279569892473,residential,False,18,11346035713
3127813679,3127813683,134.36,36.18279569892473,residential,False,16,11346035713
3127813679,301393137,50.8,36.18279569892473,residential,False,20,11346035713
3127813683,3127813679,134.36,36.18279569892473,residential,False,14,11346035713
3127815152,12908606022,72.02,36.18279569892473,residential,False,11,11346035713
3142368974,6861503184,76.67,53.482142857142854,secondary,False,32,847937526
3142368974,12904023260,4.78,53.482142857142854,secondary,False,28,847937526
3142368974,2135246458,73.04,36.18279569892473,residential,False,11,847937526
3142368974,268829663,173.39,36.18279569892473,residential,False,18,847937526
3168261863,3252021161,191.78,36.18279569892473,residential,False,14,82668285
3241781923,6861093132,112.46,36.18279569892473,residential,False,13,847937526
3241781923,3241790365,61.29,36.18279569892473,residential,False,24,847937526
3241781923,3241781925,36.92,36.18279569892473,residential,False,24,847937526
3241781925,3241781923,36.92,36.18279569892473,residential,False,23,847937526
3241790365,316055289,6.01,36.18279569892473,residential,False,15,847937526
3241790365,3241791360,19.27,36.18279569892473,residential,False,34,847937526
3241790365,3241781923,61.29,36.18279569892473,residential,False,20,847937526
3241791360,3241790365,19.27,36.18279569892473,residential,False,17,847937526
3241793583,256595228,75.91,36.18279569892473,residential,False,19,82903274
3241796534,256595228,86.0,36.18279569892473,residential,False,29,82903274
3252021161,6879731242,63.57,36.18279569892473,residential,False,15,82668285
3252021161,82663207,93.79,36.18279569892473,residential,False,35,82668285
3252021161,3168261863,191.78,36.18279569892473,residential,False,35,82668285
3428376384,6376435096,25.84,20.0,living_street,False,30,82903274
3428376384,6213047817,16.21,36.18279569892473,residential,False,29,82903274
3428376384,316055371,205.87,36.18279569892473,residential,False,15,82903274
3430402461,6213047817,136.0,36.18279569892473,residential,False,28,82903274
3529854855,4166286182,41.06,36.18279569892473,residential,False,27,105814816
3628793919,6957987524,297.22,36.18279569892473,residential,False,17,6185036192
3628793919,6956094881,74.28,36.18279569892473,residential,False,12,6185036192
3628793919,6907148184,627.51,36.18279569892473,residential,False,23,6185036192
3628809420,6907153910,241.43,36.18279569892473,residential,False,26,6185036192
3628809420,6907153984,463.24,36.18279569892473,residential,False,25,6185036192
3628809420,6907153999,101.86,36.18279569892473,residential,False,16,6185036192
3650952056,12887927611,19.88,36.18279569892473,residential,False,28,6988544531
3650952056,6952888980,152.13,36.18279569892473,residential,False,25,6988544531
3650952056,361420686,91.53,36.18279569892473,residential,False,24,6988544531
3650952064,361420686,133.77,40.0,residential,False,18,6988544531
3650952064,361421463,104.69,40.0,residential,False,10,6988544531
3650952064,6981229230,107.54,36.18279569892473,residential,False,33,6988544531
3659890997,3659890999,61.67,36.18279569892473,residential,False,23,256619924
3659890997,3659891002,44.47,36.18279569892473,residential,False,33,256619924
3659890997,12888128371,176.6,36.18279569892473,residential,False,17,256619924
3659890997,302335225,102.91,36.18279569892473,residential,False,17,256619924
3659890999,3659890997,61.67,36.18279569892473,residential,False,20,256619924
3659891002,3659890997,44.47,36.18279569892473,residential,False,23,256619924
3659891002,302335107,58.0,36.18279569892473,residential,False,28,256619924
3659891002,3659891006,74.57,36.18279569892473,residential,False,17,256619924
3659891006,3659891002,74.57,36.18279569892473,residential,False,28,256619924
3659891007,302335107,27.31,36.18279569892473,residential,False,14,256619924
3659891007,4680630090,39.7,36.18279569892473,residential,False,28,256619924
3659891007,3659891012,84.06,36.18279569892473,residential,False,10,256619924
3659891012,3659891007,84.06,36.18279569892473,residential,False,23,256619924
3659891013,3659891016,56.03,36.18279569892473,residential,False,11,256619924
3659891016,3105399708,64.63,50.0,residential,False,11,256619924
3659891016,3659891017,192.49,50.0,residential,False,25,256619924
3659891016,3659891013,56.03,36.18279569892473,residential,False,33,256619924
3659891017,3659891016,192.49,50.0,residential,False,34,256619924
3659891017,6210026674,89.78,36.18279569892473,residential,False,26,256619924
3659891017,3659891127,139.42,36.18279569892473,residential,False,11,256619924
3659891127,3659891017,139.42,36.18279569892473,residential,False,23,256619924
3713256911,90149936,266.23,36.18279569892473,residential,False,26,90214098
3749146135,8174226787,22.86,44.02390438247012,tertiary,False,22,82668285
3749146135,8174226776,15.4,30.0,secondary,False,25,82668285
3749146136,3749146135,5.07,30.0,secondary,False,35,82668285
3749146143,6871792216,9.71,30.0,secondary,False,35,82668285
3749196783,4675323060,16.82,53.482142857142854,secondary,False,32,93731379
3749196783,83738415,95.55,36.18279569892473,residential,False,13,93731379
3752881740,6988453770,497.91,36.18279569892473,residential,False,24,6988544531
3752881740,1276412155,829.09,36.18279569892473,residential,False,25,6988544531
3752881740,361426147,772.77,36.18279569892473,residential,False,17,6988544531
3756691120,386889822,123.11,36.18279569892473,residential,False,12,90214098
3756691120,1828284519,87.96,36.18279569892473,residential,False,27,90214098
3756691120,6354463624,179.1,36.18279569892473,residential,False,34,90214098
3756691431,386896811,98.76,36.18279569892473,residential,False,10,90214098
3756691431,386889927,39.97,36.18279569892473,residential,False,32,90214098
3756691431,386896764,311.34,36.18279569892473,residential,False,33,90214098
3756691440,6861072293,31.6,36.18279569892473,residential,False,23,90214098
3756691440,386889919,78.52,36.18279569892473,residential,False,16,90214098
3756691440,12898859228,21.17,36.18279569892473,residential,False,14,90214098
3756691441,6861072293,7.47,36.18279569892473,residential,False,21,90214098
3756691441,12898859228,12.48,54.67289719626168,primary,False,19,90214098
3756691441,33222611,41.52,54.67289719626168,primary,False,17,90214098
3756951843,7264560836,54.69,44.02390438247012,tertiary,False,30,12908641424
3756951843,6193780522,88.01,36.18279569892473,residential,False,12,12908641424
3756951843,1794344260,481.52,44.02390438247012,tertiary,False,10,12908641424
3763383613,2434145037,26.16,50.0,primary,False,25,105814816
3763383613,3843858767,25.6,40.0,primary,False,31,105814816
3763383614,3897828948,19.65,50.0,primary,False,19,105814816
3763383614,3897828947,24.23,45.0,unclassified,False,15,105814816
3763383616,3763386006,51.65,50.0,primary,False,32,105814816
3763383616,6610123659,322.26,60.0,motorway_link,False,24,105814816
3763386006,3843840284,28.59,50.0,primary,False,28,105814816
3777761557,386896753,31.53,36.18279569892473,residential,False,33,386876240
3777761557,386889752,180.4,36.18279569892473,residential,False,28,386876240
3777761557,386889833,225.75,36.18279569892473,residential,False,10,386876240
3777793984,387431738,93.05,36.18279569892473,residential,False,24,386876240
3787429424,3787429425,26.09,36.18279569892473,residential,False,24,82903274
3787429424,3787429426,200.82,36.18279569892473,residential,False,34,82903274
3787429424,6168503119,151.51,36.18279569892473,residential,False,14,82903274
3787429425,3787429424,26.09,36.18279569892473,residential,False,32,82903274
3787429426,81537737,81.91,60.0,secondary,False,22,82903274
3787429426,3787429424,200.82,36.18279569892473,residential,False,15,82903274
3842547305,32271696,95.69,36.18279569892473,residential,False,35,11346035713
3842552624,32271706,105.83,36.18279569892473,residential,False,21,11346035713
3843840284,471622889,420.1,54.67289719626168,primary,False,30,105814816
3843840284,2434145006,25.42,50.0,primary,False,24,105814816
3843858767,1300541821,368.85,60.0,primary,False,32,105814816
3843858767,2434145037,24.13,40.0,primary,False,30,105814816
3843858770,3873169288,968.69,80.0,motorway,False,10,
3843858770,3763386006,509.61,50.0,motorway_link,False,30,
3859841618,3859841629,116.27,45.0,unclassified,False,12,6185036192
3859841621,3859841629,100.54,45.0,unclassified,False,22,6185036192
3859841629,3859841621,100.54,45.0,unclassified,False,32,6185036192
3859841629,3859841636,50.66,45.0,unclassified,False,20,6185036192
3859841629,3859841618,116.27,45.0,unclassified,False,26,6185036192
3859841636,6399648118,560.11,45.0,unclassified,False,11,6185036192
3859841636,13386200644,437.13,36.18279569892473,"['residential', 'unclassified']",False,19,6185036192
3859841636,3859841629,50.66,45.0,unclassified,False,23,6185036192
3860936496,3860936500,18.6,60.0,secondary,False,34,147963281
3860936496,6184996320,70.48,36.18279569892473,residential,False,18,147963281
3860936500,6366272736,18.35,60.0,secondary,False,32,147963281
3860936500,3860936507,18.6,60.0,secondary,False,29,147963281
3860936502,3860936504,11.61,60.0,secondary,False,27,147963281
3860936504,3860936512,17.41,60.0,secondary,False,28,147963281
3860936504,6365397295,17.73,60.0,secondary,False,35,147963281
3860936507,3860936508,6.33,60.0,secondary,False,16,147963281
3860936508,3860936502,22.08,60.0,secondary,False,35,147963281
3860936508,7810182334,22.02,53.482142857142854,secondary,False,31,147963281
3860936512,3860936496,21.12,60.0,secondary,False,12,147963281
3868812896,39621234,72.21,36.18279569892473,residential,False,29,82903274
3868812899,83741797,89.88,36.18279569892473,residential,False,20,82686004
3868812900,83741790,71.59,36.18279569892473,residential,False,33,82903274
3868812901,39621234,152.3,54.67289719626168,primary,False,11,82903274
3868812901,6882593561,50.24,54.67289719626168,primary,False,26,82903274
3868812901,3868812904,117.63,36.18279569892473,residential,False,31,82903274
3868812904,3868812901,117.63,36.18279569892473,residential,False,21,82903274
3873169283,3873169288,388.95,60.0,motorway_link,False,11,105814816
3873169283,3873169294,49.15,50.0,primary,False,13,105814816
3873169288,5131071099,465.98,56.666666666666664,motorway,False,22,105814816
3873169289,3873169294,469.35,40.0,motorway_link,False,21,105814816
3873169289,6610123659,881.83,105.0,motorway,False,24,105814816
3873169294,3763383613,47.67,50.0,primary,False,29,105814816
3897828947,6871820232,773.23,36.18279569892473,"['residential', 'unclassified']",False,11,105814816
3897828947,3897828948,21.01,45.0,unclassified,False,21,105814816
3897828948,3763383616,11.37,50.0,primary,False,21,105814816
3933719960,3933719962,8.71,36.18279569892473,residential,False,15,11346035713
3933719960,256393585,457.0,36.18279569892473,residential,False,30,11346035713
3933719962,3933719960,8.71,36.18279569892473,residential,False,27,11346035713
3933719962,256393631,195.02,36.18279569892473,residential,False,32,11346035713
3933719962,9332976361,31.7,50.0,residential,False,12,11346035713
3941683581,12886692900,1206.16,45.0,unclassified,False,27,386876240
3941683581,3953400782,404.02,45.0,unclassified,False,32,386876240
3941683632,12886692900,18.43,45.0,unclassified,False,34,386876240
3941683632,82630823,1054.79,53.482142857142854,secondary,False,16,386876240
3941683632,388217612,57.09,53.482142857142854,secondary,False,14,386876240
3942449344,90209690,47.08,53.482142857142854,secondary,False,20,90214098
3942449344,2791413667,29.6,36.18279569892473,residential,False,17,90214098
3942449344,301373646,90.65,53.482142857142854,secondary,False,27,90214098
3953400782,3941683581,404.02,45.0,unclassified,False,13,386876240
3974383824,2351225248,763.29,45.0,unclassified,False,30,386876240
3978261082,1021657451,18.75,36.18279569892473,residential,False,25,847937526
3978261082,93813616,105.86,36.18279569892473,residential,False,33,847937526
3978261082,1365076764,146.75,36.18279569892473,residential,False,34,847937526
3978261082,1363625668,84.04,36.18279569892473,residential,False,28,847937526
4039251388,83740338,122.35,36.18279569892473,residential,False,32,82903274
4039251388,82623569,209.77,53.482142857142854,secondary,False,16,82903274
4039251388,90311903,238.27,53.482142857142854,secondary,True,34,82903274
4039251388,83739415,159.2,36.18279569892473,residential,False,33,82903274
4050577176,1474146856,934.14,45.0,unclassified,False,34,320981769
4050577176,1502720209,290.21,45.0,unclassified,False,17,320981769
4050577176,4942281362,671.05,45.0,unclassified,False,20,320981769
4050579836,4050579849,331.8,36.18279569892473,residential,False,21,320981769
4050579849,6913827479,22.61,45.0,unclassified,False,18,320981769
4050579849,4050579836,331.8,36.18279569892473,residential,False,26,320981769
4050579849,93775529,236.03,36.18279569892473,residential,False,31,320981769
4050606805,1474164446,149.21,36.18279569892473,residential,False,23,320981769
4050606805,4050606806,59.39,36.18279569892473,residential,False,18,320981769
4050606805,4050606816,138.5,36.18279569892473,residential,False,11,320981769
4050606805,6914063674,45.6,36.18279569892473,residential,False,12,320981769
4050606806,4050606805,59.39,36.18279569892473,residential,False,21,320981769
4050606816,4050606826,177.4,36.18279569892473,residential,False,21,320981769
4050606816,4050606805,138.5,36.18279569892473,residential,False,24,320981769
4050606816,6914063674,267.33,36.18279569892473,residential,False,25,320981769
4050606826,4050606816,177.4,36.18279569892473,residential,False,26,320981769
4050606844,4050606845,38.94,36.18279569892473,residential,False,26,320981769
4050606844,1474164446,140.09,36.18279569892473,residential,False,13,320981769
4050606844,1804727616,193.58,36.18279569892473,residential,False,25,320981769
4050606845,4050606844,38.94,36.18279569892473,residential,False,32,320981769
4050606845,6914063674,151.31,36.18279569892473,residential,False,27,320981769
4050606845,4050606848,58.38,36.18279569892473,residential,False,31,320981769
4050606848,4050606859,352.53,36.18279569892473,residential,False,27,320981769
4050606848,4050606845,58.38,36.18279569892473,residential,False,19,320981769
4050606848,6914063661,129.5,36.18279569892473,residential,False,24,320981769
4050606859,4050606848,352.53,36.18279569892473,residential,False,29,320981769
4052401030,469167691,173.65,36.18279569892473,residential,False,21,256619924
4117676089,3104550583,23.33,36.18279569892473,residential,False,35,256619924
4117676089,3104046938,277.07,36.18279569892473,residential,False,31,256619924
4144063061,11208467470,81.38,36.18279569892473,residential,False,32,6185036192
4144063065,11208467470,149.31,36.18279569892473,residential,False,35,6185036192
4144063065,6199657200,25.83,36.18279569892473,residential,False,12,6185036192
4144063065,4144063066,128.6,36.18279569892473,residential,False,16,6185036192
4144063066,4144065651,43.1,36.18279569892473,residential,False,24,6185036192
4144063066,4144063065,128.6,36.18279569892473,residential,False,12,6185036192
4144063066,1300528022,82.16,36.18279569892473,residential,False,12,6185036192
4144065651,4144063066,43.1,36.18279569892473,residential,False,22,6185036192
4166286182,3529854855,41.06,36.18279569892473,residential,False,15,105814816
4166286182,301951715,139.31,36.18279569892473,residential,False,19,105814816
4166286182,6882299260,395.62,36.18279569892473,residential,False,12,105814816
4166372103,3104610295,43.97,30.0,residential,False,13,256619924
4166372103,3104056580,86.42,36.18279569892473,residential,False,15,256619924
4195987166,6864839473,56.29,36.18279569892473,residential,False,18,82686004
4195987166,388278296,238.2,36.18279569892473,residential,False,13,82686004
4195987166,4749469071,23.02,36.18279569892473,residential,False,32,82686004
4195988103,388278204,41.79,36.18279569892473,residential,False,14,82686004
4195988103,6355421110,103.36,36.18279569892473,residential,False,25,82686004
4195988103,388278208,76.1,36.18279569892473,residential,False,14,82686004
4196839934,12890480733,25.24,36.18279569892473,residential,False,16,386876240
4196839934,386878716,181.56,36.18279569892473,residential,False,26,386876240
4196839934,386878737,17.85,36.18279569892473,residential,False,30,386876240
4196878240,4196878243,32.08,36.18279569892473,residential,False,10,90214098
4196878240,386889656,39.15,36.18279569892473,residential,False,19,90214098
4196878240,386889709,31.75,20.0,living_street,False,23,90214098
4196878243,4196878240,32.08,36.18279569892473,residential,False,31,90214098
4196994592,5629227907,43.06,53.482142857142854,secondary,False,27,82686004
4196994592,4196994609,186.23,36.18279569892473,residential,False,14,82686004
4196994592,82686004,64.85,53.482142857142854,secondary,False,25,82686004
4196994609,4196994592,186.23,36.18279569892473,residential,False,21,82686004
4197007200,93816868,74.33,53.482142857142854,secondary,False,23,847937526
4197007200,6861503184,230.28,53.482142857142854,secondary,False,24,847937526
4197007200,2135246113,219.69,20.0,living_street,False,33,847937526
4197042407,388278153,114.97,36.18279569892473,residential,False,30,82686004
4243498997,147958442,111.27,40.0,residential,False,10,147963281
4243499016,147958443,106.48,40.0,residential,False,19,147963281
4411145005,89043954,22.46,36.18279569892473,residential,False,16,320981769
4411145005,82653887,240.62,36.18279569892473,residential,False,12,320981769
4411145005,686454270,39.6,36.18279569892473,residential,False,10,320981769
4423412668,4766213966,98.67,53.482142857142854,secondary,False,35,90214098
4423412668,4423412679,23.2,53.482142857142854,secondary,False,17,90214098
4423412668,4766213958,28.18,53.482142857142854,secondary,False,26,90214098
4423412679,4423412668,23.2,53.482142857142854,secondary,False,30,90214098
4423412679,33222670,590.04,60.0,primary,False,20,90214098
4423412679,4766213958,41.4,60.0,primary,False,23,90214098
4504522070,1567087833,37.01,36.18279569892473,residential,False,28,93731379
4504522070,1567087825,37.45,36.18279569892473,residential,False,20,93731379
4504522070,1567087835,41.88,36.18279569892473,residential,False,30,93731379
4563677850,4563677867,6.49,40.0,secondary,False,30,93731379
4563677851,4563677886,54.89,60.0,secondary,True,35,93731379
4563677851,4563677862,30.04,53.482142857142854,secondary,False,20,93731379
4563677852,1231480281,180.1,50.0,secondary,True,25,93731379
4563677852,4563677857,18.55,40.0,secondary,False,28,93731379
4563677853,1510211577,287.7,50.0,secondary,False,31,93731379
4563677853,4563677850,19.58,40.0,secondary,False,32,93731379
4563677857,4563677859,9.07,40.0,secondary,False,26,93731379
4563677859,4563677862,21.56,40.0,secondary,False,27,93731379
4563677859,4563677851,32.43,53.482142857142854,secondary,False,24,93731379
4563677862,4563677853,12.8,40.0,secondary,False,24,93731379
4563677867,1800349748,33.83,40.0,tertiary,False,19,93731379
4563677867,4563677869,22.99,40.0,secondary,False,28,93731379
4563677869,4563677852,8.3,40.0,secondary,False,14,93731379
4563677885,6193176338,112.89,36.18279569892473,residential,False,35,93731379
4563677885,4563677886,41.49,36.18279569892473,residential,True,19,93731379
4563677885,11042119854,80.86,36.18279569892473,residential,False,15,93731379
4563677886,4563677887,38.38,30.0,residential,False,35,93731379
4563677886,13326166717,449.76,60.0,secondary,True,18,93731379
4563677886,4563677851,54.89,60.0,secondary,False,17,93731379
4563677886,4563677885,41.49,36.18279569892473,residential,False,25,93731379
4563677887,4563677886,38.38,30.0,residential,True,21,93731379
4563677887,6370675076,67.56,30.0,residential,False,19,93731379
4563677887,12771927629,129.78,36.18279569892473,residential,False,34,93731379
4565128724,4565128726,19.19,53.482142857142854,secondary,False,11,105814816
4565128724,12196782635,23.38,45.0,unclassified,False,14,105814816
4565128726,13602019508,0.6,53.482142857142854,secondary,False,21,105814816
4565128728,4565128735,30.25,53.482142857142854,secondary,False,19,105814816
4565128730,4565128732,20.71,53.482142857142854,secondary,False,24,105814816
4565128732,4565128738,31.61,53.482142857142854,secondary,False,15,105814816
4565128732,11977428484,157.9,53.482142857142854,secondary,False,29,105814816
4565128735,4565128730,31.49,53.482142857142854,secondary,False,15,105814816
4565128735,11640881523,399.7,53.482142857142854,secondary,False,32,105814816
4565128738,4565128724,42.31,53.482142857142854,secondary,False,27,105814816
4565221633,12922458955,23.82,36.18279569892473,residential,False,19,11253757267
4565221633,6391252787,8.56,36.18279569892473,residential,False,15,11253757267
4565221634,12920655598,11.98,36.18279569892473,residential,False,15,11253757267
4565221634,4565221647,8.75,36.18279569892473,residential,False,32,11253757267
4565221635,1506250077,11.74,36.18279569892473,residential,False,32,11253757267
4565221636,4565221634,16.62,36.18279569892473,residential,False,31,11253757267
4565221644,4565221635,7.77,36.18279569892473,residential,False,35,11253757267
4565221644,4565221654,41.7,36.18279569892473,residential,False,14,11253757267
4565221647,4565221633,11.43,36.18279569892473,residential,False,15,11253757267
4565221654,1506250013,45.58,36.18279569892473,residential,True,17,11253757267
4565221654,4565221635,40.14,36.18279569892473,residential,False,13,11253757267
4571888880,12912801086,256.7,60.0,tertiary,False,11,11253757267
4571888881,9380339027,333.29,45.0,unclassified,False,20,11253757267
4571888881,4571888880,24.61,45.0,unclassified,False,28,11253757267
4576114929,82650691,59.24,30.0,tertiary,False,14,82703794
4576114929,254267342,163.83,54.67289719626168,primary,False,24,82703794
4587905015,386876082,7.61,36.18279569892473,residential,False,18,7098591540
4587905015,386876086,11.76,36.18279569892473,residential,False,21,7098591540
4587905015,386876097,80.98,36.18279569892473,residential,False,15,7098591540
4587905029,6360286136,406.78,36.18279569892473,residential,False,16,386876240
4587905029,388276567,129.29,36.18279569892473,residential,False,27,386876240
4587905029,388277519,110.23,36.18279569892473,residential,False,32,386876240
4642753360,301851514,153.27,36.18279569892473,residential,False,11,12901492583
4642753360,301853860,19.87,36.18279569892473,residential,False,31,12901492583
4642753360,6184636759,56.91,36.18279569892473,residential,False,20,12901492583
4649322030,90206208,81.02,36.18279569892473,residential,False,21,320050383
4675323060,4675323061,13.34,53.482142857142854,secondary,False,14,93731379
4675323060,82674858,85.61,53.482142857142854,secondary,False,21,93731379
4675323061,4675323064,10.87,53.482142857142854,secondary,False,24,93731379
4675323062,3749196783,7.81,53.482142857142854,secondary,False,27,93731379
4675323063,4675323062,19.78,53.482142857142854,secondary,False,15,93731379
4675323063,567892374,106.8,53.482142857142854,secondary,False,27,93731379
4675323064,4675323063,15.86,53.482142857142854,secondary,False,19,93731379
4675323064,567542727,67.39,44.02390438247012,tertiary,False,13,93731379
4680630090,82644699,113.37,40.0,residential,False,10,256619924
4680630090,3659891007,39.7,36.18279569892473,residential,False,22,256619924
4680630090,302332309,42.97,50.0,residential,False,25,256619924
4680630095,302333573,75.92,36.18279569892473,residential,False,34,256619924
4683526949,4683526953,99.32,36.18279569892473,residential,False,14,256619924
4683526953,254315246,17.77,44.02390438247012,tertiary,False,24,256619924
4683526953,3105399696,117.73,44.02390438247012,tertiary,False,20,256619924
4683526953,4683526949,99.32,36.18279569892473,residential,False,14,256619924
4683526956,12887945146,113.67,36.18279569892473,residential,False,10,256619924
4683527235,4683527243,409.99,36.18279569892473,residential,False,33,256619924
4683527236,4942281605,53.63,30.0,tertiary,False,27,256619924
4683527236,574605802,20.67,30.0,tertiary,False,26,256619924
4683527236,4683527243,124.68,36.18279569892473,residential,False,20,256619924
4683527243,4683527236,124.68,36.18279569892473,residential,False,30,256619924
4683527243,4683527235,409.99,36.18279569892473,residential,False,32,256619924
4683527243,361420260,66.33,36.18279569892473,residential,False,19,256619924
4705248060,6168503118,31.12,54.67289719626168,primary,True,25,82686004
4705248060,301372614,8.63,36.18279569892473,residential,False,19,82686004
4705248060,5738370364,130.03,54.67289719626168,primary,False,34,82686004
4707301860,256372413,24.63,36.18279569892473,residential,False,28,82703794
4707301860,82656405,25.65,36.18279569892473,residential,False,31,82703794
4721171417,256896804,141.43,36.18279569892473,residential,False,14,320981769
4721171417,81536866,581.65,54.67289719626168,primary,False,35,320981769
4721171417,4721171418,123.59,54.67289719626168,primary,False,28,320981769
4721171418,4721171417,123.59,54.67289719626168,primary,False,33,90214098
4721171418,6168697493,287.2,54.67289719626168,primary,False,24,90214098
4721171418,13247358598,295.56,45.0,unclassified,False,20,90214098
4721738568,5308051335,42.4,60.0,secondary,False,32,82903274
4721738568,9337261449,124.94,53.482142857142854,secondary,False,13,82903274
4728064662,386878929,54.69,36.18279569892473,residential,False,33,386876240
4734965423,6910816008,136.24,36.18279569892473,residential,False,25,90214098
4734965423,1474116837,931.27,36.18279569892473,residential,False,11,90214098
4734965423,6910816096,694.91,36.18279569892473,residential,False,14,90214098
4736682690,93775495,164.0,36.18279569892473,residential,False,31,320981769
4736701623,6914079390,119.43,36.18279569892473,residential,False,27,320981769
4736701623,4736701628,60.16,36.18279569892473,residential,False,13,320981769
4736701623,4736701624,46.2,36.18279569892473,residential,False,19,320981769
4736701624,4736701627,125.6,36.18279569892473,residential,False,10,320981769
4736701624,4736701623,46.2,36.18279569892473,residential,False,22,320981769
4736701624,4736701628,24.85,36.18279569892473,residential,False,29,320981769
4736701627,4736701624,125.6,36.18279569892473,residential,False,17,320981769
4736701628,1474172079,22.36,36.18279569892473,residential,False,24,320981769
4736701628,4736701623,60.16,36.18279569892473,residential,False,21,320981769
4736701628,4736701624,24.85,36.18279569892473,residential,False,12,320981769
4736783717,247071481,368.41,36.18279569892473,residential,False,20,320981769
4745320164,256757647,234.2,36.18279569892473,residential,False,11,82903274
4745320164,256757168,179.9,36.18279569892473,residential,False,29,82903274
4745320164,6865000541,104.1,36.18279569892473,residential,False,30,82903274
4745320172,12402699760,53.66,36.18279569892473,residential,False,16,82903274
4745320172,6865000541,81.32,36.18279569892473,residential,False,28,82903274
4747542906,1474168290,448.61,36.18279569892473,residential,False,26,320981769
4749469071,4195987166,23.02,36.18279569892473,residential,False,17,82686004
4749469080,93692703,85.88,36.18279569892473,residential,False,35,82903274
4749469080,83741118,50.51,36.18279569892473,residential,False,34,82903274
4749469080,256757208,85.9,36.18279569892473,residential,False,18,82903274
4753351024,302338391,259.99,36.18279569892473,residential,False,16,256619924
4753351045,574872170,474.25,36.18279569892473,residential,False,10,320981769
4766213958,81536866,119.19,60.0,primary,False,12,320981769
4766213958,4423412679,41.4,60.0,primary,False,27,320981769
4766213966,4423412668,98.67,53.482142857142854,secondary,False,24,320981769
4766213966,82619348,848.48,53.482142857142854,secondary,False,31,320981769
4766214005,93744705,70.47,36.18279569892473,residential,False,31,320050383
4766214005,93744697,272.31,36.18279569892473,residential,False,12,320050383
4766214005,4766214011,144.12,36.18279569892473,residential,False,26,320050383
4766214011,4766214005,144.12,36.18279569892473,residential,False,22,320050383
4844752521,1447454516,91.16,53.482142857142854,secondary,False,16,6185036192
4844752521,471180782,763.46,36.18279569892473,residential,False,25,6185036192
4856507038,2017248535,69.38,36.18279569892473,residential,False,20,82903274
4856507038,82588499,58.13,36.18279569892473,residential,False,29,82903274
4856507038,2538007312,56.79,36.18279569892473,residential,False,29,82903274
4860750946,1300613248,65.82,36.18279569892473,residential,False,26,93731379
4860750946,253005222,56.66,36.18279569892473,residential,False,11,93731379
4860750946,12201098849,18.92,36.18279569892473,residential,False,31,93731379
4860750955,1300613242,29.38,36.18279569892473,residential,False,21,93731379
4865144639,2507150268,211.96,36.18279569892473,residential,False,22,105814816
4865144639,2507150263,295.22,36.18279569892473,residential,False,14,105814816
4865144639,88954961,347.48,36.18279569892473,"['residential', 'unclassified']",False,32,105814816
4866078613,82624011,54.55,36.18279569892473,residential,False,23,82903274
4871324141,301373921,70.93,36.18279569892473,residential,False,21,388276886
4871324141,90215989,153.99,36.18279569892473,residential,False,22,388276886
4871324141,12903126595,36.53,36.18279569892473,residential,False,21,388276886
4871324162,301374461,91.54,20.0,living_street,False,10,320044172
4887395329,4887395330,89.88,36.18279569892473,residential,False,19,256619924
4887395329,4887395331,28.61,36.18279569892473,residential,False,21,256619924
4887395329,3104012022,53.49,36.18279569892473,residential,False,21,256619924
4887395330,4887395329,89.88,36.18279569892473,residential,False,19,256619924
4887395331,6209910721,20.09,36.18279569892473,residential,False,24,256619924
4887395331,6010321287,23.09,36.18279569892473,residential,False,27,256619924
4887395331,4887395329,28.61,36.18279569892473,residential,False,12,256619924
4887395334,6010321287,35.61,36.18279569892473,residential,False,16,256619924
4887395337,4887395338,67.77,36.18279569892473,residential,False,33,256619924
4887395338,4887395337,67.77,36.18279569892473,residential,False,24,256619924
4887395338,302335107,178.51,36.18279569892473,residential,False,33,256619924
4887395338,4887395340,81.95,36.18279569892473,residential,False,23,256619924
4887395340,4887395338,81.95,36.18279569892473,residential,False,35,256619924
4900571136,6363700405,299.14,36.18279569892473,residential,False,24,93731379
4900571136,12201098849,84.82,36.18279569892473,residential,False,19,93731379
4900571136,1300613248,16.38,36.18279569892473,residential,False,15,93731379
4942281168,1497204867,125.6,45.0,unclassified,False,35,320981769
4942281197,1497204911,139.44,45.0,unclassified,False,33,320981769
4942281362,4942281373,396.31,36.18279569892473,residential,False,23,320981769
4942281362,4050577176,671.05,45.0,unclassified,False,33,320981769
4942281362,310543971,84.53,45.0,unclassified,False,23,320981769
4942281373,4942281362,396.31,36.18279569892473,residential,False,14,320981769
4942281410,4942281412,93.66,36.18279569892473,residential,False,28,256619924
4942281412,4942281410,93.66,36.18279569892473,residential,False,29,256619924
4942281412,302339179,30.67,36.18279569892473,residential,False,12,256619924
4942281412,302339172,83.07,36.18279569892473,residential,False,14,256619924
4942281415,302339172,68.92,36.18279569892473,residential,False,16,256619924
4942281522,302339168,225.3,36.18279569892473,residential,False,19,256619924
4942281525,302340813,157.51,36.18279569892473,residential,False,25,320981769
4942281525,302340804,101.87,36.18279569892473,residential,False,26,320981769
4942281525,4942281527,42.54,36.18279569892473,residential,False,20,320981769
4942281527,4942281529,36.66,36.18279569892473,residential,False,12,320981769
4942281527,12887112999,91.81,36.18279569892473,residential,False,28,320981769
4942281527,4942281525,42.54,36.18279569892473,residential,False,34,320981769
4942281528,4942281529,32.51,36.18279569892473,residential,False,22,320981769
4942281529,4942281528,32.51,36.18279569892473,residential,False,12,320981769
4942281529,4942281527,36.66,36.18279569892473,residential,False,10,320981769
4942281529,4942281532,84.08,36.18279569892473,residential,False,23,320981769
4942281532,4942281529,84.08,36.18279569892473,residential,False,30,320981769
4942281534,302340817,44.11,36.18279569892473,residential,False,18,256619924
4942281550,4942281551,76.04,36.18279569892473,residential,False,23,256619924
4942281550,4942281585,128.54,36.18279569892473,residential,False,15,256619924
4942281550,6955763719,85.84,36.18279569892473,residential,False,27,256619924
4942281551,4942281550,76.04,36.18279569892473,residential,False,24,256619924
4942281559,6199033596,198.35,36.18279569892473,residential,False,32,256619924
4942281559,6199033596,247.38,36.18279569892473,residential,False,28,256619924
4942281559,302334610,289.85,36.18279569892473,residential,False,34,256619924
4942281568,6955667353,180.39,36.18279569892473,residential,False,14,256619924
4942281568,4942281571,110.62,36.18279569892473,residential,False,16,256619924
4942281568,4942281582,176.83,36.18279569892473,residential,False,15,256619924
4942281571,4942281568,110.62,36.18279569892473,residential,False,22,256619924
4942281574,302338370,222.59,36.18279569892473,residential,False,19,256619924
4942281574,302338391,245.82,36.18279569892473,residential,False,27,256619924
4942281574,4942281580,124.52,36.18279569892473,residential,False,25,256619924
4942281580,4942281582,36.85,36.18279569892473,residential,False,11,256619924
4942281580,4942281574,124.52,36.18279569892473,residential,False,19,256619924
4942281580,12886751673,77.1,36.18279569892473,residential,False,28,256619924
4942281582,4942281580,36.85,36.18279569892473,residential,False,19,256619924
4942281582,254314195,38.57,36.18279569892473,residential,False,25,256619924
4942281582,4942281568,176.83,36.18279569892473,residential,False,27,256619924
4942281585,254314192,26.73,36.18279569892473,residential,False,33,256619924
4942281585,4942281550,128.54,36.18279569892473,residential,False,24,256619924
4942281585,12886751683,371.56,36.18279569892473,residential,False,17,256619924
4942281604,6199033593,211.75,36.18279569892473,residential,False,10,256619924
4942281605,12887945146,40.69,30.0,tertiary,False,35,256619924
4942281605,4683527236,53.63,30.0,tertiary,False,10,256619924
4942281605,574605860,104.44,36.18279569892473,residential,False,14,256619924
4942281611,574605860,103.61,36.18279569892473,residential,False,18,256619924
4942281614,12888061074,58.92,36.18279569892473,residential,False,19,256619924
4942281616,6394889127,78.43,36.18279569892473,residential,False,30,256619924
4942281616,527364694,302.58,36.18279569892473,residential,False,30,256619924
4942281616,4942281622,123.6,36.18279569892473,residential,False,25,256619924
4942281622,4942281616,123.6,36.18279569892473,residential,False,13,256619924
4942281627,6955667353,398.51,36.18279569892473,residential,False,30,256619924
4942281627,6394889127,235.49,36.18279569892473,residential,False,31,256619924
4942281627,12889117291,95.59,36.18279569892473,residential,False,19,256619924
4942281650,574598852,246.42,36.18279569892473,residential,False,23,256619924
4942281655,574598852,152.67,36.18279569892473,residential,False,15,256619924
4942281656,574598852,45.83,36.18279569892473,residential,False,25,256619924
4942281656,527364697,110.62,36.18279569892473,residential,False,32,256619924
4942281656,4942281659,110.51,36.18279569892473,residential,False,30,256619924
4942281659,4942281656,110.51,36.18279569892473,residential,False,17,256619924
4942281660,527364697,61.66,36.18279569892473,residential,False,10,256619924
4943479481,361440587,142.49,36.18279569892473,residential,False,13,6988544531
4943479481,361440464,62.82,44.02390438247012,tertiary,False,34,6988544531
4943479481,4943479961,153.83,44.02390438247012,tertiary,False,18,6988544531
4943479497,4943479505,66.38,36.18279569892473,residential,False,25,6988544531
4943479497,4943479498,184.24,36.18279569892473,residential,False,12,6988544531
4943479497,361440592,321.27,36.18279569892473,residential,False,29,6988544531
4943479498,574960801,24.18,44.02390438247012,tertiary,False,33,6988544531
4943479498,6988424049,118.08,44.02390438247012,tertiary,False,21,6988544531
4943479498,4943479497,184.24,36.18279569892473,residential,False,28,6988544531
4943479505,4943479497,66.38,36.18279569892473,residential,False,25,6988544531
4943479519,361426428,125.67,36.18279569892473,residential,False,28,6988544531
4943479928,361426415,176.69,36.18279569892473,residential,False,23,6988544531
4943479936,361426428,174.48,36.18279569892473,residential,False,18,6988544531
4943479940,574960800,119.21,36.18279569892473,residential,False,30,6988544531
4943479941,574960799,53.39,36.18279569892473,residential,False,31,6988544531
4943479948,6988424051,24.54,36.18279569892473,residential,False,25,6988544531
4943479957,361440592,81.11,36.18279569892473,residential,False,32,6988544531
4943479960,361440592,57.96,36.18279569892473,residential,False,13,6988544531
4943479961,4943479481,153.83,44.02390438247012,tertiary,False,21,6988544531
4943479961,6952908688,139.02,44.02390438247012,tertiary,False,26,6988544531
4943479961,4943479962,30.03,36.18279569892473,residential,False,33,6988544531
4943479962,4943479964,59.82,36.18279569892473,residential,False,28,6988544531
4943479962,6010307937,38.78,36.18279569892473,residential,False,10,6988544531
4943479962,4943479961,30.03,36.18279569892473,residential,False,18,6988544531
4943479964,4943479962,59.82,36.18279569892473,residential,False,15,6988544531
4943479970,6010307937,59.36,36.18279569892473,residential,False,28,6988544531
4943479976,4943479977,26.23,36.18279569892473,residential,False,11,6988544531
4943479976,6010307938,45.94,36.18279569892473,residential,False,14,6988544531
4943479976,361440587,107.57,36.18279569892473,residential,False,20,6988544531
4943479977,4943479976,26.23,36.18279569892473,residential,False,24,6988544531
4943479977,4943479998,53.03,36.18279569892473,residential,False,32,6988544531
4943479977,4943479980,92.32,36.18279569892473,residential,False,14,6988544531
4943479980,4943479990,30.42,36.18279569892473,residential,False,21,6988544531
4943479980,4943479985,112.03,36.18279569892473,residential,False,15,6988544531
4943479980,4943479977,92.32,36.18279569892473,residential,False,11,6988544531
4943479985,4943479980,112.03,36.18279569892473,residential,False,18,6988544531
4943479990,4943479980,30.42,36.18279569892473,residential,False,21,6988544531
4943479990,4943479993,18.32,36.18279569892473,residential,False,23,6988544531
4943479990,361440589,96.32,36.18279569892473,residential,False,30,6988544531
4943479993,4943479990,18.32,36.18279569892473,residential,False,21,6988544531
4943479993,361440613,98.21,36.18279569892473,residential,False,11,6988544531
4943479993,6955517773,82.17,36.18279569892473,residential,False,19,6988544531
4943479998,4943479977,53.03,36.18279569892473,residential,False,19,6988544531
4943480018,574960922,362.71,36.18279569892473,residential,False,26,6988544531
4943480025,574960886,100.01,36.18279569892473,residential,False,30,6988544531
4943480026,361421816,44.21,40.0,residential,False,12,6988544531
4943480026,361419786,238.97,40.0,residential,False,26,6988544531
4943480026,4943480045,155.08,36.18279569892473,residential,False,16,6988544531
4943480039,4943480043,63.13,36.18279569892473,residential,False,34,6988544531
4943480039,4943480045,41.83,36.18279569892473,residential,False,30,6988544531
4943480039,6952908690,218.12,36.18279569892473,residential,False,15,6988544531
4943480043,4943480044,33.11,36.18279569892473,residential,False,34,6988544531
4943480043,4943480039,63.13,36.18279569892473,residential,False,13,6988544531
4943480043,4943480054,125.4,36.18279569892473,residential,False,29,6988544531
4943480044,4943480043,33.11,36.18279569892473,residential,False,34,6988544531
4943480045,4943480039,41.83,36.18279569892473,residential,False,15,6988544531
4943480045,4943480026,155.08,36.18279569892473,residential,False,27,6988544531
4943480045,4943480060,236.91,36.18279569892473,residential,False,20,6988544531
4943480054,4943480043,125.4,36.18279569892473,residential,False,20,6988544531
4943480060,361423928,48.82,36.18279569892473,residential,False,31,6988544531
4943480060,361423824,148.28,36.18279569892473,residential,False,35,6988544531
4943480060,4943480045,236.91,36.18279569892473,residential,False,19,6988544531
4943480062,4943480063,53.94,36.18279569892473,residential,False,18,6988544531
4943480062,361425285,31.66,36.18279569892473,residential,False,31,6988544531
4943480062,361423928,15.27,36.18279569892473,residential,False,32,6988544531
4943480063,4943480062,53.94,36.18279569892473,residential,False,32,6988544531
4943480064,361423927,37.65,36.18279569892473,residential,False,21,6988544531
4943480065,6988453770,181.66,36.18279569892473,residential,False,13,6988544531
4943480065,361430518,208.63,36.18279569892473,residential,False,27,6988544531
4943480065,4943480067,83.48,36.18279569892473,residential,False,28,6988544531
4943480067,4943480065,83.48,36.18279569892473,residential,False,21,6988544531
4943480068,4943480069,49.78,36.18279569892473,residential,False,14,6988544531
4943480068,361426147,64.83,36.18279569892473,residential,False,10,6988544531
4943480068,4943480070,70.4,36.18279569892473,residential,False,14,6988544531
4943480069,4943480068,49.78,36.18279569892473,residential,False,26,6988544531
4943480070,4943480068,70.4,36.18279569892473,residential,False,19,6988544531
4943480070,361425944,123.72,36.18279569892473,residential,False,21,6988544531
4943480070,4943480072,43.61,36.18279569892473,residential,False,34,6988544531
4943480072,4943480070,43.61,36.18279569892473,residential,False,25,6988544531
4943480076,361430518,106.21,36.18279569892473,residential,False,23,6988544531
4943532121,84549189,640.66,36.18279569892473,"['residential', 'unclassified']",False,20,90214098
4944810105,256385979,42.44,36.18279569892473,residential,False,15,11253757267
5064978210,6488455291,42.9,36.18279569892473,residential,False,13,847937526
5127810794,93812806,29.94,40.0,residential,False,16,82903274
5127810794,5127810798,93.83,40.0,residential,False,14,82903274
5127810794,11346062140,80.84,36.18279569892473,residential,False,26,82903274
5127810798,5127810794,93.83,40.0,residential,False,17,82903274
5127810798,11172142579,55.64,40.0,residential,False,16,82903274
5127810798,316057014,121.43,36.18279569892473,residential,False,35,82903274
5131071099,5206463657,37.18,30.0,secondary,False,27,105814816
5148545030,82589501,6.36,36.18279569892473,residential,False,29,82703794
5159455009,256896804,190.46,36.18279569892473,residential,False,32,320981769
5204637368,5204637379,46.17,36.18279569892473,residential,False,26,256619924
5204637375,386167499,26.21,36.18279569892473,residential,False,27,256619924
5204637375,386167494,108.07,36.18279569892473,residential,False,32,256619924
5204637375,5204637379,48.29,36.18279569892473,residential,False,27,256619924
5204637379,5204637368,46.17,36.18279569892473,residential,False,32,256619924
5204637379,317631812,209.41,36.18279569892473,residential,False,34,256619924
5204637379,5204637375,48.29,36.18279569892473,residential,False,35,256619924
5206463645,3873169289,367.28,65.0,motorway,False,13,105814816
5206463645,5131071099,20.38,30.0,secondary,False,23,105814816
5206463652,5206463645,7.88,30.0,secondary,False,24,105814816
5206463656,5206463652,28.94,30.0,secondary,False,12,105814816
5206463656,1944730723,36.28,60.0,secondary,False,13,105814816
5206463657,5245591063,27.5,30.0,secondary,False,14,105814816
5206463657,4565128728,606.86,60.0,secondary,False,10,105814816
5245591063,12898466051,10.22,30.0,secondary,False,25,105814816
5260615394,1800349517,49.7,36.18279569892473,residential,False,21,93731379
5300892942,82703379,72.0,44.02390438247012,tertiary,False,19,82703794
5307133540,5307133543,98.46,36.18279569892473,residential,False,32,6185036192
5307133542,5307133543,63.76,36.18279569892473,residential,False,21,6185036192
5307133543,88963583,10.07,36.18279569892473,residential,False,14,6185036192
5307133543,5307133542,63.76,36.18279569892473,residential,False,24,6185036192
5307133543,5307133540,98.46,36.18279569892473,residential,False,29,6185036192
5308051335,4721738568,42.4,60.0,secondary,False,26,82903274
5308051335,1922067361,158.88,30.0,residential,False,34,82903274
5308051335,81537737,177.65,40.0,secondary,False,20,82903274
5349190045,254999884,8.77,44.02390438247012,tertiary,False,15,256619924
5349190045,82643739,3.62,44.02390438247012,tertiary,False,32,256619924
5349190045,5349190046,69.62,36.18279569892473,residential,False,19,256619924
5349190046,5349190045,69.62,36.18279569892473,residential,False,10,256619924
5458805035,6838686048,28.82,36.18279569892473,residential,False,33,320050383
5458805035,82701958,47.86,36.18279569892473,residential,False,13,320050383
5458805035,93748033,62.52,36.18279569892473,residential,False,17,320050383
5526076797,2018092117,151.93,36.18279569892473,residential,False,14,82668285
5536195306,302335809,136.56,36.18279569892473,residential,False,32,256619924
5536195306,2229490038,16.32,36.18279569892473,residential,False,14,256619924
5616777032,6368067213,36.41,54.67289719626168,primary,False,32,82903274
5616777032,6368067241,14.58,54.67289719626168,primary,False,17,82903274
5616777036,60969244,48.85,60.0,primary,False,19,82903274
5616777036,6368067245,19.77,54.67289719626168,primary,False,14,82903274
5617818454,2507150272,141.32,45.0,unclassified,False,16,105814816
5617818454,88954961,253.78,45.0,unclassified,False,14,105814816
5617818454,2507150275,268.04,45.0,unclassified,False,12,105814816
5629227907,4196994592,43.06,53.482142857142854,secondary,False,23,82686004
5629227907,12901337157,72.09,36.18279569892473,residential,False,32,82686004
5630874355,89043950,18.95,36.18279569892473,residential,False,34,320981769
5630874355,89043637,29.98,36.18279569892473,residential,False,35,320981769
5630874355,89043954,45.16,36.18279569892473,residential,False,13,320981769
5631892936,89041797,124.11,36.18279569892473,residential,False,12,320981769
5673055128,83714214,47.02,36.18279569892473,residential,False,10,93731379
5703100786,6906747230,494.11,36.18279569892473,residential,False,34,6185036192
5703100786,471180215,75.53,36.18279569892473,residential,False,25,6185036192
5703100786,5703100791,111.67,36.18279569892473,residential,False,34,6185036192
5703100791,5703100786,111.67,36.18279569892473,residential,False,23,6185036192
5738370364,6882593561,58.28,54.67289719626168,primary,False,11,82686004
5738370364,4705248060,130.03,54.67289719626168,primary,True,16,82686004
5738370364,12887975858,50.33,36.18279569892473,residential,False,13,82686004
5750123426,82666147,225.87,40.0,residential,False,11,82668285
5752404234,314641575,90.76,36.18279569892473,residential,False,35,82668285
5879109271,1474121858,266.39,36.18279569892473,residential,False,31,320981769
6010303642,302339190,56.86,36.18279569892473,residential,False,26,256619924
6010303645,12886973820,51.04,36.18279569892473,residential,False,28,256619924
6010303647,6010303652,41.49,36.18279569892473,residential,False,11,256619924
6010303650,6010303652,49.96,36.18279569892473,residential,False,25,256619924
6010303652,6010303650,49.96,36.18279569892473,residential,False,13,256619924
6010303652,12886973819,52.63,36.18279569892473,residential,False,18,256619924
6010303652,6010303647,41.49,36.18279569892473,residential,False,11,256619924
6010303657,6010303662,22.04,36.18279569892473,residential,False,12,256619924
6010303659,6010303662,62.07,36.18279569892473,residential,False,19,256619924
6010303662,6010303657,22.04,36.18279569892473,residential,False,31,256619924
6010303662,6010303659,62.07,36.18279569892473,residential,False,10,256619924
6010303662,302339200,34.68,36.18279569892473,residential,False,34,256619924
6010303664,302339212,124.8,36.18279569892473,residential,False,13,256619924
6010306539,361426406,155.77,36.18279569892473,residential,False,35,6988544531
6010306908,574960807,145.55,36.18279569892473,residential,False,13,6988544531
6010307935,6010307937,23.47,36.18279569892473,residential,False,29,6988544531
6010307937,4943479970,59.36,36.18279569892473,residential,False,16,6988544531
6010307937,4943479962,38.78,36.18279569892473,residential,False,28,6988544531
6010307937,6010307935,23.47,36.18279569892473,residential,False,16,6988544531
6010307938,4943479976,45.94,36.18279569892473,residential,False,15,6988544531
6010321287,6199033595,22.16,36.18279569892473,residential,False,31,256619924
6010321287,4887395331,23.09,36.18279569892473,residential,False,21,256619924
6010321287,4887395334,35.61,36.18279569892473,residential,False,10,256619924
6128912827,1231480275,159.12,36.18279569892473,residential,True,12,93731379
6156265956,301836994,21.14,36.18279569892473,residential,False,14,12908641424
6156265956,1326827124,91.6,36.18279569892473,residential,False,33,12908641424
6156265956,301836996,125.29,36.18279569892473,residential,False,18,12908641424
6157489823,254281219,101.61,44.02390438247012,tertiary,False,28,82903274
6157489823,12912737242,73.28,44.02390438247012,tertiary,False,21,82903274
6159244681,89051353,17.68,36.18279569892473,residential,False,21,82703794
6166982432,658735858,12.09,36.18279569892473,residential,False,15,320981769
6166982439,254311395,31.19,36.18279569892473,residential,False,26,320981769
6166982442,82702454,7.19,44.02390438247012,tertiary,False,34,320981769
6166982442,658735858,192.47,44.02390438247012,tertiary,False,33,320981769
6166982442,1448662763,41.1,36.18279569892473,residential,False,29,320981769
6166982466,320981768,17.68,36.18279569892473,residential,False,17,320981769
6166982466,256896218,11.31,44.02390438247012,tertiary,False,26,320981769
6166982466,82641152,166.5,44.02390438247012,tertiary,False,28,320981769
6166982920,256618995,14.87,44.02390438247012,tertiary,False,12,256619924
6166982920,82643178,83.03,44.02390438247012,tertiary,False,13,256619924
6166982920,256619288,229.58,36.18279569892473,residential,False,28,256619924
6168503097,6882593561,85.3,36.18279569892473,residential,False,34,82903274
6168503118,4705248060,31.12,54.67289719626168,primary,True,10,388276886
6168503118,1933967150,17.84,36.18279569892473,residential,False,26,388276886
6168503118,33222633,120.09,54.67289719626168,primary,False,16,388276886
6168503119,3787429424,151.51,36.18279569892473,residential,False,32,82903274
6168697493,633166259,75.56,36.18279569892473,residential,False,16,90214098
6168697493,4721171418,287.2,54.67289719626168,primary,False,19,90214098
6168697493,81536829,18.91,54.67289719626168,primary,False,15,90214098
6168958425,254317940,57.17,36.18279569892473,residential,False,34,82703794
6168958427,6168958425,25.89,36.18279569892473,residential,False,27,82703794
6168958427,89023494,62.62,36.18279569892473,residential,False,10,82703794
6168958435,89024352,99.87,36.18279569892473,residential,False,33,256619924
6168958435,89023623,10.7,36.18279569892473,residential,False,13,256619924
6168958435,89023495,24.71,36.18279569892473,residential,False,16,256619924
6168959835,89052141,23.63,36.18279569892473,residential,False,26,256619924
6168959847,6179226151,154.92,36.18279569892473,residential,False,32,82703794
6168959856,256619172,123.09,36.18279569892473,residential,False,25,320981769
6171715380,6988558575,149.73,36.18279569892473,residential,False,21,320981769
6171715380,574872379,548.75,45.0,unclassified,False,32,320981769
6171715380,6988577477,131.11,45.0,unclassified,False,28,320981769
6171715951,6171715953,51.6,36.18279569892473,residential,False,15,320981769
6171715953,6913858089,28.89,36.18279569892473,residential,False,24,320981769
6171715953,1130894663,41.11,36.18279569892473,residential,False,31,320981769
6171715953,6171715951,51.6,36.18279569892473,residential,False,13,320981769
6171727478,6171727481,139.62,36.18279569892473,residential,False,15,320981769
6171727481,254316817,13.3,45.0,unclassified,False,21,320981769
6171727481,254316820,94.19,45.0,unclassified,False,22,320981769
6171727481,6171727478,139.62,36.18279569892473,residential,False,23,320981769
6173482948,82643746,97.08,44.02390438247012,tertiary,False,16,256619924
6173482948,89028253,61.35,44.02390438247012,tertiary,False,26,256619924
6173482948,89027819,55.4,36.18279569892473,residential,False,17,256619924
6179226151,82905447,25.39,36.18279569892473,residential,False,23,82703794
6179226151,6168959847,154.92,36.18279569892473,residential,False,13,82703794
6184421312,301844820,82.58,36.18279569892473,residential,False,34,12908641424
6184421312,301844820,99.57,36.18279569892473,residential,False,20,12908641424
6184421312,301839449,109.44,36.18279569892473,residential,False,13,12908641424
6184636759,4642753360,56.91,36.18279569892473,residential,False,24,12901492583
6184636760,6184636768,244.81,36.18279569892473,residential,False,13,12901492583
6184636765,6184636768,109.31,36.18279569892473,residential,False,26,12901492583
6184636768,6184636765,109.31,36.18279569892473,residential,False,14,12901492583
6184636768,301843708,87.02,36.18279569892473,residential,False,25,12901492583
6184636768,6184636760,244.81,36.18279569892473,residential,False,34,12901492583
6184636780,6184636781,83.59,36.18279569892473,residential,False,21,12901492583
6184636780,301843018,39.08,36.18279569892473,residential,False,32,12901492583
6184636780,6184638987,19.67,36.18279569892473,residential,False,19,12901492583
6184636781,6184636780,83.59,36.18279569892473,residential,False,27,12901492583
6184636781,6184638986,31.62,36.18279569892473,residential,False,33,12901492583
6184636781,90309086,70.39,36.18279569892473,residential,False,11,12901492583
6184638985,6184638986,29.01,36.18279569892473,residential,False,12,12901492583
6184638986,6184636781,31.62,36.18279569892473,residential,False,20,12901492583
6184638986,6184638987,85.88,36.18279569892473,residential,False,25,12901492583
6184638986,6184638985,29.01,36.18279569892473,residential,False,13,12901492583
6184638987,6184638986,85.88,36.18279569892473,residential,False,22,12901492583
6184638987,6184636780,19.67,36.18279569892473,residential,False,19,12901492583
6184638987,90309060,293.84,36.18279569892473,residential,False,24,12901492583
6184841288,301947928,122.99,36.18279569892473,residential,False,29,6218659532
6184841295,301947224,98.25,36.18279569892473,residential,False,33,147963281
6184841297,301947218,19.25,36.18279569892473,residential,False,19,147963281
6184841298,301948705,74.7,36.18279569892473,residential,False,31,147963281
6184841301,301948710,61.9,36.18279569892473,residential,False,24,147963281
6184841303,301950207,15.12,36.18279569892473,residential,False,17,6218659532
6184841305,301949550,65.47,36.18279569892473,residential,False,27,147963281
6184841306,301949552,67.04,36.18279569892473,residential,False,23,6218659532
6184841307,301949507,125.32,36.18279569892473,residential,False,19,6218659532
6184841311,301949503,15.99,36.18279569892473,residential,False,23,6218659532
6184841312,105812543,49.53,36.18279569892473,residential,False,16,147963281
6184995929,84554341,40.99,44.02390438247012,tertiary,False,12,147963281
6184995929,301873093,140.36,44.02390438247012,tertiary,False,35,147963281
6184995929,6993991449,106.98,36.18279569892473,residential,False,25,147963281
6184995930,6184995945,154.01,36.18279569892473,residential,False,31,147963281
6184995945,6184995930,154.01,36.18279569892473,residential,False,21,147963281
6184995945,6184996300,211.3,36.18279569892473,residential,False,15,147963281
6184995945,6993991448,206.7,36.18279569892473,residential,False,10,147963281
6184995980,84558848,30.86,36.18279569892473,residential,False,31,147963281
6184995980,6993991448,396.72,36.18279569892473,residential,False,25,147963281
6184995980,6370506534,436.09,36.18279569892473,residential,False,31,147963281
6184996296,6184996300,103.19,36.18279569892473,residential,False,13,147963281
6184996300,6184995945,211.3,36.18279569892473,residential,False,22,147963281
6184996300,6184996296,103.19,36.18279569892473,residential,False,24,147963281
6184996300,301873508,45.67,36.18279569892473,residential,False,26,147963281
6184996307,84554303,83.14,36.18279569892473,residential,False,31,147963281
6184996311,84554301,44.15,36.18279569892473,residential,False,31,147963281
6184996313,84554301,53.28,36.18279569892473,residential,False,12,147963281
6184996320,914229482,32.1,36.18279569892473,residential,False,13,147963281
6184996320,3860936496,70.48,36.18279569892473,residential,False,14,147963281
6184996320,147965103,161.91,36.18279569892473,residential,False,22,147963281
6184996324,12909280041,15.55,36.18279569892473,residential,False,22,147963281
6184996325,301949508,43.49,36.18279569892473,residential,False,32,147963281
6184996325,105812543,37.09,36.18279569892473,residential,False,28,147963281
6184996325,12909280041,22.55,36.18279569892473,residential,False,13,147963281
6184996328,6184996337,128.22,36.18279569892473,residential,False,33,147963281
6184996337,105812548,6.94,36.18279569892473,residential,False,15,147963281
6184996337,301949508,11.03,36.18279569892473,residential,False,12,147963281
6184996337,6184996328,128.22,36.18279569892473,residential,False,21,147963281
6184996339,105812548,29.27,36.18279569892473,residential,False,16,147963281
6184996339,301949520,70.08,36.18279569892473,residential,False,20,147963281
6184996339,6184996346,142.85,36.18279569892473,residential,False,16,147963281
6184996346,1969792195,35.47,36.18279569892473,residential,False,29,147963281
6184996346,6184996339,142.85,36.18279569892473,residential,False,22,147963281
6184996346,301949550,25.63,36.18279569892473,residential,False,13,147963281
6184996350,301868619,105.19,36.18279569892473,residential,False,17,147963281
6184996354,301869472,48.65,36.18279569892473,residential,False,23,147963281
6184996356,6184996359,89.36,36.18279569892473,residential,False,33,147963281
6184996359,301869427,16.88,36.18279569892473,residential,False,25,147963281
6184996359,6980418727,28.95,36.18279569892473,residential,False,18,147963281
6184996359,6184996356,89.36,36.18279569892473,residential,False,34,147963281
6184996360,301871557,184.35,36.18279569892473,residential,False,32,147963281
6184996361,301871557,102.78,36.18279569892473,residential,False,34,147963281
6184996373,301871633,48.82,36.18279569892473,residential,False,28,147963281
6184996378,301871660,11.74,36.18279569892473,residential,False,28,147963281
6184996378,301871814,98.47,36.18279569892473,residential,False,18,147963281
6184996378,301871634,81.47,36.18279569892473,residential,False,34,147963281
6184996379,301871807,20.23,36.18279569892473,residential,False,35,147963281
6184996380,6184996382,58.96,36.18279569892473,residential,False,35,147963281
6184996382,6184996380,58.96,36.18279569892473,residential,False,30,147963281
6184996382,147974965,29.61,36.18279569892473,residential,False,22,147963281
6184996382,6218190643,119.59,36.18279569892473,residential,False,21,147963281
6184996384,84554292,41.97,50.0,tertiary,False,25,147963281
6184996384,84554289,46.14,50.0,tertiary,False,31,147963281
6184996384,6184996388,88.11,36.18279569892473,residential,False,29,147963281
6184996388,301871660,40.21,36.18279569892473,residential,False,22,147963281
6184996388,84554292,21.16,36.18279569892473,residential,False,25,147963281
6184996388,6184996384,88.11,36.18279569892473,residential,False,26,147963281
6184996391,6396531968,79.75,36.18279569892473,residential,False,18,147963281
6185021881,301949488,19.63,36.18279569892473,residential,False,14,6218659532
6185021882,6185022086,20.96,36.18279569892473,residential,False,34,6218659532
6185021884,6185022086,25.63,36.18279569892473,residential,False,24,6218659532
6185022086,6185021882,20.96,36.18279569892473,residential,False,13,6218659532
6185022086,6185022095,125.38,36.18279569892473,residential,False,13,6218659532
6185022086,6185021884,25.63,36.18279569892473,residential,False,18,6218659532
6185022095,6883394894,67.41,36.18279569892473,residential,False,25,6218659532
6185022095,12890227121,395.57,36.18279569892473,residential,False,25,6218659532
6185022095,6185022086,125.38,36.18279569892473,residential,False,17,6218659532
6185022096,301877176,16.14,36.18279569892473,residential,False,30,6218659532
6185022096,6185022097,79.74,36.18279569892473,residential,False,14,6218659532
6185022096,6218611514,176.23,36.18279569892473,residential,False,10,6218659532
6185022097,301877318,199.21,36.18279569892473,residential,False,13,6218659532
6185022097,6185022096,79.74,36.18279569892473,residential,False,33,6218659532
6185022097,614457185,322.55,36.18279569892473,residential,False,11,6218659532
6185022109,301958520,87.38,36.18279569892473,residential,False,12,105814816
6185036192,88959826,63.19,36.18279569892473,residential,False,25,6185036192
6185036195,6185036196,39.78,36.18279569892473,residential,False,31,6185036192
6185036196,6185036195,39.78,36.18279569892473,residential,False,10,6185036192
6185036196,6185036197,27.98,36.18279569892473,residential,False,15,6185036192
6185036196,88959824,19.81,36.18279569892473,residential,False,22,6185036192
6185036197,6185036196,27.98,36.18279569892473,residential,False,29,6185036192
6185036198,2123102111,8.26,36.18279569892473,residential,False,31,6185036192
6185036198,147923248,131.96,36.18279569892473,residential,False,20,6185036192
6185036198,2123101146,51.34,36.18279569892473,residential,False,14,6185036192
6185036203,6185036207,128.59,36.18279569892473,residential,False,19,6185036192
6185036207,147922007,19.73,36.18279569892473,residential,False,29,6185036192
6185036207,147922005,33.57,36.18279569892473,residential,False,29,6185036192
6185036207,6185036203,128.59,36.18279569892473,residential,False,13,6185036192
6185036211,2123098051,56.48,36.18279569892473,residential,False,34,6185036192
6185036213,6185036214,80.47,36.18279569892473,residential,False,12,6185036192
6185036214,147922009,17.07,36.18279569892473,residential,False,31,6185036192
6185036214,147922007,64.18,36.18279569892473,residential,False,34,6185036192
6185036214,6185036213,80.47,36.18279569892473,residential,False,26,6185036192
6185036219,88959247,93.54,36.18279569892473,residential,False,34,6185036192
6190618054,82703794,8.02,30.0,residential,False,25,82703794
6190618054,82703789,189.26,30.0,residential,False,35,82703794
6190618054,13469019597,6.66,36.18279569892473,residential,False,24,82703794
6190618055,1922067364,34.36,36.18279569892473,residential,False,16,388276886
6190618058,6190618059,47.0,36.18279569892473,residential,False,19,90214098
6190618059,6190618058,47.0,36.18279569892473,residential,False,31,90214098
6190618059,9157295477,53.29,36.18279569892473,residential,False,25,90214098
6190618059,320050384,14.75,36.18279569892473,residential,False,25,90214098
6190850796,386903251,298.59,36.18279569892473,residential,False,26,386876240
6190850796,386903301,192.55,36.18279569892473,residential,False,18,386876240
6190850796,387431738,335.96,36.18279569892473,residential,False,27,386876240
6190850809,6190850810,9.41,36.18279569892473,residential,False,20,386876240
6190850809,386889833,59.29,36.18279569892473,residential,False,35,386876240
6190850809,6352865198,53.49,36.18279569892473,residential,False,27,386876240
6190850810,386889824,97.07,36.18279569892473,residential,False,27,90214098
6190850810,6190850809,9.41,36.18279569892473,residential,False,10,90214098
6190850810,386889734,168.94,36.18279569892473,residential,False,34,90214098
6190850823,6190850824,42.82,36.18279569892473,residential,False,11,90214098
6190850823,84550353,128.88,36.18279569892473,residential,False,23,90214098
6190850823,84550349,40.84,36.18279569892473,residential,False,13,90214098
6190850824,6190850823,42.82,36.18279569892473,residential,False,22,90214098
6190850825,254312439,28.68,36.18279569892473,residential,False,24,6190850825
6190988138,6190988142,78.2,36.18279569892473,residential,False,20,847937526
6190988142,12901553888,510.08,36.18279569892473,residential,False,22,847937526
6190988142,6190988152,141.18,36.18279569892473,residential,False,24,847937526
6190988142,6190988138,78.2,36.18279569892473,residential,False,24,847937526
6190988143,6190988152,95.83,36.18279569892473,residential,False,11,847937526
6190988152,12909065861,55.61,36.18279569892473,residential,False,11,847937526
6190988152,6190988142,141.18,36.18279569892473,residential,False,15,847937526
6190988152,6190988155,21.13,36.18279569892473,residential,False,27,847937526
6190988152,6190988143,95.83,36.18279569892473,residential,False,31,847937526
6190988153,6190988155,48.9,36.18279569892473,residential,False,34,847937526
6190988155,6190988152,21.13,36.18279569892473,residential,False,19,847937526
6190988155,93816868,145.7,36.18279569892473,residential,False,32,847937526
6190988155,6190988153,48.9,36.18279569892473,residential,False,15,847937526
6191116078,6191116126,109.35,36.18279569892473,residential,False,25,11346035713
6191116078,6368983801,16.33,36.18279569892473,residential,False,23,11346035713
6191116080,459145028,64.05,36.18279569892473,residential,False,14,11346035713
6191116085,6191116086,26.31,36.18279569892473,residential,False,19,847937526
6191116086,316057334,39.26,36.18279569892473,residential,False,32,847937526
6191116086,6191116085,26.31,36.18279569892473,residential,False,22,847937526
6191116086,316057123,61.26,36.18279569892473,residential,False,25,847937526
6191116092,316057123,72.85,36.18279569892473,residential,False,34,847937526
6191116093,6191116095,27.05,36.18279569892473,residential,False,13,847937526
6191116095,6865205790,119.17,36.18279569892473,residential,False,28,847937526
6191116095,6975294305,115.19,36.18279569892473,residential,False,31,847937526
6191116095,6191116093,27.05,36.18279569892473,residential,False,25,847937526
6191116096,6191116097,59.8,36.18279569892473,residential,False,31,82903274
6191116097,6191116096,59.8,36.18279569892473,residential,False,27,82903274
6191116097,316057112,10.94,36.18279569892473,residential,False,31,82903274
6191116097,316057469,70.07,36.18279569892473,residential,False,27,82903274
6191116105,6191116106,46.83,36.18279569892473,residential,False,28,82903274
6191116106,6191116108,50.63,36.18279569892473,residential,False,25,82903274
6191116106,6191116105,46.83,36.18279569892473,residential,False,25,82903274
6191116106,6974992982,119.41,36.18279569892473,residential,False,27,82903274
6191116108,6191116106,50.63,36.18279569892473,residential,False,15,82903274
6191116108,316057112,91.26,36.18279569892473,residential,False,26,82903274
6191116108,1365076768,110.74,36.18279569892473,residential,False,11,82903274
6191116115,146266729,87.56,36.18279569892473,residential,False,22,847937526
6191116119,256394699,14.51,36.18279569892473,residential,False,18,11346035713
6191116124,6191116126,34.74,36.18279569892473,residential,False,25,11346035713
6191116126,6191116210,14.87,36.18279569892473,residential,False,28,11346035713
6191116126,6191116078,109.35,36.18279569892473,residential,False,22,11346035713
6191116126,6191116124,34.74,36.18279569892473,residential,False,29,11346035713
6191116127,6191116130,67.8,36.18279569892473,residential,False,31,11346035713
6191116130,146264982,80.11,36.18279569892473,residential,False,21,11346035713
6191116130,256394699,57.58,36.18279569892473,residential,False,34,11346035713
6191116130,6191116127,67.8,36.18279569892473,residential,False,19,11346035713
6191116135,6191116139,78.42,36.18279569892473,residential,False,20,11346035713
6191116136,11346053725,14.67,36.18279569892473,residential,False,11,11346035713
6191116136,6191116139,70.35,36.18279569892473,residential,False,10,11346035713
6191116136,11258095459,47.7,36.18279569892473,residential,False,28,11346035713
6191116137,11258115259,28.57,36.18279569892473,residential,False,11,11346035713
6191116139,6191116135,78.42,36.18279569892473,residential,False,14,11346035713
6191116139,6191116136,70.35,36.18279569892473,residential,False,21,11346035713
6191116139,39626409,144.46,36.18279569892473,residential,False,21,11346035713
6191116148,6191116150,20.47,36.18279569892473,residential,False,35,11346035713
6191116150,6191116148,20.47,36.18279569892473,residential,False,33,11346035713
6191116150,1383527462,111.91,36.18279569892473,residential,False,28,11346035713
6191116150,1383527469,55.07,36.18279569892473,residential,False,10,11346035713
6191116177,6191116185,43.61,36.18279569892473,residential,False,34,11346035713
6191116185,6191116177,43.61,36.18279569892473,residential,False,30,11346035713
6191116185,459145015,75.52,36.18279569892473,residential,False,20,11346035713
6191116185,6193067048,181.05,36.18279569892473,residential,False,22,11346035713
6191116196,6191116198,40.93,36.18279569892473,residential,False,13,11346035713
6191116198,6871507648,177.92,36.18279569892473,residential,False,23,11346035713
6191116198,146264973,30.86,36.18279569892473,residential,False,21,11346035713
6191116198,6191116196,40.93,36.18279569892473,residential,False,21,11346035713
6191116199,6191116210,152.14,36.18279569892473,residential,False,23,11346035713
6191116210,459145035,52.02,36.18279569892473,residential,False,21,11346035713
6191116210,6191116126,14.87,36.18279569892473,residential,False,11,11346035713
6191116210,6191116199,152.14,36.18279569892473,residential,False,31,11346035713
6191116211,6191116220,147.73,36.18279569892473,residential,False,17,11346035713
6191116220,146264977,47.11,36.18279569892473,residential,False,17,11346035713
6191116220,12743663758,73.63,36.18279569892473,residential,False,17,11346035713
6191116220,6191116211,147.73,36.18279569892473,residential,False,30,11346035713
6193066275,301394719,156.34,36.18279569892473,residential,False,19,11346035713
6193066278,9195617678,45.01,36.18279569892473,residential,False,28,11346035713
6193066985,301392661,11.83,36.18279569892473,residential,False,12,11346035713
6193066985,301394691,215.86,36.18279569892473,residential,False,32,11346035713
6193066985,9195617678,36.88,36.18279569892473,residential,False,12,11346035713
6193066991,301396199,194.98,36.18279569892473,residential,False,19,11346035713
6193067016,146265008,47.35,36.18279569892473,residential,False,13,11346035713
6193067016,301395511,49.77,36.18279569892473,residential,False,20,11346035713
6193067016,6879112115,182.23,36.18279569892473,residential,False,15,11346035713
6193067017,6193067019,29.54,36.18279569892473,residential,False,10,11346035713
6193067019,146265005,11.94,36.18279569892473,residential,False,27,11346035713
6193067019,146265003,58.8,36.18279569892473,residential,False,20,11346035713
6193067019,6193067017,29.54,36.18279569892473,residential,False,11,11346035713
6193067020,146264992,50.81,36.18279569892473,residential,False,24,11346035713
6193067021,6193067025,53.77,36.18279569892473,residential,False,31,11346035713
6193067025,83730856,51.45,36.18279569892473,residential,False,23,11346035713
6193067025,6879657448,52.77,36.18279569892473,residential,False,28,11346035713
6193067025,6193067021,53.77,36.18279569892473,residential,False,26,11346035713
6193067026,301397022,52.96,36.18279569892473,residential,False,23,11346035713
6193067028,6193067050,94.52,36.18279569892473,residential,False,18,11346035713
6193067036,6193067048,117.97,36.18279569892473,residential,False,10,11346035713
6193067048,6193067036,117.97,36.18279569892473,residential,False,32,11346035713
6193067048,6193067055,46.31,36.18279569892473,residential,False,25,11346035713
6193067048,6191116185,181.05,36.18279569892473,residential,False,28,11346035713
6193067050,6193067028,94.52,36.18279569892473,residential,False,10,11346035713
6193067050,6879112115,28.64,36.18279569892473,residential,False,20,11346035713
6193067050,6193067055,68.29,36.18279569892473,residential,False,22,11346035713
6193067055,146264995,21.43,36.18279569892473,residential,False,28,11346035713
6193067055,6193067050,68.29,36.18279569892473,residential,False,22,11346035713
6193067055,6193067048,46.31,36.18279569892473,residential,False,20,11346035713
6193067056,6193067068,198.91,36.18279569892473,residential,False,28,11346035713
6193067068,9195617709,54.27,36.18279569892473,residential,False,13,11346035713
6193067068,301395511,51.05,36.18279569892473,residential,False,35,11346035713
6193067068,6193067056,198.91,36.18279569892473,residential,False,25,11346035713
6193067070,301395501,210.96,36.18279569892473,residential,False,13,11346035713
6193067084,301392650,81.09,36.18279569892473,residential,False,32,93731379
6193067114,6193067115,73.3,36.18279569892473,residential,False,31,93731379
6193067114,146260780,100.5,36.18279569892473,residential,False,16,93731379
6193067114,146260777,41.54,36.18279569892473,residential,False,20,93731379
6193067115,6193067114,73.3,36.18279569892473,residential,False,25,93731379
6193176305,301430684,158.89,36.18279569892473,residential,False,26,93731379
6193176312,6193176314,91.99,36.18279569892473,residential,False,35,93731379
6193176314,13326166719,35.41,36.18279569892473,residential,False,34,93731379
6193176314,301430684,123.84,36.18279569892473,residential,False,31,93731379
6193176314,6193176312,91.99,36.18279569892473,residential,False,20,93731379
6193176315,6193176319,69.18,36.18279569892473,residential,False,15,93731379
6193176319,301430684,13.38,36.18279569892473,residential,False,29,93731379
6193176319,301430683,77.8,36.18279569892473,residential,False,19,93731379
6193176319,6193176315,69.18,36.18279569892473,residential,False,21,93731379
6193176324,6193176325,94.28,36.18279569892473,residential,False,23,93731379
6193176325,6193176324,94.28,36.18279569892473,residential,False,16,93731379
6193176325,83549424,110.87,50.0,tertiary,False,25,93731379
6193176325,83549422,130.05,50.0,tertiary,False,30,93731379
6193176326,6193176327,169.33,36.18279569892473,residential,False,35,93731379
6193176327,6193176326,169.33,36.18279569892473,residential,False,12,93731379
6193176327,83734122,41.2,36.18279569892473,residential,False,27,93731379
6193176327,11346000175,15.05,36.18279569892473,residential,False,16,93731379
6193176328,6193176329,85.21,36.18279569892473,residential,False,19,93731379
6193176329,6193176328,85.21,36.18279569892473,residential,False,18,93731379
6193176329,83733359,42.34,36.18279569892473,residential,False,11,93731379
6193176329,83549427,233.52,36.18279569892473,residential,False,19,93731379
6193176330,6193176331,51.55,36.18279569892473,residential,False,28,93731379
6193176331,6193176333,46.96,36.18279569892473,residential,False,22,93731379
6193176331,6193176330,51.55,36.18279569892473,residential,False,35,93731379
6193176331,83734122,158.62,36.18279569892473,residential,False,17,93731379
6193176332,6193176333,57.98,36.18279569892473,residential,False,29,93731379
6193176333,6193176331,46.96,36.18279569892473,residential,False,33,93731379
6193176333,6193176332,57.98,36.18279569892473,residential,False,12,93731379
6193176333,12899765814,39.63,36.18279569892473,residential,False,32,93731379
6193176333,301431690,63.82,36.18279569892473,residential,False,28,93731379
6193176336,6193176338,107.49,36.18279569892473,residential,False,13,93731379
6193176338,6193176336,107.49,36.18279569892473,residential,False,28,93731379
6193176338,301430683,79.23,36.18279569892473,residential,False,20,93731379
6193176338,4563677885,112.89,36.18279569892473,residential,False,18,93731379
6193176339,6193176345,146.63,36.18279569892473,residential,False,12,93731379
6193176345,6370675076,60.51,30.0,residential,False,28,93731379
6193176345,1946239102,83.67,30.0,residential,False,35,93731379
6193176345,6193176339,146.63,36.18279569892473,residential,False,26,93731379
6193773061,1334621170,79.89,36.18279569892473,residential,False,25,12908641424
6193773066,469167701,93.92,36.18279569892473,residential,False,23,12908641424
6193773069,915410552,15.04,36.18279569892473,residential,False,16,12908641424
6193773069,6391933651,95.18,36.18279569892473,residential,False,21,12908641424
6193780522,3756951843,88.01,36.18279569892473,residential,False,35,12908641424
6193780525,1327342774,108.73,36.18279569892473,residential,False,12,12908641424
6195900416,6195900421,130.14,36.18279569892473,residential,False,30,256619924
6195900421,6391508868,80.1,36.18279569892473,residential,False,19,256619924
6195900421,12898526856,35.91,36.18279569892473,residential,False,26,256619924
6195900421,6195900416,130.14,36.18279569892473,residential,False,35,256619924
6196090933,1276412062,8.4,36.18279569892473,residential,False,19,6988544508
6196090933,6988531179,55.13,36.18279569892473,residential,False,23,6988544508
6196090933,6988174139,418.77,36.18279569892473,residential,False,31,6988544508
6196104266,6196104267,36.02,36.18279569892473,residential,False,27,147963281
6196104267,6196104266,36.02,36.18279569892473,residential,False,20,147963281
6196104267,6196104268,15.52,36.18279569892473,residential,False,16,147963281
6196104267,6196104282,187.1,36.18279569892473,residential,False,23,147963281
6196104268,6196104267,15.52,36.18279569892473,residential,False,22,147963281
6196104273,6196104276,65.13,36.18279569892473,residential,False,18,147963281
6196104276,301869702,4.95,36.18279569892473,residential,False,29,147963281
6196104276,6196104282,26.2,36.18279569892473,residential,False,26,147963281
6196104276,6196104273,65.13,36.18279569892473,residential,False,24,147963281
6196104282,6196104802,42.93,36.18279569892473,residential,False,31,147963281
6196104282,6196104276,26.2,36.18279569892473,residential,False,34,147963281
6196104282,6196104267,187.1,36.18279569892473,residential,False,27,147963281
6196104793,6196104796,76.2,36.18279569892473,residential,False,15,147963281
6196104796,11336005309,233.48,36.18279569892473,residential,False,10,147963281
6196104796,6196104793,76.2,36.18279569892473,residential,False,30,147963281
6196104796,6196104802,161.43,36.18279569892473,residential,False,32,147963281
6196104802,84558848,4.1,36.18279569892473,residential,False,26,147963281
6196104802,6196104282,42.93,36.18279569892473,residential,False,15,147963281
6196104802,6196104796,161.43,36.18279569892473,residential,False,28,147963281
6199033588,6199033593,99.14,36.18279569892473,residential,False,25,256619924
6199033593,302334610,36.94,36.18279569892473,residential,False,16,256619924
6199033593,4942281604,211.75,36.18279569892473,residential,False,31,256619924
6199033593,6199033588,99.14,36.18279569892473,residential,False,33,256619924
6199033594,302334605,30.02,36.18279569892473,residential,False,24,256619924
6199033595,6010321287,22.16,36.18279569892473,residential,False,18,256619924
6199033596,254314192,14.66,36.18279569892473,residential,False,30,256619924
6199033596,4942281559,198.35,36.18279569892473,residential,False,27,256619924
6199033596,4942281559,247.38,36.18279569892473,residential,False,35,256619924
6199033609,254313929,76.32,36.18279569892473,residential,False,29,256619924
6199033609,12886973824,72.09,36.18279569892473,residential,False,34,256619924
6199033610,302339183,25.58,36.18279569892473,residential,False,23,256619924
6199033615,6199033616,56.71,20.0,living_street,False,28,320981769
6199033616,254312727,17.78,44.02390438247012,tertiary,False,33,320981769
6199033616,89039299,42.45,44.02390438247012,tertiary,False,30,320981769
6199033616,6199033615,56.71,20.0,living_street,False,11,320981769
6199542948,6199542953,146.43,36.18279569892473,residential,False,26,6185036192
6199542953,88962308,9.41,36.18279569892473,residential,False,16,6185036192
6199542953,2108504783,470.67,36.18279569892473,residential,False,21,6185036192
6199542953,6199542948,146.43,36.18279569892473,residential,False,24,6185036192
6199542956,2108504783,17.23,36.18279569892473,residential,False,14,6185036192
6199600320,6199600321,68.42,36.18279569892473,residential,False,17,6185036192
6199600321,2108504255,43.18,36.18279569892473,residential,False,14,6185036192
6199600321,6199600320,68.42,36.18279569892473,residential,False,33,6185036192
6199600321,2108504263,108.36,36.18279569892473,residential,False,31,6185036192
6199600323,2108504263,48.5,36.18279569892473,residential,False,34,6185036192
6199600324,2108504253,89.84,36.18279569892473,residential,False,19,6185036192
6199600328,6199600331,79.93,36.18279569892473,residential,False,23,6185036192
6199600331,6199600328,79.93,36.18279569892473,residential,False,23,6185036192
6199600331,88962304,58.6,30.0,residential,False,20,6185036192
6199600331,2909347863,166.62,30.0,residential,False,12,6185036192
6199600335,6199600341,37.62,36.18279569892473,residential,False,30,6185036192
6199600341,6199600335,37.62,36.18279569892473,residential,False,16,6185036192
6199600341,88962304,44.82,36.18279569892473,residential,False,23,6185036192
6199600341,6401044292,91.97,36.18279569892473,residential,False,18,6185036192
6199600345,88962305,91.56,36.18279569892473,residential,False,19,6185036192
6199600348,6199600350,51.89,36.18279569892473,residential,False,30,6185036192
6199600348,6199600351,127.52,36.18279569892473,residential,False,15,6185036192
6199600348,88962310,15.62,36.18279569892473,residential,False,18,6185036192
6199600350,6199600348,51.89,36.18279569892473,residential,False,31,6185036192
6199600351,6199600348,127.52,36.18279569892473,residential,False,29,6185036192
6199657190,88965144,93.68,36.18279569892473,residential,False,17,6185036192
6199657191,6199657192,55.62,36.18279569892473,residential,False,22,6185036192
6199657192,88965144,60.7,36.18279569892473,residential,False,17,6185036192
6199657192,6363164925,213.15,36.18279569892473,residential,False,13,6185036192
6199657192,6199657191,55.62,36.18279569892473,residential,False,14,6185036192
6199657193,301959643,177.75,36.18279569892473,residential,False,16,6185036192
6199657200,4144063065,25.83,36.18279569892473,residential,False,10,6185036192
6199657202,147920870,27.47,36.18279569892473,residential,False,17,6185036192
6199657203,6199657207,158.61,36.18279569892473,residential,False,35,6185036192
6199657207,6362747573,14.94,36.18279569892473,residential,False,19,6185036192
6199657207,6199657203,158.61,36.18279569892473,residential,False,24,6185036192
6199657207,88965656,25.46,36.18279569892473,residential,False,25,6185036192
6199657208,6199657211,41.55,36.18279569892473,residential,False,27,6185036192
6199657211,6199657208,41.55,36.18279569892473,residential,False,23,6185036192
6199657211,88963583,123.0,36.18279569892473,residential,False,23,6185036192
6199657211,88963577,136.67,36.18279569892473,residential,False,30,6185036192
6199657212,6199657217,154.6,36.18279569892473,residential,False,11,6185036192
6199657217,88965656,171.49,36.18279569892473,residential,False,16,6185036192
6199657217,88963577,52.72,36.18279569892473,residential,False,15,6185036192
6199657217,6199657212,154.6,36.18279569892473,residential,False,18,6185036192
6199759078,6199759081,71.59,36.18279569892473,residential,False,14,6185036192
6199759081,471182947,48.98,36.18279569892473,residential,False,10,6185036192
6199759081,6199759078,71.59,36.18279569892473,residential,False,18,6185036192
6199759081,471182945,54.71,36.18279569892473,residential,False,35,6185036192
6199759082,471182945,156.62,36.18279569892473,residential,False,35,6185036192
6199759786,471182941,46.43,36.18279569892473,residential,False,18,6185036192
6199759788,83771420,30.15,53.482142857142854,secondary,False,31,6185036192
6199759788,471180797,12.84,53.482142857142854,secondary,False,27,6185036192
6199759788,6199759789,97.94,36.18279569892473,residential,False,15,6185036192
6199759789,6199759788,97.94,36.18279569892473,residential,False,30,6185036192
6199759791,471182571,162.31,36.18279569892473,residential,False,11,6185036192
6199759803,6199759805,27.87,36.18279569892473,residential,False,33,6185036192
6199759804,6199759805,54.95,36.18279569892473,residential,False,25,6185036192
6199759805,6199759804,54.95,36.18279569892473,residential,False,35,6185036192
6199759805,6199759803,27.87,36.18279569892473,residential,False,10,6185036192
6199759805,6199759806,54.4,36.18279569892473,residential,False,11,6185036192
6199759806,471182185,18.33,36.18279569892473,residential,False,12,6185036192
6199759806,6199759805,54.4,36.18279569892473,residential,False,20,6185036192
6199759806,6199759813,92.17,36.18279569892473,residential,False,29,6185036192
6199759810,6199759813,156.71,36.18279569892473,residential,False,19,6185036192
6199759813,247266397,488.72,36.18279569892473,residential,False,12,6185036192
6199759813,6199759806,92.17,36.18279569892473,residential,False,23,6185036192
6199759813,6199759810,156.71,36.18279569892473,residential,False,21,6185036192
6199759815,6199759820,114.43,36.18279569892473,residential,False,31,6185036192
6199759820,471181751,375.59,36.18279569892473,residential,False,31,6185036192
6199759820,471181401,148.46,36.18279569892473,residential,False,12,6185036192
6199759820,6199759815,114.43,36.18279569892473,residential,False,22,6185036192
6199759824,6199759826,54.07,36.18279569892473,residential,False,33,6185036192
6199759826,6199759824,54.07,36.18279569892473,residential,False,14,6185036192
6199759826,6906822805,78.48,36.18279569892473,residential,False,17,6185036192
6199759826,471180927,105.36,36.18279569892473,residential,False,13,6185036192
6199759831,6199759832,100.03,36.18279569892473,residential,False,28,6185036192
6199759832,471180797,77.38,53.482142857142854,secondary,False,33,6185036192
6199759832,6199759837,50.55,53.482142857142854,secondary,False,26,6185036192
6199759832,6199759831,100.03,36.18279569892473,residential,False,13,6185036192
6199759833,6199759837,112.83,36.18279569892473,residential,False,26,6185036192
6199759837,6199759832,50.55,53.482142857142854,secondary,False,31,6185036192
6199759837,471180869,108.27,53.482142857142854,secondary,False,28,6185036192
6199759837,6199759833,112.83,36.18279569892473,residential,False,34,6185036192
6199759838,6199759840,69.83,36.18279569892473,residential,False,26,6185036192
6199759840,83771424,51.01,53.482142857142854,secondary,False,18,6185036192
6199759840,6199759860,52.62,53.482142857142854,secondary,False,25,6185036192
6199759840,6199759838,69.83,36.18279569892473,residential,False,12,6185036192
6199759841,6199759843,89.17,36.18279569892473,residential,False,17,6185036192
6199759843,6199759877,38.28,53.482142857142854,secondary,False,29,6185036192
6199759843,83771424,29.34,53.482142857142854,secondary,False,13,6185036192
6199759843,6199759841,89.17,36.18279569892473,residential,False,34,6185036192
6199759844,471181244,150.09,36.18279569892473,residential,False,35,6185036192
6199759852,471181401,222.18,36.18279569892473,residential,False,20,6185036192
6199759860,6199759840,52.62,53.482142857142854,secondary,False,20,6185036192
6199759860,83771420,86.99,53.482142857142854,secondary,False,28,6185036192
6199759860,6199759864,102.13,36.18279569892473,residential,False,33,6185036192
6199759864,6199759860,102.13,36.18279569892473,residential,False,22,6185036192
6199759876,83771424,163.93,36.18279569892473,residential,False,35,6185036192
6199759877,6199759879,70.81,53.482142857142854,secondary,False,33,6185036192
6199759877,6199759843,38.28,53.482142857142854,secondary,False,33,6185036192
6199759877,6199759878,133.65,36.18279569892473,residential,False,17,6185036192
6199759878,6199759877,133.65,36.18279569892473,residential,False,23,6185036192
6199759879,6199759877,70.81,53.482142857142854,secondary,False,16,6185036192
6199759879,6376112601,46.66,53.482142857142854,secondary,False,14,6185036192
6199759879,6376112602,153.73,36.18279569892473,residential,False,13,6185036192
6199759882,6199759887,19.82,53.482142857142854,secondary,False,15,6185036192
6199759882,6376112601,3.67,53.482142857142854,secondary,False,16,6185036192
6199759882,6199759884,175.0,36.18279569892473,residential,False,18,6185036192
6199759884,6199759882,175.0,36.18279569892473,residential,False,24,6185036192
6199759885,6199759887,121.79,50.0,residential,False,23,6185036192
6199759887,6199759882,19.82,53.482142857142854,secondary,False,18,6185036192
6199759887,13386200644,152.41,53.482142857142854,secondary,False,28,6185036192
6199759887,6199759885,121.79,50.0,residential,False,11,6185036192
6199802340,6199802344,104.84,36.18279569892473,residential,False,25,6185036192
6199802344,471316473,82.87,36.18279569892473,residential,False,27,6185036192
6199802344,471316459,78.73,36.18279569892473,residential,False,21,6185036192
6199802344,6199802340,104.84,36.18279569892473,residential,False,32,6185036192
6199802345,6199802347,158.15,36.18279569892473,residential,False,13,6185036192
6199802347,247265007,344.75,36.18279569892473,residential,False,20,6185036192
6199802347,471179897,31.88,36.18279569892473,residential,False,27,6185036192
6199802347,6199802345,158.15,36.18279569892473,residential,False,23,6185036192
6199802351,6199802353,125.44,36.18279569892473,residential,False,25,6185036192
6199802353,247264758,30.24,36.18279569892473,residential,False,31,6185036192
6199802353,6199802351,125.44,36.18279569892473,residential,False,17,6185036192
6199802353,247264760,100.45,36.18279569892473,residential,False,18,6185036192
6199802354,471316516,88.22,36.18279569892473,residential,False,35,6185036192
6199802357,471184383,43.77,36.18279569892473,residential,False,14,6185036192
6199802359,471180158,138.66,36.18279569892473,residential,False,21,6185036192
6199802362,471180150,57.1,36.18279569892473,residential,False,25,6185036192
6199802365,6199802370,103.11,36.18279569892473,residential,False,32,6185036192
6199802368,6199802370,108.04,36.18279569892473,residential,False,21,6185036192
6199802370,471316428,55.24,36.18279569892473,residential,False,19,6185036192
6199802370,6199802365,103.11,36.18279569892473,residential,False,10,6185036192
6199802370,6199802368,108.04,36.18279569892473,residential,False,30,6185036192
6199802379,6906847314,127.8,36.18279569892473,residential,False,29,6185036192
6199802379,471184295,31.14,36.18279569892473,residential,False,11,6185036192
6199802379,6906847326,176.14,36.18279569892473,residential,False,33,6185036192
6199813885,6906847295,87.2,36.18279569892473,residential,False,31,6185036192
6199813885,471184354,77.09,36.18279569892473,residential,False,35,6185036192
6199813885,471184357,63.69,36.18279569892473,residential,False,11,6185036192
6199813903,471180029,48.29,36.18279569892473,residential,False,32,6185036192
6199813904,6199813908,76.91,36.18279569892473,residential,False,35,6185036192
6199813908,471180009,207.0,36.18279569892473,residential,False,31,6185036192
6199813908,471179993,100.42,36.18279569892473,residential,False,17,6185036192
6199813908,6199813904,76.91,36.18279569892473,residential,False,18,6185036192
6199813909,6199813912,55.49,36.18279569892473,residential,False,27,6185036192
6199813909,6199813913,43.53,36.18279569892473,residential,False,22,6185036192
6199813909,6199813911,89.74,36.18279569892473,residential,False,19,6185036192
6199813911,6199813909,89.74,36.18279569892473,residential,False,30,6185036192
6199813912,471180029,36.1,36.18279569892473,residential,False,32,6185036192
6199813912,6199813909,55.49,36.18279569892473,residential,False,21,6185036192
6199813912,471180009,279.35,36.18279569892473,residential,False,35,6185036192
6199813913,6199813909,43.53,36.18279569892473,residential,False,31,6185036192
6209910721,4887395331,20.09,36.18279569892473,residential,False,13,256619924
6209910721,6209910722,61.02,36.18279569892473,residential,False,27,256619924
6209910721,302334605,89.7,36.18279569892473,residential,False,17,256619924
6209910722,6209910721,61.02,36.18279569892473,residential,False,24,256619924
6209982112,6209982113,66.2,36.18279569892473,residential,False,22,256619924
6209982112,89026293,65.29,36.18279569892473,residential,False,10,256619924
6209982113,89027309,47.86,36.18279569892473,residential,False,22,82703794
6210026674,3659891017,89.78,36.18279569892473,residential,False,18,256619924
6210026674,3104012022,91.21,36.18279569892473,residential,False,19,256619924
6210026674,6210026675,64.59,36.18279569892473,residential,False,12,256619924
6210026675,6210026674,64.59,36.18279569892473,residential,False,34,256619924
6212861942,6879112115,17.43,36.18279569892473,residential,False,17,11346035713
6212861942,146265003,122.03,36.18279569892473,residential,False,19,11346035713
6212861942,301396727,56.21,36.18279569892473,residential,False,16,11346035713
6212861943,32271693,27.08,36.18279569892473,residential,False,15,11346035713
6212861943,6368848272,37.42,36.18279569892473,residential,False,24,11346035713
6212861943,12743663758,104.07,36.18279569892473,residential,False,30,11346035713
6213047816,6213047826,26.55,36.18279569892473,residential,False,20,82903274
6213047816,6213047832,16.91,36.18279569892473,residential,False,35,82903274
6213047816,316055374,96.85,36.18279569892473,residential,False,34,82903274
6213047817,3430402461,136.0,36.18279569892473,residential,False,30,82903274
6213047817,3428376384,16.21,36.18279569892473,residential,False,23,82903274
6213047817,6213047823,164.56,36.18279569892473,residential,False,35,82903274
6213047823,6213047817,164.56,36.18279569892473,residential,False,11,82903274
6213047826,6213047816,26.55,36.18279569892473,residential,False,18,82903274
6213047828,316055368,106.42,36.18279569892473,residential,False,12,82903274
6213047832,6213047816,16.91,36.18279569892473,residential,False,34,82903274
6213201101,12922458955,49.77,36.18279569892473,residential,False,25,11253757267
6213339698,83713911,59.65,36.18279569892473,residential,False,25,93731379
6213567544,301393547,16.85,36.18279569892473,residential,False,33,11346035713
6218190643,6184996382,119.59,36.18279569892473,residential,False,23,147963281
6218304442,301869693,59.2,36.18279569892473,residential,False,20,147963281
6218304445,301860889,43.59,36.18279569892473,residential,False,32,147963281
6218338133,301958277,97.82,36.18279569892473,residential,False,23,105814816
6218338133,6218338134,15.67,36.18279569892473,residential,False,13,105814816
6218338133,6365582255,57.17,36.18279569892473,residential,False,15,105814816
6218338134,6365602163,57.66,36.18279569892473,residential,False,32,105814816
6218338134,6365510043,34.66,36.18279569892473,residential,False,18,105814816
6218338134,6218338133,15.67,36.18279569892473,residential,False,26,105814816
6218338137,301951775,116.6,36.18279569892473,residential,False,12,105814816
6218350369,301951779,81.75,36.18279569892473,residential,False,21,6218659532
6218424261,301959929,89.5,40.0,tertiary,False,23,6185036192
6218424261,1472504929,52.26,40.0,tertiary,False,29,6185036192
6218424261,6218424263,102.45,50.0,residential,False,33,6185036192
6218424263,6218424261,102.45,50.0,residential,False,27,6185036192
6218443985,6218443992,33.76,36.18279569892473,residential,False,33,6185036192
6218443985,6363394901,18.91,36.18279569892473,residential,False,20,6185036192
6218443985,2107389672,40.44,36.18279569892473,residential,False,24,6185036192
6218443987,13058623072,77.05,36.18279569892473,residential,False,32,6185036192
6218443990,6363394901,24.88,36.18279569892473,residential,False,10,6185036192
6218443992,6218443985,33.76,36.18279569892473,residential,False,34,6185036192
6218611514,6185022096,176.23,36.18279569892473,residential,False,11,6218659532
6218659532,301953103,48.81,36.18279569892473,residential,False,30,6218659532
6218712586,301953168,14.0,36.18279569892473,residential,False,30,6218659532
6218732453,147967422,37.19,36.18279569892473,residential,False,15,147963281
6218732455,301947224,73.6,36.18279569892473,residential,False,30,147963281
6218732455,301947218,97.12,36.18279569892473,residential,False,24,147963281
6218732455,301947704,134.85,36.18279569892473,residential,False,35,147963281
6218732456,6366242125,49.65,36.18279569892473,residential,False,30,147963281
6218782144,6218782145,59.04,36.18279569892473,residential,False,14,147963281
6218782145,301861437,17.58,36.18279569892473,residential,False,10,147963281
6218782145,147965093,80.17,36.18279569892473,residential,False,22,147963281
6218782145,6218782144,59.04,36.18279569892473,residential,False,16,147963281
6218794616,147963694,41.0,36.18279569892473,residential,False,30,147963281
6218794616,147963681,204.42,36.18279569892473,residential,False,19,147963281
6218794616,6218794618,44.54,36.18279569892473,residential,False,20,147963281
6218794618,6218794616,44.54,36.18279569892473,residential,False,28,147963281
6218835369,147956102,58.84,36.18279569892473,residential,False,12,6218659532
6218835369,6218852128,132.19,36.18279569892473,residential,False,13,6218659532
6218835369,6218835371,25.26,36.18279569892473,residential,False,15,6218659532
6218835370,105813212,21.35,36.18279569892473,residential,False,17,147963281
6218835370,6218835373,55.12,36.18279569892473,residential,False,26,147963281
6218835370,301949049,85.35,36.18279569892473,residential,False,32,147963281
6218835371,6218835369,25.26,36.18279569892473,residential,False,34,6218659532
6218835372,301950204,26.37,36.18279569892473,residential,False,30,6218659532
6218835373,6218835370,55.12,36.18279569892473,residential,False,34,147963281
6218852127,6218852128,40.74,36.18279569892473,residential,False,14,6218659532
6218852128,147955593,61.98,36.18279569892473,residential,False,29,6218659532
6218852128,6218852127,40.74,36.18279569892473,residential,False,31,6218659532
6218852128,6218835369,132.19,36.18279569892473,residential,False,23,6218659532
6218852128,6997256845,112.06,36.18279569892473,residential,False,35,6218659532
6218852130,301950204,49.13,36.18279569892473,residential,False,20,6218659532
6218852130,6218852131,34.37,36.18279569892473,residential,False,24,6218659532
6218852130,301950207,97.54,36.18279569892473,residential,False,25,6218659532
6218852131,6218852130,34.37,36.18279569892473,residential,False,33,6218659532
6218911809,105812535,98.76,36.18279569892473,residential,False,14,147963281
6218987285,6218987287,136.03,36.18279569892473,residential,False,18,301954258
6218987285,105814672,130.61,36.18279569892473,residential,False,15,301954258
6218987285,12890253493,42.99,36.18279569892473,residential,False,31,301954258
6218987287,6218987285,136.03,36.18279569892473,residential,False,28,301954258
6219018578,147929912,21.54,36.18279569892473,residential,False,20,301954258
6219018578,84552411,55.09,36.18279569892473,residential,False,35,301954258
6219018578,2113092294,89.68,36.18279569892473,residential,False,19,301954258
6220417271,6220417272,44.03,36.18279569892473,residential,False,16,6185036192
6220417272,301959108,6.49,36.18279569892473,residential,False,12,6185036192
6220417272,6220417271,44.03,36.18279569892473,residential,False,23,6185036192
6220417272,6871806932,216.96,36.18279569892473,residential,False,21,6185036192
6220523144,2108503238,160.2,36.18279569892473,residential,False,15,6185036192
6220523144,88966003,49.07,36.18279569892473,residential,False,22,6185036192
6220523144,6363164953,193.3,36.18279569892473,residential,False,22,6185036192
6220606122,6220606125,19.73,36.18279569892473,residential,False,28,6185036192
6220606122,88970847,102.58,36.18279569892473,residential,False,17,6185036192
6220606122,6907277760,1007.61,36.18279569892473,residential,False,10,6185036192
6220606125,89082918,17.99,36.18279569892473,residential,False,10,6185036192
6220606125,6220606122,19.73,36.18279569892473,residential,False,27,6185036192
6220606125,6220606126,105.29,36.18279569892473,residential,False,30,6185036192
6220606126,6220606125,105.29,36.18279569892473,residential,False,29,6185036192
6222395645,386876195,63.12,36.18279569892473,residential,False,30,386876240
6222395647,386876193,87.75,36.18279569892473,residential,False,17,386876240
6222395648,6222395651,81.53,36.18279569892473,residential,False,12,90214098
6222395651,6222395648,81.53,36.18279569892473,residential,False,24,90214098
6222395651,82701965,59.83,53.482142857142854,secondary,False,16,90214098
6222395651,90205971,39.27,53.482142857142854,secondary,False,18,90214098
6222422940,386899672,29.95,36.18279569892473,residential,False,32,386876240
6222438091,1828284519,54.38,36.18279569892473,residential,False,15,90214098
6222459367,386883909,29.21,36.18279569892473,residential,False,11,7098591540
6222459367,6883668217,140.52,20.0,living_street,False,22,7098591540
6222459367,6360341628,48.31,36.18279569892473,residential,False,29,7098591540
6222563285,6222563287,151.95,36.18279569892473,residential,False,23,388276886
6222563285,388277762,107.52,30.0,residential,False,29,388276886
6222563285,93736189,73.82,36.18279569892473,residential,False,18,388276886
6222563286,388278204,28.43,36.18279569892473,residential,False,14,82686004
6222563286,388278153,25.04,36.18279569892473,residential,False,12,82686004
6222563286,93736197,86.5,36.18279569892473,residential,False,21,82686004
6222563287,6222563285,151.95,36.18279569892473,residential,False,15,388276886
6222587392,6222587393,14.53,36.18279569892473,residential,False,28,90214098
6222587393,90214098,12.51,36.18279569892473,residential,False,13,90214098
6222587393,6222587392,14.53,36.18279569892473,residential,False,10,90214098
6222587393,90212490,77.93,36.18279569892473,residential,False,32,90214098
6222587394,301373738,20.07,36.18279569892473,residential,False,26,90214098
6222592512,320045101,56.5,20.0,living_street,False,23,90214098
6222664867,82619372,105.16,36.18279569892473,residential,False,34,320981769
6222698235,89055942,88.09,44.02390438247012,tertiary,False,24,82703794
6222698235,673754246,113.22,36.18279569892473,residential,False,31,82703794
6222747911,1333834427,25.55,36.18279569892473,residential,False,25,12908641424
6222835831,12908641421,11.55,36.18279569892473,residential,False,13,12908641424
6222835831,11189596245,208.44,36.18279569892473,residential,False,17,12908641424
6222835831,6222835833,157.93,36.18279569892473,residential,False,32,12908641424
6222835832,1326827196,100.51,36.18279569892473,residential,False,16,12908641424
6222835832,6222835833,59.51,36.18279569892473,residential,False,16,12908641424
6222835833,12908641424,9.37,36.18279569892473,residential,False,35,12908641424
6222835833,6222835832,59.51,36.18279569892473,residential,False,18,12908641424
6222886939,6222886940,201.68,36.18279569892473,residential,False,19,256619924
6222886939,469167673,107.09,36.18279569892473,residential,False,33,256619924
6222886939,12898526852,113.98,36.18279569892473,residential,False,25,256619924
6222886940,469167686,92.87,36.18279569892473,residential,False,22,256619924
6222886940,6222886939,201.68,36.18279569892473,residential,False,14,256619924
6222886940,12898526847,100.65,36.18279569892473,residential,False,23,256619924
6234746909,2909347859,67.98,36.18279569892473,residential,False,16,6185036192
6234746909,2108505317,45.94,30.0,residential,False,29,6185036192
6234746909,2909347860,48.72,30.0,residential,False,16,6185036192
6235090406,82625123,16.25,36.18279569892473,residential,False,19,320050383
6235090406,82701724,116.78,36.18279569892473,residential,False,33,320050383
6235090406,6235090422,83.15,20.0,living_street,False,31,320050383
6235090422,6235090406,83.15,20.0,living_street,False,16,320050383
6242187793,1969792195,44.62,20.0,living_street,False,23,147963281
6242187793,1969792193,41.21,20.0,living_street,False,15,147963281
6242187793,301949550,37.93,36.18279569892473,residential,False,23,147963281
6242859855,6394358407,267.68,36.18279569892473,residential,False,35,256619924
6284322250,2108563638,125.49,36.18279569892473,residential,False,14,6185036192
6351537815,90202355,138.92,53.482142857142854,secondary,False,10,90214098
6351537818,6351537815,15.89,51.36889705201475,secondary_link,False,19,90214098
6351537818,82625135,25.75,53.482142857142854,secondary,False,18,90214098
6352266627,386896729,104.51,36.18279569892473,residential,False,17,386876240
6352715814,6352715816,34.2,20.0,living_street,False,29,320981769
6352715816,82619397,30.05,36.18279569892473,residential,False,24,320981769
6352715816,6352715818,43.66,36.18279569892473,residential,False,17,320981769
6352715816,6352715814,34.2,20.0,living_street,False,21,320981769
6352715817,6352715818,27.24,20.0,living_street,False,28,320981769
6352715818,6352715817,27.24,20.0,living_street,False,31,320981769
6352715818,6352715816,43.66,36.18279569892473,residential,False,30,320981769
6352715818,1474118433,128.58,36.18279569892473,residential,False,24,320981769
6352715821,1474118433,103.38,36.18279569892473,residential,False,12,320981769
6352865198,1828284519,44.58,36.18279569892473,residential,False,10,90214098
6352865198,6352865199,70.7,20.0,living_street,False,25,90214098
6352865198,6190850809,53.49,36.18279569892473,residential,False,14,90214098
6352865199,6352865198,70.7,20.0,living_street,False,20,90214098
6352970494,386878737,8.85,36.18279569892473,residential,False,32,386876240
6352970494,386878784,84.35,36.18279569892473,residential,False,22,386876240
6352970494,6352970497,84.55,36.18279569892473,residential,False,31,386876240
6352970497,6352970494,84.55,36.18279569892473,residential,False,16,386876240
6353186425,6353186427,63.98,36.18279569892473,residential,False,32,388276886
6353186427,6353186430,20.04,36.18279569892473,residential,False,22,388276886
6353186427,388277254,176.85,36.18279569892473,residential,False,32,388276886
6353186427,6353186425,63.98,36.18279569892473,residential,False,23,388276886
6353186429,6353186430,50.87,36.18279569892473,residential,False,33,388276886
6353186430,388277306,36.86,36.18279569892473,residential,False,29,388276886
6353186430,6353186427,20.04,36.18279569892473,residential,False,18,388276886
6353186430,6353186429,50.87,36.18279569892473,residential,False,12,388276886
6354459865,89045081,22.62,36.18279569892473,residential,False,13,320981769
6354459865,254990421,43.41,36.18279569892473,residential,False,27,320981769
6354459865,89042226,169.73,36.18279569892473,residential,False,11,320981769
6354463624,12905666610,51.57,36.18279569892473,residential,False,11,90214098
6354463624,386889656,50.95,36.18279569892473,residential,False,20,90214098
6354463624,3756691120,179.1,36.18279569892473,residential,False,17,90214098
6354554756,254983068,10.73,36.18279569892473,residential,False,25,320981769
6354554756,6354554771,40.01,36.18279569892473,residential,False,21,320981769
6354554756,2445846872,17.01,36.18279569892473,residential,False,29,320981769
6354554771,89044971,40.53,36.18279569892473,residential,False,31,320981769
6354554771,82702463,67.02,36.18279569892473,residential,False,35,320981769
6354554771,6354554756,40.01,36.18279569892473,residential,False,29,320981769
6354570656,82655496,470.96,36.18279569892473,residential,False,32,256619924
6354570656,3104550583,47.24,36.18279569892473,residential,False,33,256619924
6354570656,90238323,550.32,44.02390438247012,tertiary,False,35,256619924
6354570656,82656138,229.79,44.02390438247012,tertiary,False,11,256619924
6354820890,386876168,97.13,36.18279569892473,residential,False,10,90214098
6354820890,386889508,17.52,36.18279569892473,residential,False,18,90214098
6354820890,386876086,146.65,36.18279569892473,residential,False,26,90214098
6354917843,6354917845,35.05,36.18279569892473,residential,False,29,388276886
6354917845,904972369,39.23,36.18279569892473,residential,False,22,388276886
6354917845,388277720,156.21,36.18279569892473,residential,False,19,388276886
6354917845,6354917843,35.05,36.18279569892473,residential,False,22,388276886
6355024132,6355024135,23.31,36.18279569892473,residential,False,31,388276886
6355024135,320068032,4.17,36.18279569892473,residential,False,21,388276886
6355024135,320067944,110.66,36.18279569892473,residential,False,14,388276886
6355024135,6355024132,23.31,36.18279569892473,residential,False,27,388276886
6355024136,904972369,40.59,36.18279569892473,residential,False,11,388276886
6355395241,388278111,30.97,36.18279569892473,residential,False,28,82686004
6355395241,388277973,114.24,36.18279569892473,residential,False,15,82686004
6355395241,388278703,150.68,36.18279569892473,residential,False,18,82686004
6355421110,93739029,84.4,36.18279569892473,residential,False,15,82686004
6355421110,4195988103,103.36,36.18279569892473,residential,False,26,82686004
6355421110,256759939,164.1,36.18279569892473,residential,False,25,82686004
6360261795,388277019,93.63,36.18279569892473,residential,False,20,388276886
6360261795,6360261800,36.89,36.18279569892473,residential,False,24,388276886
6360261795,6978439493,57.39,36.18279569892473,residential,False,14,388276886
6360261800,12886704046,34.4,36.18279569892473,residential,False,12,388276886
6360261800,6360261795,36.89,36.18279569892473,residential,False,20,388276886
6360261800,388276983,24.19,36.18279569892473,residential,False,32,388276886
6360286136,4587905029,406.78,36.18279569892473,residential,False,26,386876240
6360286136,12886577751,268.06,36.18279569892473,residential,False,23,386876240
6360286136,388277024,116.67,36.18279569892473,residential,False,14,386876240
6360341628,6222459367,48.31,36.18279569892473,residential,False,18,7098591540
6360811541,93736224,37.08,36.18279569892473,residential,False,13,82686004
6360811544,6360811548,68.62,36.18279569892473,residential,False,20,82686004
6360811548,256759282,7.64,36.18279569892473,residential,False,11,82686004
6360811548,93736224,127.31,36.18279569892473,residential,False,14,82686004
6360811548,6360811544,68.62,36.18279569892473,residential,False,25,82686004
6360900325,6360900326,64.45,36.18279569892473,residential,False,18,6185036192
6360900326,2108504154,31.03,30.0,residential,False,33,6185036192
6360900326,6360900328,22.34,30.0,residential,False,21,6185036192
6360900326,6360900325,64.45,36.18279569892473,residential,False,23,6185036192
6360900328,6360900326,22.34,30.0,residential,False,19,6185036192
6360900328,2909347867,74.26,30.0,residential,False,18,6185036192
6360900328,6401044295,108.97,36.18279569892473,residential,False,29,6185036192
6361026342,301948416,9.7,36.18279569892473,residential,False,34,147963281
6361026342,301948111,39.77,36.18279569892473,residential,False,18,147963281
6361026342,6997256876,96.54,36.18279569892473,residential,False,26,147963281
6361061083,2284760636,10.81,40.0,secondary,False,20,6185036192
6361061083,88970527,195.48,40.0,secondary,False,23,6185036192
6361061083,2284760596,23.63,44.02390438247012,tertiary,False,15,6185036192
6361061084,6361078571,121.19,40.0,secondary,False,20,6185036192
6361061084,2284760636,32.14,40.0,secondary,False,33,6185036192
6361078559,6907153933,758.5,36.18279569892473,residential,False,25,6185036192
6361078559,6361078571,237.67,36.18279569892473,residential,False,34,6185036192
6361078559,12951673913,312.5,36.18279569892473,residential,False,14,6185036192
6361078571,6361099684,582.05,40.0,secondary,False,27,6185036192
6361078571,6361061084,121.19,40.0,secondary,False,31,6185036192
6361078571,6361078559,237.67,36.18279569892473,residential,False,30,6185036192
6361099654,6361099677,321.15,36.18279569892473,residential,False,35,6185036192
6361099677,88970554,78.25,53.482142857142854,secondary,False,24,6185036192
6361099677,6361099684,497.33,53.482142857142854,secondary,False,11,6185036192
6361099677,6361099654,321.15,36.18279569892473,residential,False,16,6185036192
6361099681,6907277716,582.79,45.0,unclassified,False,14,6185036192
6361099681,6361099684,114.06,45.0,unclassified,False,11,6185036192
6361099681,13907032327,61.99,45.0,unclassified,False,17,6185036192
6361099684,6361099677,497.33,53.482142857142854,secondary,False,15,6185036192
6361099684,6361078571,582.05,40.0,secondary,False,11,6185036192
6361099684,6361099681,114.06,45.0,unclassified,False,25,6185036192
6361282591,6361282593,48.64,36.18279569892473,residential,False,18,82903274
6361282593,13204877868,75.9,36.18279569892473,residential,False,15,82903274
6361282593,93736238,60.17,36.18279569892473,residential,False,32,82903274
6361282593,6361282591,48.64,36.18279569892473,residential,False,24,82903274
6361327949,316055374,21.81,20.0,living_street,False,23,82903274
6361346385,2105997908,16.49,36.18279569892473,residential,False,13,6185036192
6361346385,2121850879,15.57,36.18279569892473,residential,False,25,6185036192
6361346385,6906757451,61.69,36.18279569892473,residential,False,11,6185036192
6361377220,316055367,41.64,36.18279569892473,residential,False,24,82903274
6361377220,93736238,51.91,36.18279569892473,residential,False,21,82903274
6361377220,11175089868,139.23,36.18279569892473,residential,False,32,82903274
6361381093,88962291,86.46,36.18279569892473,residential,False,27,6185036192
6361381098,6361381101,160.1,36.18279569892473,residential,False,25,6185036192
6361381101,88960697,19.53,44.02390438247012,tertiary,False,24,6185036192
6361381101,88962292,43.55,44.02390438247012,tertiary,False,25,6185036192
6361381101,6361381098,160.1,36.18279569892473,residential,False,13,6185036192
6362747573,6199657207,14.94,36.18279569892473,residential,False,33,6185036192
6362747573,6362747574,99.94,36.18279569892473,residential,False,14,6185036192
6362747573,2108504067,469.91,36.18279569892473,residential,False,13,6185036192
6362747574,6362747573,99.94,36.18279569892473,residential,False,21,6185036192
6362750700,88962292,52.05,36.18279569892473,residential,False,12,6185036192
6362840693,88966003,5.62,36.18279569892473,residential,False,16,6185036192
6362840693,2108503247,46.23,36.18279569892473,residential,False,19,6185036192
6362840693,88966005,103.99,36.18279569892473,residential,False,15,6185036192
6363090685,2108563638,19.62,36.18279569892473,residential,False,15,6185036192
6363090685,13058623072,266.39,36.18279569892473,residential,False,33,6185036192
6363090685,1300528007,434.03,36.18279569892473,residential,False,26,6185036192
6363164919,6363164925,95.79,36.18279569892473,residential,False,18,6185036192
6363164925,88965133,33.37,36.18279569892473,residential,False,28,6185036192
6363164925,6199657192,213.15,36.18279569892473,residential,False,31,6185036192
6363164925,6363164919,95.79,36.18279569892473,residential,False,28,6185036192
6363164952,88966884,83.45,36.18279569892473,residential,False,16,6185036192
6363164953,88966005,22.65,36.18279569892473,residential,False,28,6185036192
6363164953,88966007,43.58,36.18279569892473,residential,False,10,6185036192
6363164953,6220523144,193.3,36.18279569892473,residential,False,26,6185036192
6363346284,2025312657,10.64,44.02390438247012,tertiary,False,34,11253757267
6363346284,90310898,94.24,44.02390438247012,tertiary,True,28,11253757267
6363346390,83738933,8.28,36.18279569892473,residential,False,15,11253757267
6363346390,6363346392,108.15,50.0,tertiary,False,23,11253757267
6363346390,13322076221,151.7,36.18279569892473,residential,False,12,11253757267
6363346392,82898904,8.11,36.18279569892473,residential,False,17,11253757267
6363346392,6967286695,152.0,50.0,tertiary,False,34,11253757267
6363394901,2107389655,8.35,36.18279569892473,residential,False,25,6185036192
6363394901,6218443990,24.88,36.18279569892473,residential,False,31,6185036192
6363394901,6218443985,18.91,36.18279569892473,residential,False,13,6185036192
6363523400,6363523401,48.14,36.18279569892473,residential,False,20,6185036192
6363523401,301959643,35.49,36.18279569892473,residential,False,10,6185036192
6363523401,6363523400,48.14,36.18279569892473,residential,False,19,6185036192
6363523401,6906509693,239.86,36.18279569892473,residential,False,31,6185036192
6363523402,147915550,98.36,36.18279569892473,residential,False,31,6185036192
6363611463,301951724,95.6,36.18279569892473,residential,False,13,6185036192
6363680251,256385933,9.53,36.18279569892473,residential,False,22,11253757267
6363680251,82621920,7.24,36.18279569892473,residential,False,21,11253757267
6363680251,6396808158,139.18,36.18279569892473,residential,False,28,11253757267
6363700404,6363700405,7.33,36.18279569892473,residential,False,13,93731379
6363700404,2502581408,54.86,36.18279569892473,residential,False,20,93731379
6363700404,83720534,266.38,36.18279569892473,residential,False,14,93731379
6363700405,6363700404,7.33,36.18279569892473,residential,False,10,93731379
6363700405,4900571136,299.14,36.18279569892473,residential,False,12,93731379
6363700405,6970320274,193.27,40.0,residential,False,24,93731379
6363700414,1397581676,53.5,36.18279569892473,residential,False,32,11253757267
6363700414,10970002964,8.34,36.18279569892473,residential,False,31,11253757267
6364788666,6364788670,77.7,36.18279569892473,residential,False,25,6185036192
6364788670,6364788666,77.7,36.18279569892473,residential,False,24,6185036192
6364788670,6364788674,88.12,36.18279569892473,residential,False,30,6185036192
6364788670,6871820245,55.78,36.18279569892473,residential,False,18,6185036192
6364788674,301959108,68.84,36.18279569892473,residential,False,29,6185036192
6364788674,88959247,103.73,36.18279569892473,residential,False,31,6185036192
6364788674,6364788670,88.12,36.18279569892473,residential,False,10,6185036192
6364788683,301959108,132.51,36.18279569892473,residential,False,20,6185036192
6365113092,301951779,11.05,36.18279569892473,residential,False,11,6218659532
6365113092,2107413447,236.93,36.18279569892473,residential,False,30,6218659532
6365113092,6993967908,37.61,36.18279569892473,residential,False,29,6218659532
6365280026,105817583,90.8,36.18279569892473,residential,False,24,105814816
6365316762,301958290,30.94,36.18279569892473,residential,False,20,105814816
6365316762,6882299249,116.87,36.18279569892473,residential,False,33,105814816
6365316762,6993962016,116.19,36.18279569892473,residential,False,33,105814816
6365397295,84552782,100.54,60.0,secondary,True,35,147963281
6365397295,3860936512,16.27,60.0,secondary,False,28,147963281
6365442396,83549433,10.33,50.0,tertiary,True,14,93731379
6365442396,1231487712,190.95,50.0,primary,False,16,93731379
6365509078,7264982142,96.19,36.18279569892473,residential,False,11,105814816
6365509078,301958531,109.91,36.18279569892473,residential,False,35,105814816
6365509078,12887966514,117.4,36.18279569892473,residential,False,30,105814816
6365509078,6394696596,94.88,36.18279569892473,residential,False,19,105814816
6365509081,6365509987,58.02,36.18279569892473,residential,False,20,105814816
6365509081,7264982142,82.97,36.18279569892473,residential,False,35,105814816
6365509081,12898792528,35.7,36.18279569892473,residential,False,11,105814816
6365509987,301958417,97.73,36.18279569892473,residential,False,33,105814816
6365509987,6365509081,58.02,36.18279569892473,residential,False,12,105814816
6365509987,11337891911,69.99,36.18279569892473,residential,False,27,105814816
6365510034,12887966519,140.83,36.18279569892473,residential,False,29,105814816
6365510034,301958531,93.99,36.18279569892473,residential,False,22,105814816
6365510034,301958520,292.87,36.18279569892473,residential,False,12,105814816
6365510043,6218338134,34.66,36.18279569892473,residential,False,22,105814816
6365510043,301958094,98.15,36.18279569892473,residential,False,18,105814816
6365510043,6909877288,31.57,36.18279569892473,residential,False,15,105814816
6365510048,6365510049,43.45,36.18279569892473,residential,False,17,105814816
6365510048,6913123875,47.5,36.18279569892473,residential,False,34,105814816
6365510048,6871806947,109.48,36.18279569892473,residential,False,22,105814816
6365510049,6365510048,43.45,36.18279569892473,residential,False,12,105814816
6365510049,301958531,187.51,36.18279569892473,residential,False,10,105814816
6365510049,105817739,231.24,36.18279569892473,residential,False,16,105814816
6365582255,6218338133,57.17,36.18279569892473,residential,False,15,105814816
6365602163,301958648,225.84,36.18279569892473,residential,False,22,105814816
6365602163,6218338134,57.66,36.18279569892473,residential,False,34,105814816
6365602163,6394696596,23.37,36.18279569892473,residential,False,22,105814816
6365819852,82674417,7.19,60.0,secondary,True,19,93731379
6365819852,60969632,152.17,44.02390438247012,tertiary,True,30,93731379
6365918818,12887966502,14.77,60.0,primary,False,34,105814816
6365918818,12890173490,183.97,36.18279569892473,residential,False,30,105814816
6365918818,105817739,76.11,60.0,primary,False,14,105814816
6366102204,83717567,5.38,36.18279569892473,residential,True,13,11346035713
6366102204,301394719,62.31,36.18279569892473,residential,False,19,11346035713
6366102204,12908576997,17.98,36.18279569892473,residential,False,25,11346035713
6366146268,320324939,330.73,50.0,tertiary,False,35,93731379
6366219851,301430689,65.1,60.0,secondary,False,23,93731379
6366219851,2384646038,205.96,60.0,secondary,False,33,93731379
6366242114,301867814,104.9,36.18279569892473,residential,False,35,147963281
6366242114,84554312,16.43,50.0,tertiary,False,19,147963281
6366242114,301862863,149.45,50.0,tertiary,False,31,147963281
6366242124,147967424,167.88,36.18279569892473,residential,False,29,147963281
6366242125,147967422,79.15,36.18279569892473,residential,False,14,147963281
6366242125,12907533438,129.67,36.18279569892473,residential,False,21,147963281
6366242125,6218732456,49.65,36.18279569892473,residential,False,31,147963281
6366265940,6366265944,78.02,36.18279569892473,residential,False,13,301954258
6366265944,2113092295,30.35,36.18279569892473,residential,False,21,301954258
6366265944,6367880461,28.8,36.18279569892473,residential,False,26,301954258
6366265944,6366265940,78.02,36.18279569892473,residential,False,16,301954258
6366272720,83737009,50.01,50.0,unclassified,False,25,105814816
6366272720,11640881514,51.03,45.0,unclassified,False,24,105814816
6366272725,773003993,7.97,53.482142857142854,secondary,False,22,93731379
6366272725,567542729,53.56,36.18279569892473,residential,False,25,93731379
6366272725,12091725458,88.95,53.482142857142854,secondary,False,18,93731379
6366272727,11113476526,8.22,36.18279569892473,residential,False,28,93731379
6366272727,11113476537,306.88,50.0,tertiary,False,29,93731379
6366272728,914251763,223.04,44.02390438247012,tertiary,False,23,93731379
6366272728,11113476545,21.91,44.02390438247012,tertiary,False,12,93731379
6366272729,11113476531,19.19,36.18279569892473,residential,False,34,93731379
6366272729,6970430341,76.5,36.18279569892473,residential,False,23,93731379
6366272731,1923856759,185.57,40.0,residential,True,35,93731379
6366272731,11113476543,24.81,40.0,residential,False,21,93731379
6366272736,147963281,442.29,60.0,secondary,False,29,147963281
6366272736,3860936507,17.73,60.0,secondary,False,15,147963281
6366272748,6366272750,64.6,36.18279569892473,residential,False,23,147963281
6366272750,6366272748,64.6,36.18279569892473,residential,False,30,147963281
6366272750,12922997937,171.21,60.0,secondary,False,23,147963281
6366272750,147963281,72.69,60.0,secondary,False,12,147963281
6366284782,6366284783,40.53,36.18279569892473,residential,False,11,105814816
6366284783,301957113,14.82,36.18279569892473,residential,False,26,105814816
6366284783,6366284782,40.53,36.18279569892473,residential,False,20,105814816
6366284783,301956958,67.67,36.18279569892473,residential,False,24,105814816
6366284784,6366289686,38.59,36.18279569892473,residential,False,31,105814816
6366289686,6367880461,30.79,36.18279569892473,residential,False,17,105814816
6366289686,301956958,62.07,36.18279569892473,residential,False,30,105814816
6366289686,6366284784,38.59,36.18279569892473,residential,False,31,105814816
6367793481,6367793483,50.7,36.18279569892473,residential,False,32,105814816
6367793483,12890290706,57.17,60.0,secondary,False,14,105814816
6367793483,105814816,81.9,60.0,secondary,False,25,105814816
6367793483,6367793481,50.7,36.18279569892473,residential,False,26,105814816
6367808650,6367808652,72.28,36.18279569892473,residential,False,30,105814816
6367808652,84551882,50.81,36.18279569892473,residential,False,30,105814816
6367808652,84551877,126.33,36.18279569892473,residential,False,26,105814816
6367808652,6367808650,72.28,36.18279569892473,residential,False,12,105814816
6367880459,6367880461,42.22,36.18279569892473,residential,False,19,105814816
6367880461,6366289686,30.79,36.18279569892473,residential,False,24,105814816
6367880461,6366265944,28.8,36.18279569892473,residential,False,23,105814816
6367880461,6367880459,42.22,36.18279569892473,residential,False,12,105814816
6368067213,6865147006,18.52,36.18279569892473,residential,False,35,82903274
6368067213,1392140868,299.39,60.0,primary,False,25,82903274
6368067213,6368067241,31.37,54.67289719626168,primary,False,19,82903274
6368067230,82622564,6.68,44.02390438247012,tertiary,False,14,82903274
6368067230,6368143955,109.42,53.482142857142854,secondary,False,14,82903274
6368067241,6368067242,6.33,54.67289719626168,primary,False,31,82903274
6368067242,6368279414,317.42,60.0,secondary,False,19,82903274
6368067242,6368067244,17.41,54.67289719626168,primary,False,17,82903274
6368067244,82621727,4.41,54.67289719626168,primary,False,26,82903274
6368067245,6579136827,17.29,54.67289719626168,primary,False,23,82903274
6368143951,1679340109,162.02,30.0,residential,False,19,82903274
6368143951,6368143956,122.17,53.482142857142854,secondary,False,28,82903274
6368143955,2119557114,92.98,36.18279569892473,residential,False,11,82903274
6368143955,6368143951,187.95,53.482142857142854,secondary,False,27,82903274
6368143956,82622564,418.39,53.482142857142854,secondary,False,12,82903274
6368143956,82623569,186.31,50.0,secondary,False,11,82903274
6368279414,6368067230,181.44,60.0,secondary,False,26,82903274
6368279414,12901553900,15.25,36.18279569892473,residential,False,13,82903274
6368279418,12901553900,111.4,36.18279569892473,residential,False,26,82903274
6368610583,6368610985,47.42,36.18279569892473,residential,False,23,6218659532
6368610985,6368610996,18.58,36.18279569892473,residential,False,23,6218659532
6368610985,301953073,15.54,36.18279569892473,residential,False,13,6218659532
6368610985,6368610583,47.42,36.18279569892473,residential,False,24,6218659532
6368610986,6368610989,59.48,36.18279569892473,residential,False,31,6218659532
6368610989,105806695,3.42,36.18279569892473,residential,False,33,6218659532
6368610989,6368649406,53.75,36.18279569892473,residential,False,28,6218659532
6368610989,6368610986,59.48,36.18279569892473,residential,False,18,6218659532
6368610990,6368610993,69.56,36.18279569892473,residential,False,21,6218659532
6368610993,105806695,33.2,36.18279569892473,residential,False,18,6218659532
6368610993,6368610996,28.93,36.18279569892473,residential,False,28,6218659532
6368610993,6368610990,69.56,36.18279569892473,residential,False,12,6218659532
6368610994,6368610996,37.93,36.18279569892473,residential,False,34,6218659532
6368610996,6368610985,18.58,36.18279569892473,residential,False,26,6218659532
6368610996,6368610993,28.93,36.18279569892473,residential,False,10,6218659532
6368610996,6368610994,37.93,36.18279569892473,residential,False,13,6218659532
6368649401,6368649406,47.64,36.18279569892473,residential,False,33,6218659532
6368649406,6368610989,53.75,36.18279569892473,residential,False,31,6218659532
6368649406,301953168,65.21,36.18279569892473,residential,False,24,6218659532
6368649406,6368649401,47.64,36.18279569892473,residential,False,15,6218659532
6368684425,6368684427,92.34,36.18279569892473,residential,False,35,847937526
6368684427,316057123,71.29,36.18279569892473,residential,False,15,847937526
6368684427,316057114,256.98,36.18279569892473,residential,False,22,847937526
6368684427,6368684425,92.34,36.18279569892473,residential,False,11,847937526
6368848271,6368848272,83.28,36.18279569892473,residential,False,12,11346035713
6368848272,39626409,17.95,36.18279569892473,residential,False,23,11346035713
6368848272,6212861943,37.42,36.18279569892473,residential,False,32,11346035713
6368848272,6368848271,83.28,36.18279569892473,residential,False,19,11346035713
6368906640,6368906641,52.87,36.18279569892473,residential,False,20,147963281
6368906641,301948001,29.24,36.18279569892473,residential,False,28,147963281
6368906641,6368906640,52.87,36.18279569892473,residential,False,33,147963281
6368906641,301947928,86.36,36.18279569892473,residential,False,24,147963281
6368983801,6191116078,16.33,36.18279569892473,residential,False,34,11346035713
6369012727,6879112126,86.99,36.18279569892473,residential,False,31,11346035713
6369012727,12904071174,39.92,36.18279569892473,residential,False,24,11346035713
6369012727,146265007,140.54,36.18279569892473,residential,False,29,11346035713
6369164824,6369164825,33.33,36.18279569892473,residential,False,35,82903274
6369164825,6369164824,33.33,36.18279569892473,residential,False,18,82903274
6369164825,1392818690,32.17,36.18279569892473,residential,False,20,82903274
6369164825,93812208,33.5,36.18279569892473,residential,False,35,82903274
6369164837,93812216,6.51,36.18279569892473,residential,False,15,82903274
6369164837,1363821605,31.6,36.18279569892473,residential,False,16,82903274
6369164837,1363821587,52.83,36.18279569892473,residential,False,15,82903274
6370506524,6370506534,169.78,36.18279569892473,residential,False,12,147963281
6370506534,6184995980,436.09,36.18279569892473,residential,False,33,147963281
6370506534,301873508,73.02,36.18279569892473,residential,False,29,147963281
6370506534,6370506524,169.78,36.18279569892473,residential,False,18,147963281
6370576106,388276924,192.09,36.18279569892473,residential,False,31,388276886
6370576106,388276849,8.33,36.18279569892473,residential,False,13,388276886
6370576106,82627851,60.58,36.18279569892473,residential,False,23,388276886
6370671059,11042119854,68.02,36.18279569892473,residential,False,27,93731379
6370671059,146253774,70.83,36.18279569892473,residential,False,10,93731379
6370671059,7515030280,127.69,36.18279569892473,residential,False,10,93731379
6370675071,6370675076,153.19,36.18279569892473,residential,False,22,93731379
6370675076,4563677887,67.56,30.0,residential,False,13,93731379
6370675076,6193176345,60.51,30.0,residential,False,10,93731379
6370675076,6370675071,153.19,36.18279569892473,residential,False,15,93731379
6370675076,12901839295,110.67,36.18279569892473,residential,False,30,93731379
6370750578,301860892,23.36,36.18279569892473,residential,False,25,147963281
6370750581,6370750583,40.1,36.18279569892473,residential,False,24,147963281
6370750583,301860889,170.62,36.18279569892473,residential,False,32,147963281
6370750583,147971485,37.69,36.18279569892473,residential,False,22,147963281
6370750583,6370750581,40.1,36.18279569892473,residential,False,31,147963281
6370991609,83711812,86.25,36.18279569892473,residential,False,33,93731379
6371022463,83732975,24.63,50.0,tertiary,False,29,93731379
6371022463,83549427,43.42,50.0,tertiary,False,33,93731379
6376112599,6376112601,87.31,36.18279569892473,residential,False,25,6185036192
6376112601,6199759882,3.67,53.482142857142854,secondary,False,19,6185036192
6376112601,6199759879,46.66,53.482142857142854,secondary,False,29,6185036192
6376112601,6376112599,87.31,36.18279569892473,residential,False,29,6185036192
6376112602,6199759879,153.73,36.18279569892473,residential,False,21,6185036192
6376131864,301394689,124.99,36.18279569892473,residential,False,32,11346035713
6376131864,301392664,127.62,36.18279569892473,residential,False,31,11346035713
6376131864,6407722060,41.7,36.18279569892473,residential,False,32,11346035713
6376359585,6879934743,30.42,36.18279569892473,residential,False,31,11346035713
6376359585,83723692,237.86,36.18279569892473,residential,False,22,11346035713
6376359585,6879934716,175.79,36.18279569892473,residential,False,35,11346035713
6376398512,256759280,41.28,36.18279569892473,residential,False,19,82686004
6376435096,3428376384,25.84,20.0,living_street,False,12,82903274
6376453479,83729546,56.61,36.18279569892473,residential,False,14,11346035713
6376453480,83729545,40.61,36.18279569892473,residential,False,14,11346035713
6376453480,83729543,19.29,36.18279569892473,residential,False,10,11346035713
6376453480,6376453481,42.41,36.18279569892473,residential,False,16,11346035713
6376453481,6376453480,42.41,36.18279569892473,residential,False,13,11346035713
6376453481,6879934716,33.31,36.18279569892473,residential,False,10,11346035713
6376453481,6879987098,186.63,36.18279569892473,residential,False,32,11346035713
6391139700,6391139719,150.64,36.18279569892473,residential,False,16,12908641424
6391139719,6391141139,458.71,36.18279569892473,residential,False,10,12908641424
6391139719,11338167428,194.8,36.18279569892473,residential,False,16,12908641424
6391139719,6391139700,150.64,36.18279569892473,residential,False,25,12908641424
6391139747,90309131,294.27,36.18279569892473,residential,False,30,12908641424
6391141139,90309131,68.5,36.18279569892473,residential,False,14,12908641424
6391141139,6391139719,458.71,36.18279569892473,residential,False,30,12908641424
6391141139,6879694583,190.03,36.18279569892473,residential,False,17,12908641424
6391141165,3051019364,158.96,36.18279569892473,residential,False,23,12908641424
6391141165,90309131,139.56,36.18279569892473,residential,False,30,12908641424
6391141165,12898570868,403.0,36.18279569892473,residential,False,35,12908641424
6391141165,147992757,1177.9,36.18279569892473,residential,False,27,12908641424
6391141306,1326827146,47.6,36.18279569892473,residential,False,16,12908641424
6391141306,1326271891,261.16,36.18279569892473,residential,False,12,12908641424
6391141306,12908641437,324.52,36.18279569892473,residential,False,19,12908641424
6391223776,6391223779,82.75,36.18279569892473,residential,False,34,12901492583
6391223779,12901492584,44.6,36.18279569892473,residential,False,24,12901492583
6391223779,301856105,189.63,36.18279569892473,residential,False,14,12901492583
6391223779,6391223776,82.75,36.18279569892473,residential,False,25,12901492583
6391252787,4565221644,9.4,36.18279569892473,residential,False,23,11253757267
6391275021,1620446894,118.07,36.18279569892473,residential,False,10,12901492583
6391275021,254293690,62.91,36.18279569892473,residential,False,13,12901492583
6391275021,6958485902,34.68,36.18279569892473,residential,False,15,12901492583
6391390324,2951542770,19.39,36.18279569892473,residential,False,14,320981769
6391402527,12912122844,39.42,36.18279569892473,residential,False,33,12908641424
6391402527,11336057830,52.97,36.18279569892473,residential,False,32,12908641424
6391402527,1326827161,40.02,36.18279569892473,residential,False,24,12908641424
6391402528,12908648486,20.33,36.18279569892473,residential,False,25,12908641424
6391402534,1333834400,37.98,36.18279569892473,residential,False,25,12908641424
6391402534,1326827146,50.77,36.18279569892473,residential,False,10,12908641424
6391402534,12908648486,69.4,36.18279569892473,residential,False,24,12908641424
6391427771,6391427772,15.59,36.18279569892473,residential,False,28,82668285
6391427771,6391427773,24.92,36.18279569892473,residential,False,17,82668285
6391427772,6391427773,22.61,36.18279569892473,residential,False,16,82668285
6391427772,82666626,12.35,36.18279569892473,residential,False,19,82668285
6391427773,6391427789,42.47,36.18279569892473,residential,False,28,82668285
6391427773,6391427772,22.61,36.18279569892473,residential,False,22,82668285
6391427776,6391427771,8.9,36.18279569892473,residential,False,11,82668285
6391427776,301832919,12.58,36.18279569892473,residential,False,20,82668285
6391427789,12911994920,68.15,36.18279569892473,residential,False,10,82668285
6391427789,6391427773,42.47,36.18279569892473,residential,False,13,82668285
6391427789,6872277042,101.18,20.0,living_street,False,30,82668285
6391508858,12901225941,58.68,36.18279569892473,residential,False,32,256619924
6391508859,12898898765,46.77,36.18279569892473,residential,False,23,256619924
6391508859,12901225941,86.59,36.18279569892473,residential,False,23,256619924
6391508859,2023218519,51.74,36.18279569892473,residential,False,25,256619924
6391508868,6195900421,80.1,36.18279569892473,residential,False,33,256619924
6391508868,93719896,42.81,36.18279569892473,residential,False,28,256619924
6391524208,12918837630,128.42,36.18279569892473,residential,False,29,147963281
6391782808,6391782810,44.87,36.18279569892473,residential,False,33,82903274
6391782810,1365076768,18.67,36.18279569892473,residential,False,27,82903274
6391782810,93812803,168.08,36.18279569892473,residential,False,19,82903274
6391782810,6391782808,44.87,36.18279569892473,residential,False,11,82903274
6391840495,6952888980,11.69,36.18279569892473,residential,False,25,6988544531
6391840495,302331462,119.58,36.18279569892473,residential,False,22,6988544531
6391840495,6883710891,214.82,36.18279569892473,residential,False,25,6988544531
6391840495,8174717586,33.17,36.18279569892473,residential,False,26,6988544531
6391840502,8174717586,111.32,36.18279569892473,residential,False,28,256619924
6391921078,254311399,45.82,36.18279569892473,residential,False,33,320981769
6391921078,89045666,94.15,36.18279569892473,residential,False,29,320981769
6391921078,89045515,120.65,36.18279569892473,residential,False,31,320981769
6391933634,6391933635,49.51,36.18279569892473,residential,False,25,12908641424
6391933634,301836994,89.68,36.18279569892473,residential,False,17,12908641424
6391933634,2023811874,125.98,36.18279569892473,residential,False,32,12908641424
6391933635,6391933634,49.51,36.18279569892473,residential,False,11,12908641424
6391933651,6193773069,95.18,36.18279569892473,residential,False,26,12908641424
6391933800,301845718,63.57,36.18279569892473,residential,False,10,12908641424
6391933800,301845580,187.01,36.18279569892473,residential,False,23,12908641424
6391933800,301846409,138.53,36.18279569892473,residential,False,28,12908641424
6392058798,3104056580,10.9,36.18279569892473,residential,False,20,256619924
6392058798,302333009,74.08,36.18279569892473,residential,False,27,256619924
6392058798,12918832919,64.98,36.18279569892473,residential,False,12,256619924
6392058799,6392058801,49.36,36.18279569892473,residential,False,18,256619924
6392058801,4166372103,27.51,30.0,residential,False,30,256619924
6392058801,6392058799,49.36,36.18279569892473,residential,False,23,256619924
6393964434,8264730602,88.2,36.18279569892473,residential,False,25,320981769
6394075603,301847738,52.27,36.18279569892473,residential,False,13,12908641424
6394358407,254315237,7.33,36.18279569892473,residential,False,25,256619924
6394358407,12888076834,174.12,36.18279569892473,residential,False,29,256619924
6394358407,6242859855,267.68,36.18279569892473,residential,False,30,256619924
6394556219,12901556002,45.08,36.18279569892473,residential,False,21,82903274
6394556219,2106101561,77.06,36.18279569892473,residential,False,24,82903274
6394556219,1679340109,147.17,30.0,residential,False,32,82903274
6394696596,6365602163,23.37,36.18279569892473,residential,False,23,105814816
6394696596,301958648,255.03,36.18279569892473,residential,False,10,105814816
6394696596,6365509078,94.88,36.18279569892473,residential,False,15,105814816
6394723755,3105399708,23.06,36.18279569892473,residential,False,19,256619924
6394763781,254313932,118.09,40.0,residential,False,33,256619924
6394763781,302336819,132.56,40.0,residential,False,16,256619924
6394763781,12918832907,52.73,36.18279569892473,residential,False,25,256619924
6394834200,301947900,48.56,36.18279569892473,residential,False,21,6218659532
6394834200,147960823,133.44,36.18279569892473,residential,False,24,6218659532
6394834200,6997256881,27.27,36.18279569892473,residential,False,17,6218659532
6394834207,6883113416,122.89,36.18279569892473,residential,False,26,147963281
6394834207,301948049,100.41,20.0,"['living_street', 'residential']",False,17,147963281
6394834207,301947228,61.14,36.18279569892473,residential,False,28,147963281
6394877410,1807518375,8.63,40.0,tertiary,True,31,256619924
6394877410,254318577,32.84,44.02390438247012,tertiary,False,20,256619924
6394877410,254318578,26.01,36.18279569892473,residential,False,29,256619924
6394889116,361439882,9.6,30.0,tertiary,False,32,256619924
6394889116,574605802,93.55,30.0,tertiary,False,31,256619924
6394889116,12888326355,108.04,20.0,living_street,False,24,256619924
6394889127,4942281627,235.49,36.18279569892473,residential,False,14,256619924
6394889127,4942281616,78.43,36.18279569892473,residential,False,19,256619924
6394889127,12886528368,82.8,36.18279569892473,residential,False,33,256619924
6394889142,6394889152,22.41,44.02390438247012,tertiary,False,32,6988544531
6394889144,6394889146,19.61,44.02390438247012,tertiary,False,22,6988544531
6394889146,6394889142,11.22,44.02390438247012,tertiary,False,23,6988544531
6394889146,6952908688,14.64,44.02390438247012,tertiary,False,31,6988544531
6394889152,6394889144,13.98,44.02390438247012,tertiary,False,30,6988544531
6394889152,6396774916,13.14,44.02390438247012,tertiary,False,33,6988544531
6394898052,1807518375,35.52,36.18279569892473,residential,True,21,256619924
6394898052,82657806,26.99,36.18279569892473,residential,False,35,256619924
6396486671,82702460,80.72,44.02390438247012,tertiary,False,25,320981769
6396486671,89044018,81.65,44.02390438247012,tertiary,False,35,320981769
6396486671,89043944,32.93,36.18279569892473,residential,False,15,320981769
6396499872,301844576,110.75,20.0,living_street,False,29,12901492583
6396501508,1327352991,282.99,36.18279569892473,residential,False,16,12901492583
6396501508,301848878,136.56,36.18279569892473,residential,False,19,12901492583
6396501508,12908834913,73.7,36.18279569892473,residential,False,32,12901492583
6396501531,6396501536,80.14,44.02390438247012,tertiary,False,33,12901492583
6396501531,90309009,109.87,44.02390438247012,tertiary,False,12,12901492583
6396501531,11345949958,115.16,36.18279569892473,residential,False,31,12901492583
6396501536,90309020,153.86,44.02390438247012,tertiary,False,25,12901492583
6396501536,6396501531,80.14,44.02390438247012,tertiary,False,14,12901492583
6396501536,1327337184,70.49,36.18279569892473,residential,False,15,12901492583
6396531968,6184996391,79.75,36.18279569892473,residential,False,16,147963281
6396531968,11337794869,376.27,36.18279569892473,residential,False,15,147963281
6396531968,254294148,28.91,36.18279569892473,residential,False,29,147963281
6396568474,12909415465,17.48,36.18279569892473,residential,False,25,147963281
6396568474,301946486,58.75,36.18279569892473,residential,False,13,147963281
6396568474,12907533434,152.44,36.18279569892473,residential,False,35,147963281
6396774916,12887945141,115.49,30.0,tertiary,False,23,6988544531
6396774916,6394889144,11.3,44.02390438247012,tertiary,False,25,6988544531
6396793311,82587046,12.09,54.67289719626168,primary,False,19,82903274
6396793311,6967771916,69.28,53.482142857142854,secondary,False,17,82903274
6396793312,82587475,78.08,36.18279569892473,residential,False,16,82703794
6396793312,6396793311,20.8,54.67289719626168,primary,False,27,82703794
6396808158,82900653,5.79,36.18279569892473,residential,False,11,11253757267
6396808158,1300613239,110.23,36.18279569892473,residential,False,10,11253757267
6396808158,12398545754,116.2,36.18279569892473,residential,False,21,11253757267
6396816171,6396816173,18.75,36.18279569892473,residential,False,18,256619924
6396816173,89052415,16.11,36.18279569892473,residential,False,21,256619924
6396816173,89052141,68.45,36.18279569892473,residential,False,31,256619924
6396816173,6396816171,18.75,36.18279569892473,residential,False,15,256619924
6396879474,89059954,118.73,36.18279569892473,residential,False,15,82703794
6396879474,12959613418,88.73,36.18279569892473,residential,False,26,82703794
6396879474,82624677,100.11,36.18279569892473,residential,False,11,82703794
6397075565,89052141,123.57,36.18279569892473,residential,False,35,256619924
6397075565,82905447,278.5,36.18279569892473,residential,False,12,256619924
6397075565,12898790157,64.75,36.18279569892473,residential,False,20,256619924
6397130477,254316810,77.47,45.0,unclassified,False,23,320981769
6397130477,254316770,28.34,45.0,unclassified,False,13,320981769
6397130477,12901219102,41.51,36.18279569892473,residential,False,29,320981769
6397130917,12900828597,30.57,44.02390438247012,tertiary,False,17,320981769
6397130917,82908424,204.89,44.02390438247012,tertiary,False,13,320981769
6397130917,6399491657,46.86,36.18279569892473,residential,False,27,320981769
6397131014,6397131029,61.84,36.18279569892473,residential,False,17,320981769
6397131029,1488513890,119.82,44.02390438247012,tertiary,False,25,320981769
6397131029,82908447,80.7,44.02390438247012,tertiary,False,18,320981769
6397131029,6397131014,61.84,36.18279569892473,residential,False,20,320981769
6397234493,89024352,97.26,36.18279569892473,residential,False,35,82703794
6397234493,12918832935,125.38,36.18279569892473,residential,False,21,82703794
6398581389,79467561,27.75,44.02390438247012,tertiary,False,34,82668285
6398581389,82663819,30.91,44.02390438247012,tertiary,False,11,82668285
6398581392,82655335,333.56,50.0,primary,False,34,256619924
6398581392,79467561,26.33,50.0,primary,False,27,256619924
6398581392,6398581389,32.36,60.0,primary_link,False,18,256619924
6398677534,82908447,51.74,20.0,living_street,False,14,320981769
6398693579,6398693580,90.0,36.18279569892473,residential,False,32,256619924
6398693580,89018686,52.52,36.18279569892473,residential,False,26,256619924
6398693580,6398693579,90.0,36.18279569892473,residential,False,29,256619924
6399099089,256620279,155.7,36.18279569892473,residential,False,31,256619924
6399181563,6399181568,78.49,36.18279569892473,residential,False,13,256619924
6399181568,1909322734,5.56,50.0,primary,False,32,256619924
6399181568,1907031046,17.85,50.0,primary,False,11,256619924
6399181568,6399181563,78.49,36.18279569892473,residential,False,24,256619924
6399181569,12898757801,104.66,36.18279569892473,residential,False,35,256619924
6399237559,6868366119,230.24,36.18279569892473,residential,False,24,256619924
6399237559,6399237561,10.5,36.18279569892473,residential,False,34,256619924
6399237559,11187088880,91.86,36.18279569892473,residential,False,13,256619924
6399237561,6399237562,165.04,50.0,primary,False,13,256619924
6399237561,6399237574,77.95,50.0,primary,False,35,256619924
6399237561,6399237559,10.5,36.18279569892473,residential,False,29,256619924
6399237562,6399237561,165.04,50.0,primary,False,29,256619924
6399237571,6399237574,33.52,36.18279569892473,residential,False,35,256619924
6399237574,1909322734,26.46,50.0,primary,False,13,256619924
6399237574,6399237561,77.95,50.0,primary,False,27,256619924
6399237574,6399237571,33.52,36.18279569892473,residential,False,11,256619924
6399358827,82643736,152.06,44.02390438247012,tertiary,False,26,256619924
6399358827,82643810,114.36,44.02390438247012,tertiary,False,13,256619924
6399358827,11346088162,131.75,36.18279569892473,residential,False,15,256619924
6399358828,82643891,11.22,36.18279569892473,residential,False,30,256619924
6399358828,82643810,44.86,36.18279569892473,residential,False,13,256619924
6399358828,11346088570,86.22,36.18279569892473,residential,False,16,256619924
6399491657,6397130917,46.86,36.18279569892473,residential,False,21,320981769
6399648118,471180754,173.06,53.482142857142854,secondary,False,15,6185036192
6399648118,83771438,401.44,53.482142857142854,secondary,False,33,6185036192
6399648118,3859841636,560.11,45.0,unclassified,False,19,6185036192
6401044292,6199600341,91.97,36.18279569892473,residential,False,32,6185036192
6401044295,6360900328,108.97,36.18279569892473,residential,False,24,6185036192
6401262787,6401262788,55.89,36.18279569892473,residential,False,34,6185036192
6401262787,88960697,178.09,44.02390438247012,tertiary,False,26,6185036192
6401262787,88960689,108.58,44.02390438247012,tertiary,False,25,6185036192
6401262788,6401262787,55.89,36.18279569892473,residential,False,33,6185036192
6401583662,301394691,84.28,36.18279569892473,residential,False,13,11346035713
6401583662,12911719240,148.27,36.18279569892473,residential,False,14,11346035713
6401583662,6401583665,58.04,36.18279569892473,residential,False,30,11346035713
6401583665,6401583662,58.04,36.18279569892473,residential,False,21,11346035713
6401611759,83710070,223.97,36.18279569892473,residential,False,20,93731379
6401611759,6213339698,447.79,36.18279569892473,residential,False,14,93731379
6401611778,83713911,108.6,36.18279569892473,residential,False,13,93731379
6401611778,7956357258,538.9,36.18279569892473,residential,False,16,93731379
6407501214,146257726,193.27,36.18279569892473,residential,False,24,93731379
6407722060,3127813679,21.02,36.18279569892473,residential,False,23,11346035713
6407722060,146265027,256.77,36.18279569892473,residential,False,34,11346035713
6407722060,6376131864,41.7,36.18279569892473,residential,False,34,11346035713
6421348761,301870648,64.29,36.18279569892473,residential,False,10,147963281
6421348763,301870664,47.65,36.18279569892473,residential,False,17,147963281
6421348774,301870471,57.71,36.18279569892473,residential,False,35,147963281
6449678752,471180197,5.22,36.18279569892473,residential,False,25,6185036192
6449678752,471185061,103.65,36.18279569892473,residential,False,20,6185036192
6449678752,6449678759,126.61,36.18279569892473,residential,False,19,6185036192
6449678759,6449678752,126.61,36.18279569892473,residential,False,26,6185036192
6488453882,6488455291,85.54,36.18279569892473,residential,False,15,847937526
6488455291,5064978210,42.9,36.18279569892473,residential,False,12,847937526
6488455291,2135246462,83.83,36.18279569892473,residential,False,18,847937526
6488455291,6488453882,85.54,36.18279569892473,residential,False,21,847937526
6579136827,93810398,16.3,36.18279569892473,residential,False,32,82903274
6579136827,5616777032,6.43,54.67289719626168,primary,False,34,82903274
6579136829,5616777036,18.04,54.67289719626168,primary,False,23,82903274
6579136831,93812806,26.78,36.18279569892473,residential,False,21,82903274
6579136831,316056851,289.2,60.0,primary,True,30,82903274
6579136831,60969244,221.21,60.0,primary,False,31,82903274
6610123659,1723268041,3369.99,100.0,motorway,False,17,105814816
6821342264,6821376401,66.09,36.18279569892473,residential,False,14,6185036192
6821342269,6821376401,371.6,36.18279569892473,residential,False,34,6185036192
6821365818,89075015,452.3,36.18279569892473,residential,False,34,6185036192
6821365818,6821365871,560.13,36.18279569892473,residential,False,26,6185036192
6821365818,6821399320,120.86,36.18279569892473,residential,False,23,6185036192
6821365871,338694464,32.58,36.18279569892473,residential,False,35,6185036192
6821365871,6906834344,760.74,36.18279569892473,residential,False,17,6185036192
6821365871,6821365818,560.13,36.18279569892473,residential,False,14,6185036192
6821376401,6821342264,66.09,36.18279569892473,residential,False,35,6185036192
6821376401,6821342269,371.6,36.18279569892473,residential,False,23,6185036192
6821376401,6821376404,39.59,36.18279569892473,residential,False,23,6185036192
6821376404,338694505,114.55,36.18279569892473,residential,False,23,6185036192
6821376404,338694500,35.19,36.18279569892473,residential,False,24,6185036192
6821376404,6821376401,39.59,36.18279569892473,residential,False,26,6185036192
6821376414,6821376425,131.83,36.18279569892473,residential,False,35,6185036192
6821376425,471180230,72.2,36.18279569892473,residential,False,31,6185036192
6821376425,6821376450,39.72,36.18279569892473,residential,False,21,6185036192
6821376425,6821376414,131.83,36.18279569892473,residential,False,10,6185036192
6821376426,6821376450,228.85,36.18279569892473,residential,False,24,6185036192
6821376450,6821376425,39.72,36.18279569892473,residential,False,14,6185036192
6821376450,338694471,132.19,36.18279569892473,residential,False,34,6185036192
6821376450,6821376426,228.85,36.18279569892473,residential,False,10,6185036192
6821381672,6997646000,308.66,36.18279569892473,residential,False,32,6185036192
6821399288,6821399348,425.18,36.18279569892473,residential,False,35,6185036192
6821399320,6821365818,120.86,36.18279569892473,residential,False,26,6185036192
6821399331,6821399348,233.13,36.18279569892473,residential,False,12,6185036192
6821399348,6821399288,425.18,36.18279569892473,residential,False,12,6185036192
6821399348,6821399331,233.13,36.18279569892473,residential,False,20,6185036192
6821399348,338694464,47.52,36.18279569892473,residential,False,20,6185036192
6821399352,6821399428,79.53,36.18279569892473,residential,False,22,6185036192
6821399352,6821399379,135.77,36.18279569892473,residential,False,34,6185036192
6821399352,6906747245,87.84,36.18279569892473,residential,False,15,6185036192
6821399353,6821399379,269.02,36.18279569892473,residential,False,23,6185036192
6821399379,471180230,1.53,36.18279569892473,residential,False,11,6185036192
6821399379,6821399352,135.77,36.18279569892473,residential,False,22,6185036192
6821399379,6821399353,269.02,36.18279569892473,residential,False,34,6185036192
6821399380,6821399428,630.16,36.18279569892473,residential,False,11,6185036192
6821399428,471183764,209.66,36.18279569892473,residential,False,31,6185036192
6821399428,6821399352,79.53,36.18279569892473,residential,False,30,6185036192
6821399428,6821399380,630.16,36.18279569892473,residential,False,14,6185036192
6838686048,5458805035,28.82,36.18279569892473,residential,False,28,320050383
6859020095,1474116837,8.31,36.18279569892473,residential,False,11,90214098
6859020095,1474113373,36.96,36.18279569892473,residential,False,30,90214098
6859020095,7840829792,115.12,36.18279569892473,residential,False,32,90214098
6861072293,3756691441,7.47,36.18279569892473,residential,False,35,90214098
6861072293,33222611,40.28,36.18279569892473,residential,False,31,90214098
6861072293,3756691440,31.6,36.18279569892473,residential,False,26,90214098
6861093132,12903810130,33.12,36.18279569892473,residential,False,19,847937526
6861093132,316055298,30.27,36.18279569892473,residential,False,23,847937526
6861093132,3241781923,112.46,36.18279569892473,residential,False,22,847937526
6861376365,260544003,181.43,36.18279569892473,residential,False,31,82903274
6861376365,82621715,20.61,36.18279569892473,residential,True,32,82903274
6861499256,90206139,33.3,36.18279569892473,residential,False,27,90214098
6861499256,320062704,82.85,36.18279569892473,residential,False,19,90214098
6861503180,6861503184,85.96,36.18279569892473,residential,False,33,847937526
6861503184,3142368974,76.67,53.482142857142854,secondary,False,33,847937526
6861503184,4197007200,230.28,53.482142857142854,secondary,False,20,847937526
6861503184,6861503180,85.96,36.18279569892473,residential,False,21,847937526
6861657583,301431838,127.07,36.18279569892473,residential,False,10,93731379
6861769797,83734666,155.84,36.18279569892473,residential,False,18,93731379
6861769817,84569045,98.09,36.18279569892473,residential,False,26,93731379
6861834250,83733857,176.4,36.18279569892473,residential,False,29,93731379
6861834250,11175918209,334.41,36.18279569892473,residential,False,14,93731379
6861834250,83733359,129.92,36.18279569892473,residential,False,32,93731379
6864839473,4195987166,56.29,36.18279569892473,residential,False,22,82686004
6864887944,6864887949,79.17,36.18279569892473,residential,False,24,82686004
6864887949,83741797,32.4,36.18279569892473,residential,False,30,82686004
6864887949,83741790,123.81,36.18279569892473,residential,False,16,82686004
6864887949,6864887944,79.17,36.18279569892473,residential,False,27,82686004
6865000541,256757208,30.53,36.18279569892473,residential,False,29,82903274
6865000541,4745320172,81.32,36.18279569892473,residential,False,35,82903274
6865000541,4745320164,104.1,36.18279569892473,residential,False,29,82903274
6865001808,6865001810,65.14,36.18279569892473,residential,False,30,82686004
6865001810,93736218,168.19,36.18279569892473,residential,False,24,82686004
6865001810,6865001808,65.14,36.18279569892473,residential,False,32,82686004
6865147006,6368067213,18.52,36.18279569892473,residential,False,21,82903274
6865147006,93812208,145.49,36.18279569892473,residential,False,35,82903274
6865147006,93810398,41.74,36.18279569892473,residential,False,35,82903274
6865147015,11961523006,61.3,36.18279569892473,residential,False,30,11346035713
6865147015,2311779625,33.3,36.18279569892473,residential,False,22,11346035713
6865147015,83731217,61.03,36.18279569892473,residential,False,34,11346035713
6865147056,11258115264,28.28,36.18279569892473,residential,False,16,11346035713
6865147056,32271705,118.12,36.18279569892473,residential,False,19,11346035713
6865147056,12907523375,109.46,36.18279569892473,residential,False,12,11346035713
6865168571,1754980497,67.49,20.0,residential,False,11,82903274
6865168571,1754988714,60.36,20.0,residential,False,27,82903274
6865168571,12909187595,46.43,36.18279569892473,residential,False,20,82903274
6865168579,11172142606,99.44,20.0,residential,False,22,82903274
6865185157,11258112534,117.75,36.18279569892473,residential,False,33,11346035713
6865185180,39629023,15.16,36.18279569892473,residential,False,33,11346035713
6865185180,32271693,58.12,36.18279569892473,residential,False,33,11346035713
6865185180,11258112534,233.03,36.18279569892473,residential,False,14,11346035713
6865205790,6191116095,119.17,36.18279569892473,residential,False,26,847937526
6867959292,84568140,39.14,36.18279569892473,residential,False,27,93731379
6867959292,84568173,8.8,50.0,primary,False,19,93731379
6867959292,84578735,1125.13,50.0,primary,False,16,93731379
6867964677,1021657496,34.0,36.18279569892473,residential,False,12,847937526
6867964677,1021657451,57.64,36.18279569892473,residential,False,26,847937526
6867964677,11346065505,74.7,36.18279569892473,residential,False,27,847937526
6867964681,316057012,81.89,36.18279569892473,residential,False,19,82903274
6868194823,6868194829,94.73,36.18279569892473,residential,False,26,82903274
6868194829,316057020,300.27,36.18279569892473,residential,False,20,82903274
6868194829,316057014,27.17,36.18279569892473,residential,False,34,82903274
6868194829,6868194823,94.73,36.18279569892473,residential,False,30,82903274
6868194834,12909614309,125.22,36.18279569892473,residential,False,15,11346035713
6868194838,2305967829,13.8,36.18279569892473,residential,False,10,11346035713
6868194838,256394594,76.76,36.18279569892473,residential,False,10,11346035713
6868194838,11258115260,106.3,36.18279569892473,residential,False,35,11346035713
6868197085,9191155714,104.09,40.0,secondary,False,27,256619924
6868197085,89015547,265.66,50.0,primary,False,28,256619924
6868197085,82665577,62.06,50.0,primary,False,18,256619924
6868296407,147994389,157.52,36.18279569892473,residential,False,17,12908641424
6868366119,6399237559,230.24,36.18279569892473,residential,False,34,256619924
6871507648,6191116198,177.92,36.18279569892473,residential,False,19,11346035713
6871727701,6871727709,79.68,36.18279569892473,residential,False,33,847937526
6871727709,39629023,21.34,36.18279569892473,residential,False,23,847937526
6871727709,146266729,117.89,36.18279569892473,residential,False,26,847937526
6871727709,6871727701,79.68,36.18279569892473,residential,False,13,847937526
6871792216,7804312983,24.16,53.482142857142854,secondary,False,33,82668285
6871792216,3749146136,16.18,30.0,secondary,False,11,82668285
6871806922,6871806932,109.67,36.18279569892473,residential,False,21,6185036192
6871806932,6220417272,216.96,36.18279569892473,residential,False,18,6185036192
6871806932,301958885,67.19,36.18279569892473,residential,False,30,6185036192
6871806932,6871806922,109.67,36.18279569892473,residential,False,26,6185036192
6871806943,6909877288,57.86,36.18279569892473,residential,False,21,105814816
6871806947,6365510048,109.48,36.18279569892473,residential,False,13,105814816
6871820232,3897828947,773.23,36.18279569892473,"['residential', 'unclassified']",False,11,105814816
6871820245,6364788670,55.78,36.18279569892473,residential,False,34,6185036192
6872277042,82666141,378.7,36.18279569892473,residential,False,30,82668285
6872277042,82667890,89.55,36.18279569892473,residential,False,13,82668285
6872277042,6391427789,101.18,20.0,living_street,False,24,82668285
6872313929,301831724,123.95,40.0,residential,False,19,82668285
6878600300,90309086,148.57,36.18279569892473,residential,False,28,12901492583
6878600300,301843018,163.29,36.18279569892473,residential,False,33,12901492583
6878600300,6878679366,118.95,36.18279569892473,residential,False,10,12901492583
6878679366,6878600300,118.95,36.18279569892473,residential,False,24,12901492583
6878714880,301843745,163.73,36.18279569892473,residential,False,20,12901492583
6879112115,6212861942,17.43,36.18279569892473,residential,False,17,11346035713
6879112115,6193067016,182.23,36.18279569892473,residential,False,35,11346035713
6879112115,6193067050,28.64,36.18279569892473,residential,False,33,11346035713
6879112126,6369012727,86.99,36.18279569892473,residential,False,28,11346035713
6879181437,6879181444,90.8,36.18279569892473,residential,False,28,93731379
6879181444,301392650,266.41,36.18279569892473,residential,False,32,93731379
6879181444,301392634,453.19,36.18279569892473,residential,False,30,93731379
6879181444,6879181437,90.8,36.18279569892473,residential,False,31,93731379
6879378046,301396727,172.6,36.18279569892473,residential,False,27,11346035713
6879378046,83730212,201.53,36.18279569892473,residential,False,29,11346035713
6879378046,12906125410,121.59,36.18279569892473,residential,False,17,11346035713
6879378046,12904071175,83.19,36.18279569892473,residential,False,21,11346035713
6879641178,147999052,290.06,36.18279569892473,residential,False,19,12908641424
6879641178,1333834453,10.23,36.18279569892473,residential,False,19,12908641424
6879641178,12908641402,43.96,36.18279569892473,residential,False,31,12908641424
6879657442,6974384381,117.86,36.18279569892473,residential,False,35,11346035713
6879657442,6879657443,22.68,36.18279569892473,residential,False,32,11346035713
6879657442,12907523397,29.86,36.18279569892473,residential,False,28,11346035713
6879657443,6879657442,22.68,36.18279569892473,residential,False,31,11346035713
6879657443,83730856,69.2,36.18279569892473,residential,False,14,11346035713
6879657443,12909576489,34.38,36.18279569892473,residential,False,32,11346035713
6879657448,6193067025,52.77,36.18279569892473,residential,False,22,11346035713
6879657448,6879657451,79.34,36.18279569892473,residential,False,26,11346035713
6879657448,11346035713,59.79,36.18279569892473,residential,False,33,11346035713
6879657451,6879657448,79.34,36.18279569892473,residential,False,17,11346035713
6879657451,256394693,37.23,36.18279569892473,residential,False,13,11346035713
6879657451,12906125412,67.0,36.18279569892473,residential,False,20,11346035713
6879694568,6879694570,73.96,36.18279569892473,residential,False,26,12908641424
6879694570,301845551,24.86,36.18279569892473,residential,False,28,12908641424
6879694570,301845726,82.17,36.18279569892473,residential,False,16,12908641424
6879694570,6879694568,73.96,36.18279569892473,residential,False,34,12908641424
6879694583,6391141139,190.03,36.18279569892473,residential,False,21,12908641424
6879722797,12908641429,87.81,36.18279569892473,residential,False,24,12908641424
6879731228,82663207,135.58,36.18279569892473,residential,False,13,82668285
6879731228,82661422,10.39,36.18279569892473,residential,False,14,82668285
6879731228,2035554362,104.57,20.0,living_street,False,32,82668285
6879731242,3252021161,63.57,36.18279569892473,residential,False,23,82668285
6879731242,12912801088,188.98,53.482142857142854,secondary,False,23,82668285
6879731242,82666852,268.91,53.482142857142854,secondary,False,12,82668285
6879758589,1326827124,120.57,36.18279569892473,residential,False,12,12908641424
6879758598,6879758599,97.34,36.18279569892473,residential,False,11,12908641424
6879758599,1326827144,31.3,36.18279569892473,residential,False,23,12908641424
6879758599,6879758598,97.34,36.18279569892473,residential,False,14,12908641424
6879758599,12908648489,48.51,36.18279569892473,residential,False,25,12908641424
6879758602,1334621167,40.46,36.18279569892473,residential,False,16,12908641424
6879758602,1334621170,53.63,36.18279569892473,residential,False,24,12908641424
6879758602,12905498931,88.5,36.18279569892473,residential,False,12,12908641424
6879758614,1326827161,97.78,36.18279569892473,residential,False,21,12908641424
6879829992,83724443,74.5,53.482142857142854,secondary,False,31,11346035713
6879829992,60969930,53.01,53.482142857142854,secondary,True,26,11346035713
6879829992,12911719236,100.28,36.18279569892473,residential,False,22,11346035713
6879858960,301372614,164.86,36.18279569892473,residential,False,28,82686004
6879858960,83741800,80.94,36.18279569892473,residential,False,27,82686004
6879858960,320070413,116.65,30.0,residential,False,26,82686004
6879858981,254262730,246.41,36.18279569892473,residential,False,34,82903274
6879858982,6879858981,41.0,51.36889705201475,secondary_link,False,22,82903274
6879858982,93693058,97.42,53.482142857142854,secondary,True,18,82903274
6879858982,9332976323,37.65,53.482142857142854,secondary,False,28,82903274
6879877002,256394699,152.57,36.18279569892473,residential,False,25,11346035713
6879877002,12743663759,23.3,36.18279569892473,residential,False,30,11346035713
6879877002,11961523010,60.29,36.18279569892473,residential,False,23,11346035713
6879900300,313199313,23.1,36.18279569892473,residential,False,24,82903274
6879900300,93693058,77.64,36.18279569892473,residential,True,32,82903274
6879900300,2006881382,237.52,36.18279569892473,residential,False,25,82903274
6879905270,60969930,107.83,60.0,primary,True,33,11346035713
6879905270,60969237,142.56,60.0,primary,True,23,11346035713
6879905270,12911719236,34.43,36.18279569892473,residential,False,15,11346035713
6879934716,83723935,112.22,36.18279569892473,residential,False,14,11346035713
6879934716,6376453481,33.31,36.18279569892473,residential,False,26,11346035713
6879934716,6376359585,175.79,36.18279569892473,residential,False,14,11346035713
6879934731,60969930,15.46,36.18279569892473,residential,True,25,11346035713
6879934731,83723935,83.04,36.18279569892473,residential,False,32,11346035713
6879934731,12908648340,138.74,36.18279569892473,residential,False,24,11346035713
6879934743,6376359585,30.42,36.18279569892473,residential,False,14,11346035713
6879934743,83723935,167.26,36.18279569892473,residential,False,32,11346035713
6879934743,12908648340,50.81,36.18279569892473,residential,False,26,11346035713
6879971364,9409056694,41.97,36.18279569892473,residential,False,26,93731379
6879971364,6879971370,94.22,36.18279569892473,residential,False,13,93731379
6879971364,12909668266,32.23,36.18279569892473,residential,False,32,93731379
6879971366,6879971369,70.16,36.18279569892473,residential,False,16,93731379
6879971369,9325766448,31.51,36.18279569892473,residential,False,24,93731379
6879971369,6879971370,51.26,36.18279569892473,residential,False,25,93731379
6879971369,6879971366,70.16,36.18279569892473,residential,False,11,93731379
6879971370,6879971369,51.26,36.18279569892473,residential,False,33,93731379
6879971370,12909668266,129.97,36.18279569892473,residential,False,15,93731379
6879971370,6879971364,94.22,36.18279569892473,residential,False,27,93731379
6879987093,6879987095,55.23,36.18279569892473,residential,False,21,11346035713
6879987095,256394757,268.1,36.18279569892473,residential,False,13,11346035713
6879987095,256394751,67.7,36.18279569892473,residential,False,29,11346035713
6879987095,6879987093,55.23,36.18279569892473,residential,False,23,11346035713
6879987096,6879987098,45.07,36.18279569892473,residential,False,13,11346035713
6879987098,6376453481,186.63,36.18279569892473,residential,False,13,11346035713
6879987098,83728496,131.49,36.18279569892473,residential,False,21,11346035713
6879987098,6879987096,45.07,36.18279569892473,residential,False,28,11346035713
6882258546,84552068,80.04,36.18279569892473,residential,False,19,105814816
6882299249,105817579,25.59,36.18279569892473,residential,False,11,105814816
6882299249,6365316762,116.87,36.18279569892473,residential,False,26,105814816
6882299249,6882299260,144.85,36.18279569892473,residential,False,14,105814816
6882299260,6882299249,144.85,36.18279569892473,residential,False,13,105814816
6882299260,4166286182,395.62,36.18279569892473,residential,False,21,105814816
6882299260,6993962001,33.16,36.18279569892473,residential,False,19,105814816
6882299276,6882299280,156.36,36.18279569892473,residential,False,21,105814816
6882299280,105817579,13.68,36.18279569892473,residential,False,19,105814816
6882299280,105817583,113.92,36.18279569892473,residential,False,19,105814816
6882299280,6882299276,156.36,36.18279569892473,residential,False,25,105814816
6882312972,147928434,58.73,36.18279569892473,residential,False,10,105814816
6882312972,84551888,141.11,36.18279569892473,residential,False,35,105814816
6882312972,147929344,165.97,36.18279569892473,residential,False,14,105814816
6882362386,105815576,26.08,36.18279569892473,residential,False,14,6882362386
6882362386,105814816,103.99,36.18279569892473,residential,False,35,6882362386
6882362386,6882484732,123.9,36.18279569892473,residential,False,28,6882362386
6882484724,12889822802,18.46,36.18279569892473,residential,False,23,105814816
6882484732,6882362386,123.9,36.18279569892473,residential,False,11,6882362386
6882593561,3868812901,50.24,54.67289719626168,primary,False,19,82903274
6882593561,5738370364,58.28,54.67289719626168,primary,False,19,82903274
6882593561,6168503097,85.3,36.18279569892473,residential,False,16,82903274
6882650148,301953952,209.12,36.18279569892473,residential,False,15,301954258
6882650148,301953805,20.69,36.18279569892473,residential,False,33,301954258
6882650148,11337799793,71.81,36.18279569892473,residential,False,25,301954258
6883076523,301947900,51.47,36.18279569892473,residential,False,10,6218659532
6883113402,301946561,178.37,36.18279569892473,residential,False,13,147963281
6883113402,147953502,67.66,36.18279569892473,residential,False,27,147963281
6883113402,12906090335,79.7,36.18279569892473,residential,False,21,147963281
6883113416,6394834207,122.89,36.18279569892473,residential,False,12,147963281
6883113416,301948050,38.63,36.18279569892473,residential,False,11,147963281
6883113416,6997280502,52.29,36.18279569892473,residential,False,23,147963281
6883394894,105806695,45.93,36.18279569892473,residential,False,25,6218659532
6883394894,6185022095,67.41,36.18279569892473,residential,False,28,6218659532
6883394894,11337747019,84.62,36.18279569892473,residential,False,19,6218659532
6883599526,388277720,73.92,36.18279569892473,residential,False,28,388276886
6883599526,82627851,267.72,36.18279569892473,residential,False,24,388276886
6883599526,90215988,315.74,36.18279569892473,residential,False,20,388276886
6883616106,301867855,117.28,36.18279569892473,residential,False,35,147963281
6883616122,301952754,121.64,36.18279569892473,residential,False,22,6218659532
6883668213,14077098239,82.04,20.0,living_street,False,25,90214098
6883668217,6222459367,140.52,20.0,living_street,False,33,7098591540
6883700561,9703854403,54.68,36.18279569892473,residential,False,29,256619924
6883700561,12888128361,16.85,36.18279569892473,residential,False,14,256619924
6883700561,3105399703,395.93,36.18279569892473,residential,False,34,256619924
6883700570,12888326354,26.06,36.18279569892473,residential,False,14,256619924
6883700570,3105399703,40.73,36.18279569892473,residential,False,26,256619924
6883700570,8174717608,186.17,36.18279569892473,residential,False,30,256619924
6883700578,6883710889,37.03,36.18279569892473,residential,False,24,6988544531
6883700580,361419456,8.31,36.18279569892473,residential,False,34,6988544531
6883700580,361419733,483.42,36.18279569892473,residential,False,24,6988544531
6883700580,361421463,222.82,36.18279569892473,residential,False,31,6988544531
6883710889,6981229230,35.59,36.18279569892473,residential,False,24,6988544531
6883710889,6883700578,37.03,36.18279569892473,residential,False,14,6988544531
6883710889,6883710891,86.81,36.18279569892473,residential,False,33,6988544531
6883710891,361419456,34.61,36.18279569892473,residential,False,20,6988544531
6883710891,6391840495,214.82,36.18279569892473,residential,False,12,6988544531
6883710891,6883710889,86.81,36.18279569892473,residential,False,35,6988544531
6883830419,388276973,84.64,36.18279569892473,residential,False,29,388276886
6883830424,12886704052,55.27,36.18279569892473,residential,False,31,388276886
6883853441,12889787895,44.64,36.18279569892473,residential,False,29,105814816
6883853441,301957518,76.06,36.18279569892473,residential,False,23,105814816
6883853441,84551891,75.68,36.18279569892473,residential,False,22,105814816
6883855330,9162667631,26.9,36.18279569892473,residential,False,17,6218659532
6883855330,6997014490,67.45,36.18279569892473,residential,False,22,6218659532
6883855330,301952756,95.89,36.18279569892473,residential,False,20,6218659532
6883856469,387431742,95.97,36.18279569892473,residential,False,27,386876240
6883876802,84549159,26.42,60.0,primary,False,11,90214098
6883876802,84550083,802.36,60.0,primary,False,31,90214098
6883876802,84549161,18.24,36.18279569892473,residential,False,24,90214098
6903940762,8273497064,15.95,36.18279569892473,residential,False,33,320981769
6903940762,12888255043,54.28,36.18279569892473,residential,False,18,320981769
6903940762,6903978270,180.87,36.18279569892473,residential,False,30,320981769
6903940764,12887885899,7.29,36.18279569892473,residential,False,12,320981769
6903940764,6903978270,61.34,36.18279569892473,residential,False,15,320981769
6903940764,12887966565,187.34,36.18279569892473,residential,False,32,320981769
6903940766,12887966565,10.87,36.18279569892473,residential,False,10,320981769
6903940766,12887953571,364.36,36.18279569892473,residential,False,28,320981769
6903940766,6903978264,102.67,36.18279569892473,residential,False,30,320981769
6903951699,6903951703,161.34,36.18279569892473,residential,False,35,320981769
6903951703,89041797,173.03,36.18279569892473,residential,False,34,320981769
6903951703,8270157345,61.26,36.18279569892473,residential,False,32,320981769
6903951703,6903951699,161.34,36.18279569892473,residential,False,19,320981769
6903978252,739119192,40.8,36.18279569892473,residential,False,27,320981769
6903978264,6903940766,102.67,36.18279569892473,residential,False,30,320981769
6903978266,6903978270,134.97,36.18279569892473,residential,False,13,320981769
6903978270,6903940764,61.34,36.18279569892473,residential,False,30,320981769
6903978270,6903940762,180.87,36.18279569892473,residential,False,27,320981769
6903978270,6903978266,134.97,36.18279569892473,residential,False,12,320981769
6903978271,93777162,84.53,36.18279569892473,residential,False,16,320981769
6904019308,686454183,164.66,36.18279569892473,residential,False,29,320981769
6904082952,82701719,143.44,36.18279569892473,residential,False,27,320050383
6904082952,93746054,149.18,36.18279569892473,residential,False,28,320050383
6904082952,12890170209,280.82,36.18279569892473,residential,False,34,320050383
6904119154,6904119167,43.73,36.18279569892473,residential,False,11,320981769
6904119162,6904119167,176.94,36.18279569892473,residential,False,28,320981769
6904119167,82911031,15.8,36.18279569892473,residential,False,26,320981769
6904119167,6904119154,43.73,36.18279569892473,residential,False,16,320981769
6904119167,6904119162,176.94,36.18279569892473,residential,False,34,320981769
6906505384,88960685,50.7,36.18279569892473,residential,False,25,6185036192
6906509686,6906509693,137.2,36.18279569892473,residential,False,26,6185036192
6906509693,301959761,14.27,36.18279569892473,residential,False,10,6185036192
6906509693,6363523401,239.86,36.18279569892473,residential,False,13,6185036192
6906509693,6906509686,137.2,36.18279569892473,residential,False,31,6185036192
6906509695,301959761,192.47,36.18279569892473,residential,False,27,6185036192
6906598654,88959243,196.71,36.18279569892473,residential,False,15,6185036192
6906598657,301958848,86.81,36.18279569892473,residential,False,10,6185036192
6906747230,5703100786,494.11,36.18279569892473,residential,False,18,6185036192
6906747245,6821399352,87.84,36.18279569892473,residential,False,35,6185036192
6906747250,6906762562,304.69,36.18279569892473,residential,False,16,6185036192
6906747266,6906762551,126.28,36.18279569892473,residential,False,17,6185036192
6906747275,471180183,249.64,36.18279569892473,residential,False,32,6185036192
6906757449,6906757450,58.15,36.18279569892473,residential,False,28,6185036192
6906757450,88962792,57.95,36.18279569892473,residential,False,24,6185036192
6906757450,2105997908,13.15,36.18279569892473,residential,False,12,6185036192
6906757450,6906757449,58.15,36.18279569892473,residential,False,35,6185036192
6906757451,6361346385,61.69,36.18279569892473,residential,False,27,6185036192
6906762507,471180178,535.18,36.18279569892473,residential,False,29,6185036192
6906762551,6906747266,126.28,36.18279569892473,residential,False,20,6185036192
6906762551,471180197,150.13,36.18279569892473,residential,False,22,6185036192
6906762551,471180183,207.96,36.18279569892473,residential,False,28,6185036192
6906762562,471180215,122.45,36.18279569892473,residential,False,11,6185036192
6906762562,471180197,181.76,36.18279569892473,residential,False,25,6185036192
6906762562,6906747250,304.69,36.18279569892473,residential,False,10,6185036192
6906815994,471180029,80.88,36.18279569892473,residential,False,20,6185036192
6906815994,471179988,92.57,36.18279569892473,residential,False,23,6185036192
6906815994,6906847286,71.22,36.18279569892473,residential,False,15,6185036192
6906822800,471180927,282.44,36.18279569892473,residential,False,23,6185036192
6906822805,6199759826,78.48,36.18279569892473,residential,False,10,6185036192
6906834320,6906834326,113.5,36.18279569892473,residential,False,26,6185036192
6906834326,471183796,71.05,36.18279569892473,residential,False,20,6185036192
6906834326,1949737034,163.54,36.18279569892473,residential,False,22,6185036192
6906834326,6906834320,113.5,36.18279569892473,residential,False,18,6185036192
6906834327,6906834339,99.92,36.18279569892473,residential,False,12,6185036192
6906834339,471183822,307.75,36.18279569892473,residential,False,13,6185036192
6906834339,471183796,230.57,36.18279569892473,residential,False,13,6185036192
6906834339,6906834327,99.92,36.18279569892473,residential,False,27,6185036192
6906834344,6821365871,760.74,36.18279569892473,residential,False,15,6185036192
6906834344,11338803555,56.0,36.18279569892473,residential,False,19,6185036192
6906834344,13711223982,275.62,36.18279569892473,residential,False,14,6185036192
6906847286,6906815994,71.22,36.18279569892473,residential,False,15,6185036192
6906847295,6199813885,87.2,36.18279569892473,residential,False,18,6185036192
6906847302,6906847313,186.59,36.18279569892473,residential,False,34,6185036192
6906847313,471184327,17.57,36.18279569892473,residential,False,12,6185036192
6906847313,471184295,54.79,36.18279569892473,residential,False,14,6185036192
6906847313,6906847302,186.59,36.18279569892473,residential,False,19,6185036192
6906847314,6199802379,127.8,36.18279569892473,residential,False,23,6185036192
6906847317,6906847326,70.01,36.18279569892473,residential,False,31,6185036192
6906847324,471184295,167.87,36.18279569892473,residential,False,15,6185036192
6906847324,471184259,188.19,36.18279569892473,residential,False,11,6185036192
6906847324,6906847326,26.77,36.18279569892473,residential,False,29,6185036192
6906847326,6906847317,70.01,36.18279569892473,residential,False,20,6185036192
6906847326,6906847324,26.77,36.18279569892473,residential,False,15,6185036192
6906847326,6199802379,176.14,36.18279569892473,residential,False,10,6185036192
6906847331,471184259,396.13,36.18279569892473,residential,False,32,6185036192
6906935164,6906935167,75.65,36.18279569892473,residential,False,11,6185036192
6906935167,1955237888,12.0,53.482142857142854,secondary,False,19,6185036192
6906935167,1447454516,133.85,53.482142857142854,secondary,False,22,6185036192
6906935167,6906935164,75.65,36.18279569892473,residential,False,13,6185036192
6906935169,6906935171,178.62,36.18279569892473,residential,False,20,6185036192
6906935171,471180886,234.41,36.18279569892473,residential,False,14,6185036192
6906935171,471180869,50.95,36.18279569892473,residential,False,23,6185036192
6906935171,6906935169,178.62,36.18279569892473,residential,False,20,6185036192
6906935173,1447454516,136.24,50.0,secondary,False,18,6185036192
6906935173,247264758,263.97,36.18279569892473,residential,False,22,6185036192
6907005640,471182439,121.77,36.18279569892473,residential,False,13,6185036192
6907005640,83771438,195.87,36.18279569892473,residential,False,11,6185036192
6907005640,11338888125,32.37,36.18279569892473,residential,False,16,6185036192
6907029834,6907029876,126.34,36.18279569892473,residential,False,17,6185036192
6907029838,6907029839,57.88,36.18279569892473,residential,False,34,6185036192
6907029839,471316528,19.83,36.18279569892473,residential,False,29,6185036192
6907029839,6907029838,57.88,36.18279569892473,residential,False,28,6185036192
6907029839,471316536,175.12,36.18279569892473,residential,False,17,6185036192
6907029866,6907029871,156.89,36.18279569892473,residential,False,25,6185036192
6907029871,247265008,409.66,36.18279569892473,residential,False,26,6185036192
6907029871,6907029866,156.89,36.18279569892473,residential,False,34,6185036192
6907029876,471179885,117.99,36.18279569892473,residential,False,26,6185036192
6907029876,471179850,504.94,36.18279569892473,residential,False,22,6185036192
6907029876,6907029834,126.34,36.18279569892473,residential,False,13,6185036192
6907029879,247264760,53.2,36.18279569892473,residential,False,18,6185036192
6907037687,2356222927,574.89,36.18279569892473,residential,False,11,6185036192
6907037713,247266388,409.43,36.18279569892473,residential,False,20,6185036192
6907048753,471182686,100.21,36.18279569892473,residential,False,24,6185036192
6907048753,471183295,101.56,36.18279569892473,residential,False,27,6185036192
6907048753,11338755700,313.88,36.18279569892473,residential,False,23,6185036192
6907048760,6907048762,65.83,36.18279569892473,residential,False,12,6185036192
6907048762,471182672,42.78,36.18279569892473,residential,False,25,6185036192
6907048762,89076751,91.93,36.18279569892473,residential,False,10,6185036192
6907048762,6907048760,65.83,36.18279569892473,residential,False,23,6185036192
6907048768,6907048777,152.88,36.18279569892473,residential,False,30,6185036192
6907048777,471182673,10.28,36.18279569892473,residential,False,17,6185036192
6907048777,471182683,225.72,36.18279569892473,residential,False,10,6185036192
6907048777,6907048768,152.88,36.18279569892473,residential,False,18,6185036192
6907065811,6907065853,481.16,36.18279569892473,residential,False,27,6185036192
6907065843,6907065853,134.31,36.18279569892473,residential,False,28,6185036192
6907065853,471183393,99.02,36.18279569892473,residential,False,31,6185036192
6907065853,471183379,220.68,36.18279569892473,residential,False,13,6185036192
6907065853,6907065843,134.31,36.18279569892473,residential,False,17,6185036192
6907065853,6907065811,481.16,36.18279569892473,residential,False,34,6185036192
6907065868,11338871119,382.39,36.18279569892473,residential,False,27,6185036192
6907065868,6907153933,86.91,36.18279569892473,residential,False,30,6185036192
6907065868,6907148184,193.9,36.18279569892473,residential,False,35,6185036192
6907148125,6997501661,461.99,40.0,residential,False,14,6185036192
6907148125,1324141761,824.8,40.0,residential,False,19,6185036192
6907148125,6997498145,239.62,36.18279569892473,residential,False,28,6185036192
6907148176,6907148184,98.34,36.18279569892473,residential,False,23,6185036192
6907148184,3628793919,627.51,36.18279569892473,residential,False,24,6185036192
6907148184,6958024199,140.41,36.18279569892473,residential,False,12,6185036192
6907148184,6907148176,98.34,36.18279569892473,residential,False,30,6185036192
6907148184,6907065868,193.9,36.18279569892473,residential,False,26,6185036192
6907153898,6907153910,176.13,36.18279569892473,residential,False,16,6185036192
6907153910,6907153933,306.25,36.18279569892473,residential,False,35,6185036192
6907153910,3628809420,241.43,36.18279569892473,residential,False,14,6185036192
6907153910,6907153898,176.13,36.18279569892473,residential,False,21,6185036192
6907153933,6907065868,86.91,36.18279569892473,residential,False,27,6185036192
6907153933,6907153910,306.25,36.18279569892473,residential,False,15,6185036192
6907153933,6361078559,758.5,36.18279569892473,residential,False,35,6185036192
6907153975,6907153984,190.29,36.18279569892473,residential,False,17,6185036192
6907153984,3628809420,463.24,36.18279569892473,residential,False,27,6185036192
6907153984,88971274,438.19,36.18279569892473,residential,False,23,6185036192
6907153984,6907153975,190.29,36.18279569892473,residential,False,27,6185036192
6907153985,6907153999,210.62,36.18279569892473,residential,False,24,6185036192
6907153999,6956096169,199.37,36.18279569892473,residential,False,11,6185036192
6907153999,3628809420,101.86,36.18279569892473,residential,False,10,6185036192
6907153999,6907153985,210.62,36.18279569892473,residential,False,24,6185036192
6907232476,6997498145,21.11,36.18279569892473,residential,False,29,6185036192
6907277716,6361099681,582.79,45.0,unclassified,False,19,6185036192
6907277760,6220606122,1007.61,36.18279569892473,residential,False,30,6185036192
6909831080,6909831081,47.44,36.18279569892473,residential,False,15,6185036192
6909831081,6909831080,47.44,36.18279569892473,residential,False,10,6185036192
6909831081,6909877286,104.58,36.18279569892473,residential,False,11,6185036192
6909831081,88960689,46.91,36.18279569892473,residential,False,25,6185036192
6909831083,6909877286,168.66,36.18279569892473,residential,False,18,6185036192
6909877286,301959963,41.6,36.18279569892473,residential,False,29,6185036192
6909877286,6909831081,104.58,36.18279569892473,residential,False,18,6185036192
6909877286,6909831083,168.66,36.18279569892473,residential,False,31,6185036192
6909877288,6913123875,125.16,36.18279569892473,residential,False,22,105814816
6909877288,6871806943,57.86,36.18279569892473,residential,False,21,105814816
6909877288,6365510043,31.57,36.18279569892473,residential,False,30,105814816
6910738651,6910738659,98.05,36.18279569892473,residential,False,16,320050383
6910738659,90206208,50.42,36.18279569892473,residential,False,28,320050383
6910738659,12046344103,72.64,36.18279569892473,residential,False,26,320050383
6910738659,6910738651,98.05,36.18279569892473,residential,False,19,320050383
6910786387,386876211,45.73,36.18279569892473,residential,False,11,386876240
6910806240,6910806249,129.87,36.18279569892473,residential,False,15,90214098
6910806249,8273705765,247.08,36.18279569892473,residential,False,33,90214098
6910806249,1474193158,392.65,36.18279569892473,residential,False,27,90214098
6910806249,6910806240,129.87,36.18279569892473,residential,False,28,90214098
6910815996,6910816008,184.12,36.18279569892473,residential,False,12,90214098
6910816008,1474193161,1136.67,36.18279569892473,residential,False,19,90214098
6910816008,4734965423,136.24,36.18279569892473,residential,False,12,90214098
6910816008,6910815996,184.12,36.18279569892473,residential,False,22,90214098
6910816027,6910816096,129.78,36.18279569892473,residential,False,32,90214098
6910816096,84551238,296.86,36.18279569892473,residential,False,13,90214098
6910816096,4734965423,694.91,36.18279569892473,residential,False,14,90214098
6910816096,6910816027,129.78,36.18279569892473,residential,False,33,90214098
6910832751,84549189,296.09,36.18279569892473,residential,False,27,90214098
6913123864,6913123875,138.18,36.18279569892473,residential,False,18,105814816
6913123875,6909877288,125.16,36.18279569892473,residential,False,23,105814816
6913123875,6365510048,47.5,36.18279569892473,residential,False,16,105814816
6913123875,6913123864,138.18,36.18279569892473,residential,False,29,105814816
6913713963,1474113337,39.15,36.18279569892473,residential,False,26,90214098
6913713963,84550353,452.12,36.18279569892473,residential,False,35,90214098
6913713963,1491400148,133.48,36.18279569892473,residential,False,20,90214098
6913827436,82619405,111.67,36.18279569892473,residential,False,31,320981769
6913827468,8273722942,138.71,36.18279569892473,residential,False,20,320981769
6913827468,8274131694,100.76,36.18279569892473,residential,False,30,320981769
6913827468,8273722797,50.62,36.18279569892473,residential,False,18,320981769
6913827479,1474146856,299.85,45.0,unclassified,False,34,320981769
6913827479,4050579849,22.61,45.0,unclassified,False,32,320981769
6913827479,6914010712,277.9,36.18279569892473,residential,False,24,320981769
6913838053,6913838058,99.75,36.18279569892473,residential,False,18,320981769
6913838058,254316820,177.55,36.18279569892473,residential,False,17,320981769
6913838058,82908423,135.79,36.18279569892473,residential,False,31,320981769
6913838058,6913838053,99.75,36.18279569892473,residential,False,20,320981769
6913838063,2728449052,40.92,45.0,unclassified,False,20,320981769
6913838084,310546535,137.86,36.18279569892473,residential,False,16,320981769
6913838084,6913858089,182.4,36.18279569892473,residential,False,24,320981769
6913838084,1489365629,386.4,36.18279569892473,residential,False,29,320981769
6913842990,1474148392,349.61,36.18279569892473,residential,False,20,320981769
6913858089,6913838084,182.4,36.18279569892473,residential,False,10,320981769
6913858089,6171715953,28.89,36.18279569892473,residential,False,32,320981769
6913858089,12888531569,86.12,36.18279569892473,residential,False,14,320981769
6913997145,247071402,440.41,53.482142857142854,secondary,False,30,90214098
6913997145,6914068216,174.46,36.18279569892473,residential,False,10,90214098
6913997176,247071451,393.43,53.482142857142854,secondary,False,29,90214098
6913997176,6914068529,39.4,53.482142857142854,secondary,False,25,90214098
6913997176,6914068545,114.54,36.18279569892473,residential,False,10,90214098
6914010703,7264797497,362.22,36.18279569892473,residential,False,10,320981769
6914010703,93775506,119.31,36.18279569892473,residential,False,31,320981769
6914010703,8272180234,106.82,36.18279569892473,residential,False,15,320981769
6914010712,6913827479,277.9,36.18279569892473,residential,False,23,320981769
6914015027,1474168290,91.35,36.18279569892473,residential,False,27,320981769
6914015084,492690507,390.89,36.18279569892473,residential,False,32,320981769
6914015084,1474164446,131.82,36.18279569892473,residential,False,32,320981769
6914015084,6914063610,320.89,36.18279569892473,residential,False,25,320981769
6914015084,492693558,369.41,36.18279569892473,residential,False,34,320981769
6914063610,492693558,92.06,36.18279569892473,residential,False,22,320981769
6914063610,492690507,241.2,36.18279569892473,residential,False,27,320981769
6914063610,6914015084,320.89,36.18279569892473,residential,False,12,320981769
6914063623,1474175158,139.05,36.18279569892473,residential,False,35,320981769
6914063633,1474168315,164.13,36.18279569892473,residential,False,30,320981769
6914063661,4050606848,129.5,36.18279569892473,residential,False,30,320981769
6914063674,4050606845,151.31,36.18279569892473,residential,False,12,320981769
6914063674,4050606816,267.33,36.18279569892473,residential,False,27,320981769
6914063674,4050606805,45.6,36.18279569892473,residential,False,10,320981769
6914063683,1474182591,318.4,36.18279569892473,residential,False,31,320981769
6914068213,6914068215,72.8,36.18279569892473,residential,False,24,320981769
6914068215,247071451,57.19,36.18279569892473,residential,False,31,320981769
6914068215,1804727614,176.93,36.18279569892473,residential,False,13,320981769
6914068215,6914068213,72.8,36.18279569892473,residential,False,21,320981769
6914068216,6913997145,174.46,36.18279569892473,residential,False,22,90214098
6914068232,6914068240,137.66,36.18279569892473,residential,False,29,320981769
6914068240,492693583,192.54,36.18279569892473,residential,False,21,320981769
6914068240,1474175158,198.29,36.18279569892473,residential,False,22,320981769
6914068240,6914068232,137.66,36.18279569892473,residential,False,15,320981769
6914068252,6914068269,115.34,36.18279569892473,residential,False,34,320981769
6914068269,82619416,156.59,36.18279569892473,residential,False,35,320981769
6914068269,82619409,257.84,36.18279569892473,residential,False,32,320981769
6914068269,6914068252,115.34,36.18279569892473,residential,False,10,320981769
6914068275,1804727615,123.41,36.18279569892473,residential,False,13,320981769
6914068506,8273696023,105.3,36.18279569892473,residential,False,24,90214098
6914068529,6913997176,39.4,53.482142857142854,secondary,False,21,90214098
6914068529,8273705748,736.29,53.482142857142854,secondary,False,16,90214098
6914068529,6914068538,167.2,36.18279569892473,residential,False,24,90214098
6914068530,6914068538,138.19,36.18279569892473,residential,False,10,90214098
6914068538,6914068529,167.2,36.18279569892473,residential,False,17,90214098
6914068538,6914068530,138.19,36.18279569892473,residential,False,33,90214098
6914068538,6914068545,67.73,36.18279569892473,residential,False,10,90214098
6914068545,8273696023,12.96,36.18279569892473,residential,False,34,90214098
6914068545,6914068538,67.73,36.18279569892473,residential,False,18,90214098
6914068545,6913997176,114.54,36.18279569892473,residential,False,31,90214098
6914068551,6914068561,138.22,36.18279569892473,residential,False,32,320981769
6914068561,1474182591,86.8,36.18279569892473,residential,False,21,320981769
6914068561,1474182613,190.43,36.18279569892473,residential,False,16,320981769
6914068561,6914068551,138.22,36.18279569892473,residential,False,12,320981769
6914079386,6914079390,78.54,36.18279569892473,residential,False,29,320981769
6914079390,1474175158,16.47,36.18279569892473,residential,False,30,320981769
6914079390,4736701623,119.43,36.18279569892473,residential,False,19,320981769
6914079390,6914079386,78.54,36.18279569892473,residential,False,35,320981769
6914079391,492690507,310.8,36.18279569892473,residential,False,32,320981769
6952888980,6391840495,11.69,36.18279569892473,residential,False,17,6988544531
6952888980,3650952056,152.13,36.18279569892473,residential,False,17,6988544531
6952888980,12888061082,79.28,36.18279569892473,residential,False,25,6988544531
6952908688,4943479961,139.02,44.02390438247012,tertiary,False,21,6988544531
6952908688,6394889142,11.95,44.02390438247012,tertiary,False,11,6988544531
6952908690,4943480039,218.12,36.18279569892473,residential,False,18,6988544531
6952908690,361419786,46.61,36.18279569892473,residential,False,25,6988544531
6952908690,361419733,512.26,36.18279569892473,residential,False,32,6988544531
6955517773,4943479993,82.17,36.18279569892473,residential,False,32,6988544531
6955537243,1794344260,12.05,44.02390438247012,tertiary,False,29,82668285
6955537243,2546277877,14.87,44.02390438247012,tertiary,False,16,82668285
6955537243,1794344202,20.16,36.18279569892473,residential,False,10,82668285
6955667353,4942281568,180.39,36.18279569892473,residential,False,16,256619924
6955667353,4942281627,398.51,36.18279569892473,residential,False,30,256619924
6955667353,12886528356,189.79,36.18279569892473,residential,False,22,256619924
6955689413,6955689422,96.16,36.18279569892473,residential,False,13,256619924
6955689422,8174717600,13.83,36.18279569892473,residential,False,18,256619924
6955689422,8174717605,52.44,36.18279569892473,residential,False,28,256619924
6955689422,6955689413,96.16,36.18279569892473,residential,False,26,256619924
6955763719,302335125,12.18,36.18279569892473,residential,False,25,256619924
6955763719,4942281550,85.84,36.18279569892473,residential,False,15,256619924
6955763719,302338370,83.72,36.18279569892473,residential,False,27,256619924
6955763746,12888787014,31.14,36.18279569892473,residential,False,16,320981769
6955763746,302340820,33.27,36.18279569892473,residential,False,31,320981769
6955763746,302340813,71.71,36.18279569892473,residential,False,33,320981769
6956022976,6956022978,9.35,50.0,primary,False,28,256619924
6956022976,10307781019,644.12,50.0,primary,False,31,256619924
6956022976,317631775,23.92,36.18279569892473,residential,False,31,256619924
6956022978,6956022976,9.35,50.0,primary,False,29,256619924
6956022978,82664077,217.34,50.0,primary,False,28,256619924
6956094881,3628793919,74.28,36.18279569892473,residential,False,15,6185036192
6956094881,6956101900,125.86,36.18279569892473,residential,False,12,6185036192
6956094882,6956101900,84.92,36.18279569892473,residential,False,28,6185036192
6956096145,6956096157,81.72,36.18279569892473,residential,False,14,6185036192
6956096157,6956096145,81.72,36.18279569892473,residential,False,33,6185036192
6956096157,6956096158,79.06,36.18279569892473,residential,False,12,6185036192
6956096157,6956096169,21.51,36.18279569892473,residential,False,14,6185036192
6956096158,6956096157,79.06,36.18279569892473,residential,False,18,6185036192
6956096169,6956101900,350.49,36.18279569892473,residential,False,28,6185036192
6956096169,6907153999,199.37,36.18279569892473,residential,False,17,6185036192
6956096169,6956096157,21.51,36.18279569892473,residential,False,26,6185036192
6956101900,6956094881,125.86,36.18279569892473,residential,False,33,6185036192
6956101900,6956096169,350.49,36.18279569892473,residential,False,35,6185036192
6956101900,6956094882,84.92,36.18279569892473,residential,False,18,6185036192
6956167741,302338391,105.91,36.18279569892473,residential,False,16,256619924
6956167749,361419733,110.39,36.18279569892473,residential,False,31,6988544531
6957987513,6957987524,89.03,36.18279569892473,residential,False,10,6185036192
6957987524,3628793919,297.22,36.18279569892473,residential,False,32,6185036192
6957987524,6957987513,89.03,36.18279569892473,residential,False,31,6185036192
6958012750,6958024185,291.43,36.18279569892473,residential,False,27,6185036192
6958012775,6958024185,76.65,36.18279569892473,residential,False,29,6185036192
6958024185,6958012775,76.65,36.18279569892473,residential,False,18,6185036192
6958024185,6958012750,291.43,36.18279569892473,residential,False,31,6185036192
6958024185,6958024199,60.51,36.18279569892473,residential,False,27,6185036192
6958024199,6958024200,82.32,36.18279569892473,residential,False,24,6185036192
6958024199,6907148184,140.41,36.18279569892473,residential,False,10,6185036192
6958024199,6958024185,60.51,36.18279569892473,residential,False,23,6185036192
6958024200,6958024199,82.32,36.18279569892473,residential,False,30,6185036192
6958151247,12919787455,6.05,36.18279569892473,residential,False,31,147963281
6958151247,11337786907,96.07,36.18279569892473,residential,False,30,147963281
6958151247,12907533438,87.96,36.18279569892473,residential,False,11,147963281
6958296953,301854898,260.83,36.18279569892473,residential,False,20,147963281
6958296954,254293585,42.85,36.18279569892473,residential,False,23,147963281
6958296954,11188970244,116.23,36.18279569892473,residential,False,23,147963281
6958296954,254293685,316.54,36.18279569892473,residential,False,18,147963281
6958326888,301868522,251.23,36.18279569892473,residential,False,13,147963281
6958326888,301869480,286.62,36.18279569892473,residential,False,31,147963281
6958326888,6958456098,65.52,36.18279569892473,residential,False,26,147963281
6958326888,6958456092,77.15,36.18279569892473,residential,False,24,147963281
6958456092,6958326888,77.15,36.18279569892473,residential,False,25,147963281
6958456098,6958326888,65.52,36.18279569892473,residential,False,21,147963281
6958485888,11194855673,20.49,36.18279569892473,residential,False,26,12901492583
6958485888,254293685,87.68,36.18279569892473,residential,False,34,12901492583
6958485888,11188958636,300.38,36.18279569892473,residential,False,11,12901492583
6958485892,6958485895,124.15,36.18279569892473,residential,False,33,12901492583
6958485895,6958485892,124.15,36.18279569892473,residential,False,17,12901492583
6958485895,12504156319,326.33,36.18279569892473,residential,False,11,12901492583
6958485895,254293690,134.4,36.18279569892473,residential,False,18,12901492583
6958485896,6958485902,104.74,36.18279569892473,residential,False,23,12901492583
6958485902,254293688,46.33,36.18279569892473,residential,False,27,12901492583
6958485902,6958485896,104.74,36.18279569892473,residential,False,24,12901492583
6958485902,6391275021,34.68,36.18279569892473,residential,False,20,12901492583
6958485915,301868075,45.32,36.18279569892473,residential,False,10,147963281
6958485920,12906457447,31.85,36.18279569892473,residential,False,22,147963281
6958485920,301868248,45.88,40.0,residential,False,16,147963281
6958485920,301868075,76.76,40.0,residential,False,20,147963281
6958506909,11194855684,166.78,44.02390438247012,tertiary,False,12,12901492583
6958506909,301857601,208.51,44.02390438247012,tertiary,False,28,12901492583
6958506909,12900709486,107.68,36.18279569892473,residential,False,35,12901492583
6958506913,147971471,91.8,36.18279569892473,residential,False,10,147963281
6958506925,147977359,174.74,36.18279569892473,residential,False,33,147963281
6958538239,6958538245,83.46,36.18279569892473,residential,False,17,147963281
6958538245,84558861,137.06,36.18279569892473,residential,False,32,147963281
6958538245,84558849,90.23,36.18279569892473,residential,False,23,147963281
6958538245,6958538239,83.46,36.18279569892473,residential,False,12,147963281
6958538246,301868953,138.84,36.18279569892473,residential,False,17,147963281
6958843949,1327337229,136.58,36.18279569892473,residential,False,16,12901492583
6958843961,12905498939,247.19,36.18279569892473,residential,False,15,12901492583
6958843961,90309086,154.99,36.18279569892473,residential,False,20,12901492583
6958843961,12909108320,68.26,36.18279569892473,residential,False,19,12901492583
6958888842,301842893,245.34,36.18279569892473,residential,False,12,12901492583
6967286688,82705514,172.43,60.0,secondary,False,30,82903274
6967286688,6967286690,25.96,53.482142857142854,secondary,False,30,82903274
6967286689,6967286688,1.23,60.0,secondary,False,13,82903274
6967286690,12912801085,341.64,53.482142857142854,secondary,False,10,82903274
6967286690,2500063369,19.19,60.0,secondary,False,25,82903274
6967286695,6967286697,8.38,44.02390438247012,tertiary,False,23,11253757267
6967286695,7813814039,559.9,44.02390438247012,tertiary,False,35,11253757267
6967286696,6967286695,9.24,44.02390438247012,tertiary,False,10,11253757267
6967286696,82898904,151.17,44.02390438247012,tertiary,False,28,11253757267
6967286697,6967286698,9.14,44.02390438247012,tertiary,False,35,11253757267
6967286698,6967286696,8.2,44.02390438247012,tertiary,False,30,11253757267
6967286698,6967286699,10.6,36.18279569892473,residential,False,20,11253757267
6967286699,6967286696,9.54,36.18279569892473,residential,False,18,11253757267
6967286699,256385439,258.28,36.18279569892473,residential,False,17,11253757267
6967286706,12912801084,11.68,60.0,tertiary,False,13,82668285
6967286706,82661422,145.81,44.02390438247012,tertiary,False,25,82668285
6967303851,301852815,12.25,36.18279569892473,residential,False,17,12901492583
6967303851,301852811,96.57,36.18279569892473,residential,False,20,12901492583
6967303851,1947826941,197.48,36.18279569892473,residential,False,11,12901492583
6967771916,4721738568,124.13,53.482142857142854,secondary,False,20,90214098
6967771916,9337261449,13.62,53.482142857142854,secondary,False,26,90214098
6967771921,320977904,133.41,36.18279569892473,residential,False,35,256619924
6969853129,147958442,539.77,36.18279569892473,residential,False,17,147963281
6969853129,12912932267,128.15,36.18279569892473,residential,False,12,147963281
6969853129,11346078579,54.12,36.18279569892473,residential,False,34,147963281
6969995208,60969794,30.36,36.18279569892473,residential,False,29,11346035713
6969995208,32271693,108.11,36.18279569892473,residential,False,29,11346035713
6969995208,11258115244,55.92,36.18279569892473,residential,False,24,11346035713
6970320248,39630061,17.35,60.0,secondary,True,34,93731379
6970320248,1955770138,11.93,53.482142857142854,secondary,False,13,93731379
6970320249,83738235,62.04,53.482142857142854,secondary,False,30,93731379
6970320249,6970320250,18.49,60.0,secondary,True,24,93731379
6970320250,6970320248,23.75,53.482142857142854,secondary,True,28,93731379
6970320250,12676661197,257.71,60.0,secondary,False,13,93731379
6970320264,1634096872,20.51,60.0,secondary,False,12,147963281
6970320264,12922997937,35.85,60.0,secondary,False,11,147963281
6970320264,12912932267,84.7,36.18279569892473,residential,False,11,147963281
6970320274,253005136,7.49,30.0,residential,False,22,93731379
6970320274,256387398,301.59,30.0,residential,False,20,93731379
6970424122,6970424134,120.02,36.18279569892473,residential,False,32,11346035713
6970424134,301393137,137.05,36.18279569892473,residential,False,12,11346035713
6970424134,12904071172,55.92,36.18279569892473,residential,False,35,11346035713
6970424134,6970424122,120.02,36.18279569892473,residential,False,14,11346035713
6970430341,914251748,236.86,36.18279569892473,residential,False,11,93731379
6970430341,6366272729,76.5,36.18279569892473,residential,False,35,93731379
6970430341,12912932251,8.41,36.18279569892473,residential,False,24,93731379
6970430350,6970430353,57.28,36.18279569892473,residential,False,11,11346035713
6970430350,316056928,118.33,36.18279569892473,residential,False,19,11346035713
6970430350,11258115273,66.1,36.18279569892473,residential,False,29,11346035713
6970430353,6970430350,57.28,36.18279569892473,residential,False,30,11346035713
6974384381,83730865,109.11,36.18279569892473,residential,False,23,11346035713
6974384381,6879657442,117.86,36.18279569892473,residential,False,12,11346035713
6974384381,12912644487,145.31,36.18279569892473,residential,False,13,11346035713
6974384382,32271695,103.03,36.18279569892473,residential,False,31,11346035713
6974419994,12912932251,300.84,36.18279569892473,residential,False,11,93731379
6974992982,6191116106,119.41,36.18279569892473,residential,False,27,82903274
6975189022,6975189042,183.58,36.18279569892473,residential,False,11,847937526
6975189042,93815179,100.25,36.18279569892473,residential,False,19,847937526
6975189042,93815166,256.72,36.18279569892473,residential,False,22,847937526
6975189042,6975189022,183.58,36.18279569892473,residential,False,22,847937526
6975294294,6975294301,23.54,44.02390438247012,tertiary,False,13,11253757267
6975294294,12398545755,513.19,60.0,secondary,False,29,11253757267
6975294295,6975294294,10.39,60.0,secondary,False,34,11253757267
6975294295,11253757267,81.37,44.02390438247012,tertiary,False,23,11253757267
6975294301,2025312657,10.62,60.0,secondary,False,17,11253757267
6975294301,6363346284,10.77,44.02390438247012,tertiary,False,29,11253757267
6975294305,6191116095,115.19,36.18279569892473,residential,False,35,847937526
6975294305,316057334,85.75,36.18279569892473,residential,False,31,847937526
6975294305,12912452187,56.32,36.18279569892473,residential,False,29,847937526
6975294315,1021656079,50.85,36.18279569892473,residential,False,10,847937526
6975369172,256385659,81.86,36.18279569892473,residential,False,24,11253757267
6978439493,6360261795,57.39,36.18279569892473,residential,False,22,388276886
6978439502,388277019,59.97,36.18279569892473,residential,False,24,386876240
6978439504,388277021,83.55,36.18279569892473,residential,False,35,386876240
6978500733,320064805,16.82,36.18279569892473,residential,False,23,320044172
6978500733,12899629411,21.04,36.18279569892473,residential,False,29,320044172
6978500733,301374313,42.97,36.18279569892473,residential,False,29,320044172
6980418725,6980418727,90.79,36.18279569892473,residential,False,13,147963281
6980418727,6184996359,28.95,36.18279569892473,residential,False,20,147963281
6980418727,6980418739,43.19,36.18279569892473,residential,False,30,147963281
6980418727,6980418725,90.79,36.18279569892473,residential,False,31,147963281
6980418728,6980418739,87.33,36.18279569892473,residential,False,35,147963281
6980418739,6980418727,43.19,36.18279569892473,residential,False,10,147963281
6980418739,301868501,280.57,36.18279569892473,residential,False,24,147963281
6980418739,6980418728,87.33,36.18279569892473,residential,False,26,147963281
6980418740,6980418746,97.81,36.18279569892473,residential,False,20,147963281
6980418746,301864221,120.56,50.0,tertiary,False,28,147963281
6980418746,1056303203,161.11,50.0,tertiary,False,16,147963281
6980418746,6980418740,97.81,36.18279569892473,residential,False,13,147963281
6980418747,6980418756,133.43,36.18279569892473,residential,False,13,147963281
6980418756,301852590,343.28,36.18279569892473,residential,False,10,147963281
6980418756,93731278,136.48,36.18279569892473,residential,False,29,147963281
6980418756,6980418747,133.43,36.18279569892473,residential,False,32,147963281
6980418757,301861233,137.81,36.18279569892473,residential,False,12,147963281
6980418757,301861180,138.1,36.18279569892473,residential,False,28,147963281
6980418757,6980418762,41.06,36.18279569892473,residential,False,35,147963281
6980418762,301864567,47.93,36.18279569892473,residential,False,16,147963281
6980418762,147969287,166.63,36.18279569892473,residential,False,28,147963281
6980418762,6980418757,41.06,36.18279569892473,residential,False,14,147963281
6980445887,6980445894,74.04,36.18279569892473,residential,False,30,12901492583
6980445894,6980445887,74.04,36.18279569892473,residential,False,26,12901492583
6980445894,301857619,60.66,36.18279569892473,residential,False,18,12901492583
6980445894,11194855677,27.41,36.18279569892473,residential,False,21,12901492583
6981229230,6883710889,35.59,36.18279569892473,residential,False,23,6988544531
6981229230,3650952064,107.54,36.18279569892473,residential,False,25,6988544531
6981229230,12887927611,123.78,36.18279569892473,residential,False,33,6988544531
6981311283,388278166,4.25,36.18279569892473,residential,False,29,388276886
6981311283,388278181,159.88,36.18279569892473,residential,False,24,388276886
6981311283,388278189,212.89,36.18279569892473,residential,False,15,388276886
6981327185,12886704054,57.68,36.18279569892473,residential,False,17,386876240
6981327185,388277019,80.25,36.18279569892473,residential,False,14,386876240
6981327185,12886704055,71.47,36.18279569892473,residential,False,35,386876240
6981708003,6981708011,64.14,36.18279569892473,residential,False,11,388276886
6981708011,388277198,10.57,30.0,residential,False,11,388276886
6981708011,6981708003,64.14,36.18279569892473,residential,False,14,388276886
6987954272,6365819852,83.3,44.02390438247012,tertiary,True,19,93731379
6987954272,6970320249,478.49,60.0,secondary,True,28,93731379
6988107309,361433572,122.3,36.18279569892473,residential,False,23,6988544508
6988107309,361433259,188.95,36.18279569892473,residential,False,26,6988544508
6988107342,6988107360,267.16,36.18279569892473,residential,False,30,6988544531
6988107360,6988524394,183.91,36.18279569892473,residential,False,34,6988544531
6988107360,6988544531,724.04,36.18279569892473,residential,False,21,6988544531
6988107360,6988107342,267.16,36.18279569892473,residential,False,19,6988544531
6988174139,6196090933,418.77,36.18279569892473,residential,False,28,6988544508
6988174148,361427184,455.01,36.18279569892473,residential,False,27,6988544508
6988321900,6988321911,164.81,36.18279569892473,residential,False,34,6988544531
6988321911,6988321900,164.81,36.18279569892473,residential,False,14,6988544531
6988321911,6988453730,360.59,36.18279569892473,residential,False,14,6988544531
6988321911,6990911080,684.78,36.18279569892473,residential,False,25,6988544531
6988321960,1276412155,34.86,36.18279569892473,residential,False,19,6988544531
6988321960,1276412143,125.22,36.18279569892473,residential,False,29,6988544531
6988321960,6988453730,265.99,36.18279569892473,residential,False,20,6988544531
6988327064,574960848,462.28,36.18279569892473,residential,False,19,6988544531
6988346396,1276412155,96.24,36.18279569892473,residential,False,21,6988544531
6988362007,1276412143,71.67,36.18279569892473,residential,False,10,6988544531
6988385512,11811495472,446.67,36.18279569892473,residential,False,26,6988544531
6988385556,11811495472,208.43,36.18279569892473,residential,False,28,6988544531
6988385556,574960867,263.73,36.18279569892473,residential,False,31,6988544531
6988385556,13144061041,480.82,36.18279569892473,residential,False,31,6988544531
6988419118,574960801,451.3,36.18279569892473,residential,False,14,6988544531
6988419145,6988419153,72.89,36.18279569892473,residential,False,11,6988544531
6988419153,1276412143,67.08,36.18279569892473,residential,False,17,6988544531
6988419153,1276412093,551.37,36.18279569892473,residential,False,26,6988544531
6988419153,6988419145,72.89,36.18279569892473,residential,False,27,6988544531
6988419154,6988419158,60.37,36.18279569892473,residential,False,11,6988544531
6988419158,1276412155,90.9,36.18279569892473,residential,False,23,6988544531
6988419158,574960867,127.29,36.18279569892473,residential,False,21,6988544531
6988419158,6988419154,60.37,36.18279569892473,residential,False,16,6988544531
6988419160,574960838,91.28,36.18279569892473,residential,False,16,6988544531
6988424035,361426419,79.62,36.18279569892473,residential,False,30,6988544531
6988424039,6988424049,125.61,36.18279569892473,residential,False,16,6988544531
6988424049,574960807,60.32,44.02390438247012,tertiary,False,35,6988544531
6988424049,4943479498,118.08,44.02390438247012,tertiary,False,12,6988544531
6988424049,6988424039,125.61,36.18279569892473,residential,False,20,6988544531
6988424051,4943479948,24.54,36.18279569892473,residential,False,16,6988544531
6988424051,574960799,105.36,36.18279569892473,residential,False,31,6988544531
6988424051,6988453726,38.75,36.18279569892473,residential,False,25,6988544531
6988453720,361426147,46.78,36.18279569892473,residential,False,32,6988544531
6988453726,6988424051,38.75,36.18279569892473,residential,False,32,6988544531
6988453730,6988321911,360.59,36.18279569892473,residential,False,24,6988544531
6988453730,6988321960,265.99,36.18279569892473,residential,False,29,6988544531
6988453730,6988520684,98.94,36.18279569892473,residential,False,32,6988544531
6988453743,6988520684,31.91,36.18279569892473,residential,False,20,6988544531
6988453743,6988453744,86.29,36.18279569892473,residential,False,28,6988544531
6988453743,6988453763,50.1,36.18279569892473,residential,False,28,6988544531
6988453744,6988453743,86.29,36.18279569892473,residential,False,20,6988544531
6988453763,6988453743,50.1,36.18279569892473,residential,False,29,6988544531
6988453764,6988453770,53.79,36.18279569892473,residential,False,19,6988544531
6988453770,3752881740,497.91,36.18279569892473,residential,False,23,6988544531
6988453770,4943480065,181.66,36.18279569892473,residential,False,20,6988544531
6988453770,6988453764,53.79,36.18279569892473,residential,False,15,6988544531
6988517395,361428229,37.75,36.18279569892473,residential,False,13,6988544531
6988517395,361428205,702.92,36.18279569892473,residential,False,24,6988544531
6988517395,6988517422,445.07,36.18279569892473,residential,False,35,6988544531
6988517422,6988517395,445.07,36.18279569892473,residential,False,11,6988544531
6988517422,6988544016,13.78,36.18279569892473,residential,False,25,6988544531
6988517422,11238858199,11.75,36.18279569892473,residential,False,17,6988544531
6988517423,6988531181,46.46,36.18279569892473,residential,False,10,6988544531
6988517445,11238858199,131.61,36.18279569892473,residential,False,30,6988544531
6988517445,6988524394,634.57,36.18279569892473,residential,False,17,6988544531
6988517445,11238858198,51.55,36.18279569892473,residential,False,32,6988544531
6988517463,361428567,73.83,36.18279569892473,residential,False,17,6988544531
6988520678,6988520684,52.74,36.18279569892473,residential,False,24,6988544531
6988520684,6988453730,98.94,36.18279569892473,residential,False,29,6988544531
6988520684,6988453743,31.91,36.18279569892473,residential,False,16,6988544531
6988520684,6988520678,52.74,36.18279569892473,residential,False,17,6988544531
6988524394,361428205,35.42,36.18279569892473,residential,False,25,6988544531
6988524394,6988107360,183.91,36.18279569892473,residential,False,33,6988544531
6988524394,6988517445,634.57,36.18279569892473,residential,False,34,6988544531
6988524395,1276411996,246.9,45.0,unclassified,False,20,6988544531
6988531176,6988531179,114.51,36.18279569892473,residential,False,35,6988544508
6988531179,6196090933,55.13,36.18279569892473,residential,False,33,6988544508
6988531179,146223369,426.33,36.18279569892473,residential,False,22,6988544508
6988531179,6988531176,114.51,36.18279569892473,residential,False,16,6988544508
6988531180,6988531181,47.24,36.18279569892473,residential,False,22,6988544531
6988531181,6988531180,47.24,36.18279569892473,residential,False,15,6988544531
6988531181,6988517423,46.46,36.18279569892473,residential,False,10,6988544531
6988531181,6988544016,172.32,36.18279569892473,residential,False,21,6988544531
6988544000,6988544016,274.38,36.18279569892473,residential,False,10,6988544531
6988544016,6988531181,172.32,36.18279569892473,residential,False,12,6988544531
6988544016,6988517422,13.78,36.18279569892473,residential,False,21,6988544531
6988544016,6988544000,274.38,36.18279569892473,residential,False,10,6988544531
6988544028,361433259,115.41,36.18279569892473,residential,False,27,6988544531
6988544502,6988544508,49.33,36.18279569892473,residential,False,13,6988544508
6988544508,361427486,117.72,36.18279569892473,residential,False,14,6988544508
6988544508,361427184,12.18,36.18279569892473,residential,False,19,6988544508
6988544508,6988544502,49.33,36.18279569892473,residential,False,24,6988544508
6988544509,361427486,87.78,36.18279569892473,residential,False,16,6988544508
6988544515,6988544531,235.62,36.18279569892473,residential,False,30,6988544531
6988544531,6988107360,724.04,36.18279569892473,residential,False,28,6988544531
6988544531,361427154,308.24,36.18279569892473,residential,False,34,6988544531
6988544531,6988544515,235.62,36.18279569892473,residential,False,21,6988544531
6988558575,6171715380,149.73,36.18279569892473,residential,False,11,320981769
6988577442,2875387914,552.1,36.18279569892473,residential,False,10,320981769
6988577459,6988577477,188.4,36.18279569892473,residential,False,16,320981769
6988577477,6988577459,188.4,36.18279569892473,residential,False,16,320981769
6988577477,6171715380,131.11,45.0,unclassified,False,19,320981769
6988577477,6988590091,275.78,45.0,unclassified,False,15,320981769
6988577478,6988590091,125.28,36.18279569892473,residential,False,17,320981769
6988583385,6988583403,317.7,36.18279569892473,residential,False,18,320981769
6988583403,6988583385,317.7,36.18279569892473,residential,False,33,320981769
6988583403,6988583409,216.72,45.0,unclassified,False,15,320981769
6988583403,574872379,53.53,45.0,unclassified,False,20,320981769
6988583404,6988583409,148.74,36.18279569892473,residential,False,27,320981769
6988583409,6988583404,148.74,36.18279569892473,residential,False,17,320981769
6988583409,6988583429,275.46,45.0,unclassified,False,15,320981769
6988583409,6988583403,216.72,45.0,unclassified,False,16,320981769
6988583410,6988583429,133.99,36.18279569892473,residential,False,10,320981769
6988583419,6988583429,42.49,36.18279569892473,residential,False,15,320981769
6988583429,6990483622,79.56,36.18279569892473,residential,False,18,320981769
6988583429,6988583419,42.49,36.18279569892473,residential,False,13,320981769
6988583429,6988583410,133.99,36.18279569892473,residential,False,10,320981769
6988583429,6988583409,275.46,45.0,unclassified,False,31,320981769
6988590091,6988577478,125.28,36.18279569892473,residential,False,14,320981769
6988590091,6988577477,275.78,45.0,unclassified,False,22,320981769
6988590091,1502720217,994.58,45.0,unclassified,False,30,320981769
6990483613,1497204867,640.16,36.18279569892473,residential,False,35,320981769
6990483622,6988583429,79.56,36.18279569892473,residential,False,13,320981769
6990911013,6990911080,266.37,36.18279569892473,residential,False,20,6988544531
6990911017,6990911032,248.65,36.18279569892473,residential,False,16,6988544531
6990911032,6990911017,248.65,36.18279569892473,residential,False,19,6988544531
6990911032,6990911033,141.67,36.18279569892473,residential,False,24,6988544531
6990911032,6990911069,572.78,36.18279569892473,residential,False,17,6988544531
6990911033,6990911032,141.67,36.18279569892473,residential,False,21,6988544531
6990911069,1959275833,10014.17,36.18279569892473,"['residential', 'unclassified']",False,35,6988544531
6990911069,11187147652,1148.86,36.18279569892473,residential,False,21,6988544531
6990911069,6990911032,572.78,36.18279569892473,residential,False,31,6988544531
6990911070,6990911080,108.56,36.18279569892473,residential,False,15,6988544531
6990911080,6990911013,266.37,36.18279569892473,residential,False,26,6988544531
6990911080,6990911070,108.56,36.18279569892473,residential,False,35,6988544531
6990911080,6988321911,684.78,36.18279569892473,residential,False,29,6988544531
6990954450,361428229,507.79,36.18279569892473,residential,False,23,6988544531
6993899769,2108505303,216.8,36.18279569892473,residential,False,32,6185036192
6993899781,6993967886,80.14,36.18279569892473,residential,False,12,105814816
6993903282,301878015,103.31,36.18279569892473,residential,False,13,6218659532
6993937156,6993937164,102.76,36.18279569892473,residential,False,14,105814816
6993937164,301951723,228.46,36.18279569892473,residential,False,14,105814816
6993937164,6993937156,102.76,36.18279569892473,residential,False,35,105814816
6993937164,301958423,256.47,36.18279569892473,residential,False,16,105814816
6993961994,6993962001,44.7,36.18279569892473,residential,False,16,105814816
6993962001,6993961994,44.7,36.18279569892473,residential,False,27,105814816
6993962001,6993962003,120.2,36.18279569892473,residential,False,22,105814816
6993962001,6882299260,33.16,36.18279569892473,residential,False,32,105814816
6993962003,6993962001,120.2,36.18279569892473,residential,False,21,105814816
6993962016,6365316762,116.19,36.18279569892473,residential,False,20,105814816
6993965862,301953065,72.83,36.18279569892473,residential,False,29,6218659532
6993965884,6994035593,133.39,44.02390438247012,tertiary,False,23,6218659532
6993965884,6993991426,78.33,44.02390438247012,tertiary,False,30,6218659532
6993965884,6993991427,129.98,36.18279569892473,residential,False,17,6218659532
6993967886,301951779,69.31,36.18279569892473,residential,False,11,105814816
6993967886,301951775,23.94,36.18279569892473,residential,False,34,105814816
6993967886,6993899781,80.14,36.18279569892473,residential,False,29,105814816
6993967887,6993967892,81.25,36.18279569892473,residential,False,28,6218659532
6993967892,301877318,131.15,36.18279569892473,residential,False,16,6218659532
6993967892,84552423,137.74,36.18279569892473,residential,False,27,6218659532
6993967892,6993967887,81.25,36.18279569892473,residential,False,19,6218659532
6993967894,6993967895,29.59,36.18279569892473,residential,False,35,301954258
6993967895,6993967894,29.59,36.18279569892473,residential,False,14,301954258
6993967895,84552418,50.53,36.18279569892473,residential,False,20,301954258
6993967895,2113092204,92.74,36.18279569892473,residential,False,17,301954258
6993967896,6993967900,26.72,36.18279569892473,residential,False,11,6185036192
6993967900,301951724,5.08,44.02390438247012,tertiary,False,30,6185036192
6993967900,301951723,64.91,44.02390438247012,tertiary,False,35,6185036192
6993967900,6993967896,26.72,36.18279569892473,residential,False,18,6185036192
6993967904,6993967908,56.98,36.18279569892473,residential,False,14,6218659532
6993967908,301951717,87.91,36.18279569892473,residential,False,26,6218659532
6993967908,6365113092,37.61,36.18279569892473,residential,False,28,6218659532
6993967908,6993967904,56.98,36.18279569892473,residential,False,25,6218659532
6993991414,6993991426,114.22,36.18279569892473,residential,False,16,6218659532
6993991426,6993965884,78.33,44.02390438247012,tertiary,False,33,6218659532
6993991426,301873093,246.84,44.02390438247012,tertiary,False,12,6218659532
6993991426,6993991414,114.22,36.18279569892473,residential,False,35,6218659532
6993991427,6993965884,129.98,36.18279569892473,residential,False,25,6218659532
6993991445,6993991448,46.13,36.18279569892473,residential,False,35,147963281
6993991448,6184995945,206.7,36.18279569892473,residential,False,31,147963281
6993991448,6184995980,396.72,36.18279569892473,residential,False,29,147963281
6993991448,6993991445,46.13,36.18279569892473,residential,False,12,147963281
6993991449,6184995929,106.98,36.18279569892473,residential,False,15,147963281
6993991451,301948010,57.4,36.18279569892473,residential,False,26,147963281
6993991455,6993991462,59.88,36.18279569892473,residential,False,22,147963281
6993991462,301948017,167.03,36.18279569892473,residential,False,34,147963281
6993991462,301948010,33.53,36.18279569892473,residential,False,30,147963281
6993991462,6993991455,59.88,36.18279569892473,residential,False,34,147963281
6993993416,6993993425,71.87,36.18279569892473,residential,False,26,147963281
6993993425,301947218,63.77,36.18279569892473,residential,False,21,147963281
6993993425,301947110,15.81,36.18279569892473,residential,False,25,147963281
6993993425,6993993416,71.87,36.18279569892473,residential,False,26,147963281
6993993433,301953103,78.01,36.18279569892473,residential,False,24,6218659532
6994029969,147960823,420.82,36.18279569892473,residential,False,15,6218659532
6994029978,6994035585,42.01,36.18279569892473,residential,False,20,6218659532
6994029982,6994035585,61.81,36.18279569892473,residential,False,32,6218659532
6994035585,6994029982,61.81,36.18279569892473,residential,False,21,6218659532
6994035585,301947900,56.2,36.18279569892473,residential,False,26,6218659532
6994035585,6994029978,42.01,36.18279569892473,residential,False,32,6218659532
6994035587,6994035593,90.73,36.18279569892473,residential,False,25,6218659532
6994035593,84554364,121.58,44.02390438247012,tertiary,False,32,6218659532
6994035593,6993965884,133.39,44.02390438247012,tertiary,False,25,6218659532
6994035593,6994035587,90.73,36.18279569892473,residential,False,25,6218659532
6996974560,6996974566,90.98,36.18279569892473,residential,False,18,6218659532
6996974566,301877174,19.73,36.18279569892473,residential,False,28,6218659532
6996974566,105806700,42.6,36.18279569892473,residential,False,22,6218659532
6996974566,6996974560,90.98,36.18279569892473,residential,False,30,6218659532
6996974571,6996974572,44.72,36.18279569892473,residential,False,35,6218659532
6996974572,6996974571,44.72,36.18279569892473,residential,False,28,6218659532
6996974572,301877701,49.95,44.02390438247012,tertiary,False,30,6218659532
6996974572,84554364,241.65,44.02390438247012,tertiary,False,11,6218659532
6996974573,6996974580,79.64,36.18279569892473,residential,False,16,6218659532
6996974580,84554364,266.25,36.18279569892473,residential,False,17,6218659532
6996974580,301953018,47.57,36.18279569892473,residential,False,16,6218659532
6996974580,6996974573,79.64,36.18279569892473,residential,False,24,6218659532
6997014490,6883855330,67.45,36.18279569892473,residential,False,17,6218659532
6997014494,9162554601,47.19,36.18279569892473,residential,False,22,6218659532
6997014507,6997014510,45.09,36.18279569892473,residential,False,16,6218659532
6997014510,301953511,166.64,36.18279569892473,residential,False,19,6218659532
6997014510,301950860,42.23,36.18279569892473,residential,False,23,6218659532
6997014510,6997014507,45.09,36.18279569892473,residential,False,22,6218659532
6997014512,301953511,52.26,36.18279569892473,residential,False,28,6218659532
6997014520,6997014530,78.14,36.18279569892473,residential,False,15,6218659532
6997014530,301950935,84.28,36.18279569892473,residential,False,21,6218659532
6997014530,301950860,60.57,36.18279569892473,residential,False,18,6218659532
6997014530,6997014520,78.14,36.18279569892473,residential,False,27,6218659532
6997014532,105806698,31.43,36.18279569892473,residential,False,12,6218659532
6997256845,147956454,63.69,36.18279569892473,residential,False,14,6218659532
6997256845,301949970,61.86,36.18279569892473,residential,False,34,6218659532
6997256845,6218852128,112.06,36.18279569892473,residential,False,12,6218659532
6997256852,6997256853,38.32,36.18279569892473,residential,False,19,6218659532
6997256852,147954554,92.03,36.18279569892473,residential,False,24,6218659532
6997256852,105810194,65.76,36.18279569892473,residential,False,26,6218659532
6997256853,6997256852,38.32,36.18279569892473,residential,False,21,6218659532
6997256876,6361026342,96.54,36.18279569892473,residential,False,17,147963281
6997256881,6394834200,27.27,36.18279569892473,residential,False,28,6218659532
6997280502,6883113416,52.29,36.18279569892473,residential,False,11,147963281
6997280516,301947110,13.35,40.0,tertiary,False,24,147963281
6997280516,301948017,409.25,40.0,tertiary,False,26,147963281
6997280516,6997280521,37.57,36.18279569892473,residential,False,29,147963281
6997280521,6997280516,37.57,36.18279569892473,residential,False,20,147963281
6997330841,2113092727,24.27,36.18279569892473,residential,False,23,6218659532
6997498144,6997498145,62.53,36.18279569892473,residential,False,24,6185036192
6997498145,6907232476,21.11,36.18279569892473,residential,False,24,6185036192
6997498145,6907148125,239.62,36.18279569892473,residential,False,23,6185036192
6997498145,6997498144,62.53,36.18279569892473,residential,False,23,6185036192
6997498146,6997498155,140.07,36.18279569892473,residential,False,21,6185036192
6997498155,6997498174,1373.14,20.0,residential,False,35,6185036192
6997498155,6997501661,366.38,30.0,residential,False,25,6185036192
6997498155,6997498146,140.07,36.18279569892473,residential,False,20,6185036192
6997498174,84558828,2615.58,20.0,"['residential', 'unclassified']",False,18,6185036192
6997498174,6997498155,1373.14,20.0,residential,False,22,6185036192
6997501650,6997501661,100.46,36.18279569892473,residential,False,10,6185036192
6997501661,6997498155,366.38,30.0,residential,False,15,6185036192
6997501661,6907148125,461.99,40.0,residential,False,24,6185036192
6997501661,6997501650,100.46,36.18279569892473,residential,False,17,6185036192
6997534477,6997573096,226.82,36.18279569892473,residential,False,18,6185036192
6997543636,6997573096,123.14,36.18279569892473,residential,False,30,6185036192
6997543666,6997573096,245.95,36.18279569892473,residential,False,12,6185036192
6997543666,6997543682,309.56,36.18279569892473,residential,False,21,6185036192
6997543666,6997573097,91.01,36.18279569892473,residential,False,12,6185036192
6997543682,6997543666,309.56,36.18279569892473,residential,False,19,6185036192
6997543682,6997573141,315.68,36.18279569892473,residential,False,26,6185036192
6997543682,6997573125,202.12,36.18279569892473,residential,False,26,6185036192
6997556906,6997556916,782.76,36.18279569892473,residential,False,27,6185036192
6997556906,6997556915,14.37,36.18279569892473,residential,False,30,6185036192
6997556906,6997573141,62.6,36.18279569892473,residential,False,12,6185036192
6997556907,6997556915,230.04,36.18279569892473,residential,False,35,6185036192
6997556915,6997556906,14.37,36.18279569892473,residential,False,18,6185036192
6997556915,6997573156,117.44,36.18279569892473,residential,False,17,6185036192
6997556915,6997556907,230.04,36.18279569892473,residential,False,13,6185036192
6997556916,6997594349,181.86,36.18279569892473,residential,False,13,6185036192
6997556916,6997556906,782.76,36.18279569892473,residential,False,12,6185036192
6997556916,6997640357,130.69,36.18279569892473,residential,False,21,6185036192
6997556973,6997573156,686.53,36.18279569892473,residential,False,11,6185036192
6997556973,6997573182,71.29,36.18279569892473,residential,False,27,6185036192
6997556973,6997573183,112.09,36.18279569892473,residential,False,16,6185036192
6997556978,6997573182,205.22,36.18279569892473,residential,False,20,6185036192
6997556978,88973356,567.87,36.18279569892473,residential,False,16,6185036192
6997556978,6997573218,188.64,36.18279569892473,residential,False,31,6185036192
6997568336,88973356,499.13,36.18279569892473,residential,False,20,6185036192
6997568346,6997573218,81.53,36.18279569892473,residential,False,18,6185036192
6997568352,6997568366,281.55,36.18279569892473,residential,False,19,6185036192
6997568366,7026890676,98.65,36.18279569892473,residential,False,33,6185036192
6997568366,6997640383,434.96,36.18279569892473,residential,False,34,6185036192
6997568366,6997568352,281.55,36.18279569892473,residential,False,31,6185036192
6997568367,7026890676,527.09,36.18279569892473,residential,False,18,6185036192
6997573096,6997543636,123.14,36.18279569892473,residential,False,16,6185036192
6997573096,6997543666,245.95,36.18279569892473,residential,False,32,6185036192
6997573096,6997534477,226.82,36.18279569892473,residential,False,29,6185036192
6997573097,6997543666,91.01,36.18279569892473,residential,False,14,6185036192
6997573112,6997573125,194.22,36.18279569892473,residential,False,34,6185036192
6997573125,6997573112,194.22,36.18279569892473,residential,False,32,6185036192
6997573125,6997543682,202.12,36.18279569892473,residential,False,33,6185036192
6997573125,6997594360,69.87,36.18279569892473,residential,False,27,6185036192
6997573141,6997543682,315.68,36.18279569892473,residential,False,18,6185036192
6997573141,6997556906,62.6,36.18279569892473,residential,False,10,6185036192
6997573141,6997573156,225.16,36.18279569892473,residential,False,34,6185036192
6997573156,6997556915,117.44,36.18279569892473,residential,False,19,6185036192
6997573156,6997556973,686.53,36.18279569892473,residential,False,19,6185036192
6997573156,6997573141,225.16,36.18279569892473,residential,False,21,6185036192
6997573158,6997573182,271.54,36.18279569892473,residential,False,35,6185036192
6997573182,6997556973,71.29,36.18279569892473,residential,False,22,6185036192
6997573182,6997556978,205.22,36.18279569892473,residential,False,22,6185036192
6997573182,6997573158,271.54,36.18279569892473,residential,False,28,6185036192
6997573183,6997556973,112.09,36.18279569892473,residential,False,34,6185036192
6997573194,6997573218,424.95,36.18279569892473,residential,False,30,6185036192
6997573218,6997573194,424.95,36.18279569892473,residential,False,10,6185036192
6997573218,6997556978,188.64,36.18279569892473,residential,False,25,6185036192
6997573218,6997568346,81.53,36.18279569892473,residential,False,30,6185036192
6997594349,6997640383,594.83,36.18279569892473,residential,False,26,6185036192
6997594349,6997556916,181.86,36.18279569892473,residential,False,34,6185036192
6997594349,6997640346,209.46,36.18279569892473,residential,False,14,6185036192
6997594360,6997573125,69.87,36.18279569892473,residential,False,22,6185036192
6997608054,89075051,528.86,36.18279569892473,residential,False,17,6185036192
6997640346,6997594349,209.46,36.18279569892473,residential,False,17,6185036192
6997640357,6997556916,130.69,36.18279569892473,residential,False,33,6185036192
6997640365,6997640383,323.56,36.18279569892473,residential,False,33,6185036192
6997640383,6997568366,434.96,36.18279569892473,residential,False,16,6185036192
6997640383,6997594349,594.83,36.18279569892473,residential,False,25,6185036192
6997640383,6997640365,323.56,36.18279569892473,residential,False,17,6185036192
6997645993,6997646000,115.68,36.18279569892473,residential,False,26,6185036192
6997646000,6821381672,308.66,36.18279569892473,residential,False,28,6185036192
6997646000,89073976,793.88,36.18279569892473,residential,False,35,6185036192
6997646000,6997645993,115.68,36.18279569892473,residential,False,27,6185036192
7026890676,6997568367,527.09,36.18279569892473,residential,False,34,6185036192
7026890676,6997568366,98.65,36.18279569892473,residential,False,24,6185036192
7060679442,12887927623,255.69,36.18279569892473,residential,False,33,6988544531
7098520359,90218744,35.98,36.18279569892473,residential,False,24,388276886
7098520359,301372148,63.94,36.18279569892473,residential,False,20,388276886
7098591540,386883761,41.45,36.18279569892473,residential,False,35,7098591540
7100035804,2134816829,31.44,36.18279569892473,residential,False,12,320050383
7100035804,2134816831,58.39,36.18279569892473,residential,False,20,320050383
7100035804,82625131,24.02,36.18279569892473,residential,False,16,320050383
7259225758,301430787,15.56,36.18279569892473,residential,False,23,93731379
7259225758,10038977946,25.96,36.18279569892473,residential,False,34,93731379
7259225758,7259225761,26.23,36.18279569892473,residential,False,32,93731379
7259225761,6366219851,69.4,36.18279569892473,residential,False,23,93731379
7259225767,10038977946,15.14,36.18279569892473,residential,False,16,93731379
7259225767,83734669,23.32,36.18279569892473,residential,False,24,93731379
7264560832,7264560833,67.39,36.18279569892473,residential,False,24,12908641424
7264560833,7264560832,67.39,36.18279569892473,residential,False,27,12908641424
7264560833,301845551,105.55,36.18279569892473,residential,False,10,12908641424
7264560833,1849071756,95.16,36.18279569892473,residential,False,21,12908641424
7264560834,7264560836,88.91,36.18279569892473,residential,False,14,12908641424
7264560836,3756951843,54.69,44.02390438247012,tertiary,False,28,12908641424
7264560836,12908641404,96.79,44.02390438247012,tertiary,False,14,12908641424
7264560836,7264560834,88.91,36.18279569892473,residential,False,19,12908641424
7264576917,1326827174,37.38,36.18279569892473,residential,False,33,12908641424
7264576917,12908834923,84.46,36.18279569892473,residential,False,10,12908641424
7264576919,1326827146,152.18,36.18279569892473,residential,False,25,12908641424
7264576928,7264576935,68.63,36.18279569892473,residential,False,35,12908641424
7264576935,12909044150,61.3,36.18279569892473,residential,False,31,12908641424
7264576935,7264576928,68.63,36.18279569892473,residential,False,21,12908641424
7264576935,7264576939,71.11,36.18279569892473,residential,False,20,12908641424
7264576939,1326827144,13.98,36.18279569892473,residential,False,17,12908641424
7264576939,11336057830,55.09,36.18279569892473,residential,False,23,12908641424
7264576939,7264576935,71.11,36.18279569892473,residential,False,23,12908641424
7264576940,301850994,87.71,36.18279569892473,residential,False,31,12901492583
7264576940,301842899,52.57,36.18279569892473,residential,False,34,12901492583
7264576940,1333770425,24.36,36.18279569892473,residential,False,22,12901492583
7264797496,7264797497,72.23,36.18279569892473,residential,False,34,320981769
7264797497,7264797496,72.23,36.18279569892473,residential,False,34,320981769
7264797497,8274213850,117.7,36.18279569892473,residential,False,32,320981769
7264797497,6914010703,362.22,36.18279569892473,residential,False,27,320981769
7264982142,6365509081,82.97,36.18279569892473,residential,False,19,105814816
7264982142,6365509078,96.19,36.18279569892473,residential,False,20,105814816
7264982142,301958417,327.12,36.18279569892473,residential,False,28,105814816
7397591387,301434926,28.43,36.18279569892473,residential,False,10,93731379
7515030280,301430683,197.61,36.18279569892473,residential,False,28,93731379
7515030280,146253774,64.28,36.18279569892473,residential,False,35,93731379
7798505473,1794344202,145.68,36.18279569892473,residential,False,11,82668285
7804312983,301833446,204.69,53.482142857142854,secondary,False,14,82668285
7804312983,3749146136,19.48,53.482142857142854,secondary,False,14,82668285
7810182334,11346067004,83.08,53.482142857142854,secondary,False,20,147963281
7810182334,3860936502,22.29,53.482142857142854,secondary,False,28,147963281
7813814027,78452168,169.27,53.482142857142854,secondary,False,30,11253757267
7813814027,7813814059,19.83,53.482142857142854,secondary,False,35,11253757267
7813814033,13602120346,3.63,53.482142857142854,secondary,False,29,11253757267
7813814038,12918837603,21.58,53.482142857142854,secondary,False,29,11253757267
7813814038,12918837602,18.26,53.482142857142854,secondary,False,28,11253757267
7813814039,7813814038,6.09,53.482142857142854,secondary,False,22,11253757267
7813814047,6967286697,556.35,44.02390438247012,tertiary,False,22,11253757267
7813814047,7813814039,24.34,53.482142857142854,secondary,False,16,11253757267
7813814059,7813814047,9.91,53.482142857142854,secondary,False,22,11253757267
7831375034,82625131,55.68,36.18279569892473,residential,False,12,320050383
7831375034,82626094,82.72,36.18279569892473,residential,True,27,320050383
7840829792,6859020095,115.12,36.18279569892473,residential,False,22,90214098
7864807051,254990421,25.64,44.02390438247012,tertiary,False,16,320981769
7864807051,82702460,47.45,44.02390438247012,tertiary,False,25,320981769
7864807051,1470608512,47.24,36.18279569892473,residential,False,13,320981769
7866659895,256899482,90.63,36.18279569892473,residential,False,20,320981769
7866659895,256898159,89.91,36.18279569892473,residential,False,28,320981769
7866659895,256898928,102.31,36.18279569892473,residential,False,24,320981769
7927493272,9325766442,62.65,36.18279569892473,residential,False,30,93731379
7927493272,11113476526,166.58,44.02390438247012,tertiary,False,19,93731379
7956357258,83710070,54.46,36.18279569892473,residential,False,12,93731379
8174226776,8174226779,21.15,30.0,secondary,False,15,12908641424
8174226779,12904001292,25.62,53.482142857142854,secondary,False,13,12908641424
8174226779,3749146143,19.67,30.0,secondary,False,31,12908641424
8174226787,8174226776,17.97,44.02390438247012,tertiary,False,27,12908641424
8174226787,82667259,85.14,40.0,tertiary,False,15,12908641424
8174717586,6391840502,111.32,36.18279569892473,residential,False,11,256619924
8174717586,6391840495,33.17,36.18279569892473,residential,False,32,256619924
8174717586,82655420,355.14,36.18279569892473,residential,False,29,256619924
8174717594,8174717596,41.83,36.18279569892473,residential,False,25,256619924
8174717596,302335225,29.55,36.18279569892473,residential,False,10,256619924
8174717596,8174717609,17.56,36.18279569892473,residential,False,15,256619924
8174717596,8174717594,41.83,36.18279569892473,residential,False,16,256619924
8174717600,8174717609,25.05,36.18279569892473,residential,False,12,256619924
8174717600,6955689422,13.83,36.18279569892473,residential,False,22,256619924
8174717600,11159272588,193.58,36.18279569892473,residential,False,19,256619924
8174717601,8174717605,51.34,36.18279569892473,residential,False,16,256619924
8174717605,6955689422,52.44,36.18279569892473,residential,False,17,256619924
8174717605,302335223,8.45,36.18279569892473,residential,False,19,256619924
8174717605,8174717601,51.34,36.18279569892473,residential,False,31,256619924
8174717608,6883700570,186.17,36.18279569892473,residential,False,26,256619924
8174717609,8174717600,25.05,36.18279569892473,residential,False,12,256619924
8174717609,8174717596,17.56,36.18279569892473,residential,False,24,256619924
8174717609,8174730333,455.65,36.18279569892473,residential,False,11,256619924
8174730333,12901219125,56.2,36.18279569892473,residential,False,21,256619924
8174730333,8174717609,455.65,36.18279569892473,residential,False,26,256619924
8225509688,471185064,442.23,36.18279569892473,residential,False,10,6185036192
8227516296,8227516297,55.11,36.18279569892473,residential,False,15,93731379
8227516297,8227516298,68.88,36.18279569892473,residential,False,20,93731379
8227516297,8227516296,55.11,36.18279569892473,residential,False,23,93731379
8227516297,2326845073,80.67,36.18279569892473,residential,False,22,93731379
8227516298,8227516297,68.88,36.18279569892473,residential,False,15,93731379
8264730602,254985650,72.0,44.02390438247012,tertiary,False,13,320981769
8264730602,254985081,66.92,44.02390438247012,tertiary,False,14,320981769
8264730602,6393964434,88.2,36.18279569892473,residential,False,27,320981769
8270157345,6903951703,61.26,36.18279569892473,residential,False,23,320981769
8270157345,320979357,85.6,36.18279569892473,residential,False,25,320981769
8270157345,8270157356,147.69,36.18279569892473,residential,False,33,320981769
8270157356,8270157345,147.69,36.18279569892473,residential,False,12,320981769
8270287413,8270287414,50.99,36.18279569892473,residential,False,22,320981769
8270287414,8270287413,50.99,36.18279569892473,residential,False,16,320981769
8270287414,93775495,195.63,36.18279569892473,residential,False,14,320981769
8270287414,93775484,105.21,36.18279569892473,residential,False,16,320981769
8270320825,8270320832,134.67,36.18279569892473,residential,False,19,320981769
8270320832,8270320825,134.67,36.18279569892473,residential,False,23,320981769
8270320832,1488509603,98.4,36.18279569892473,residential,False,32,320981769
8270320832,8270320833,104.15,36.18279569892473,residential,False,31,320981769
8270320833,8270320832,104.15,36.18279569892473,residential,False,25,320981769
8272180233,8272180239,94.51,36.18279569892473,residential,False,15,320981769
8272180234,8272180239,68.81,36.18279569892473,residential,False,29,320981769
8272180234,6914010703,106.82,36.18279569892473,residential,False,28,320981769
8272180234,8272180238,97.96,36.18279569892473,residential,False,19,320981769
8272180234,8272180242,217.23,36.18279569892473,residential,False,28,320981769
8272180238,8272180234,97.96,36.18279569892473,residential,False,16,320981769
8272180239,8272180233,94.51,36.18279569892473,residential,False,26,320981769
8272180239,8272180234,68.81,36.18279569892473,residential,False,32,320981769
8272180239,8272180241,85.43,36.18279569892473,residential,False,31,320981769
8272180241,8272180239,85.43,36.18279569892473,residential,False,24,320981769
8272180242,8272180234,217.23,36.18279569892473,residential,False,18,320981769
8272182569,1474142218,86.16,36.18279569892473,residential,False,16,320981769
8272182574,1474142209,90.39,36.18279569892473,residential,False,10,320981769
8273497064,6903940762,15.95,36.18279569892473,residential,False,14,320981769
8273497064,12887891811,18.67,36.18279569892473,residential,False,24,320981769
8273497064,12887891805,44.04,36.18279569892473,residential,False,12,320981769
8273497064,12888090864,44.61,36.18279569892473,residential,False,22,320981769
8273497076,12887891805,109.1,36.18279569892473,residential,False,29,320981769
8273683881,247071472,323.32,53.482142857142854,secondary,False,35,320981769
8273683881,247071451,157.99,53.482142857142854,secondary,False,17,320981769
8273683881,8273683884,64.7,36.18279569892473,residential,False,26,320981769
8273683884,8273683881,64.7,36.18279569892473,residential,False,20,320981769
8273696023,6914068506,105.3,36.18279569892473,residential,False,28,90214098
8273696023,6914068545,12.96,36.18279569892473,residential,False,25,90214098
8273696023,1474182591,83.71,36.18279569892473,residential,False,24,90214098
8273705748,6914068529,736.29,53.482142857142854,secondary,False,24,90214098
8273705748,247071402,78.46,53.482142857142854,secondary,False,28,90214098
8273705748,8273705750,39.93,36.18279569892473,residential,False,11,90214098
8273705750,8273705751,47.29,36.18279569892473,residential,False,33,90214098
8273705750,8273705748,39.93,36.18279569892473,residential,False,12,90214098
8273705750,8273705764,157.08,36.18279569892473,residential,False,19,90214098
8273705751,8273705750,47.29,36.18279569892473,residential,False,30,90214098
8273705763,8273705764,47.13,36.18279569892473,residential,False,24,90214098
8273705764,8273705765,22.84,36.18279569892473,residential,False,21,90214098
8273705764,8273705763,47.13,36.18279569892473,residential,False,32,90214098
8273705764,8273705750,157.08,36.18279569892473,residential,False,32,90214098
8273705765,8273705764,22.84,36.18279569892473,residential,False,35,90214098
8273705765,247071402,129.22,36.18279569892473,residential,False,19,90214098
8273705765,6910806249,247.08,36.18279569892473,residential,False,22,90214098
8273722797,6913827468,50.62,36.18279569892473,residential,False,29,320981769
8273722928,8273722942,254.47,36.18279569892473,residential,False,35,320981769
8273722942,82619409,80.26,36.18279569892473,residential,False,15,320981769
8273722942,6913827468,138.71,36.18279569892473,residential,False,23,320981769
8273722942,8273722928,254.47,36.18279569892473,residential,False,17,320981769
8274131694,6913827468,100.76,36.18279569892473,residential,False,15,320981769
8274131694,1804727608,21.2,36.18279569892473,residential,False,29,320981769
8274131694,8274131696,57.64,36.18279569892473,residential,False,33,320981769
8274131696,8274131694,57.64,36.18279569892473,residential,False,23,320981769
8274131697,1384039543,142.29,36.18279569892473,residential,False,24,320981769
8274131697,1804727616,196.27,36.18279569892473,residential,False,22,320981769
8274131697,8274131699,76.63,36.18279569892473,residential,False,31,320981769
8274131699,8274131697,76.63,36.18279569892473,residential,False,15,320981769
8274213850,93775523,56.02,36.18279569892473,residential,False,32,320981769
8274213850,7264797497,117.7,36.18279569892473,residential,False,28,320981769
8274213850,8274213854,107.34,36.18279569892473,residential,False,13,320981769
8274213854,8274213850,107.34,36.18279569892473,residential,False,22,320981769
8274213955,8274213960,97.67,36.18279569892473,residential,False,32,320981769
8274213960,1384039543,103.11,36.18279569892473,residential,False,11,320981769
8274213960,8274214113,160.18,36.18279569892473,residential,False,17,320981769
8274213960,8274213955,97.67,36.18279569892473,residential,False,15,320981769
8274213961,93775523,69.72,36.18279569892473,residential,False,18,320981769
8274213963,8274213968,106.65,36.18279569892473,residential,False,30,320981769
8274213968,1804727608,223.54,36.18279569892473,residential,False,27,320981769
8274213968,1804727611,180.86,36.18279569892473,residential,False,19,320981769
8274213968,8274213963,106.65,36.18279569892473,residential,False,31,320981769
8274214111,8274214113,74.47,36.18279569892473,residential,False,12,320981769
8274214113,8274213960,160.18,36.18279569892473,residential,False,32,320981769
8274214113,93775529,79.68,36.18279569892473,residential,False,33,320981769
8274214113,8274214111,74.47,36.18279569892473,residential,False,33,320981769
8274513455,78452168,18.0,44.02390438247012,tertiary,False,16,11253757267
8274513455,90309006,51.09,44.02390438247012,tertiary,False,25,11253757267
8274513455,301839964,502.53,36.18279569892473,residential,False,23,11253757267
8275306777,1130894663,82.54,36.18279569892473,residential,False,34,320981769
8275306777,1488500922,490.38,36.18279569892473,residential,False,27,320981769
8275306777,8275306783,69.75,36.18279569892473,residential,False,13,320981769
8275306777,12888787015,39.03,36.18279569892473,residential,False,21,320981769
8275306783,8275306777,69.75,36.18279569892473,residential,False,12,320981769
8275307005,12888460105,88.02,36.18279569892473,residential,False,34,320981769
8491433204,301844827,21.2,36.18279569892473,residential,False,13,12908641424
8491433204,301845251,222.22,36.18279569892473,residential,False,26,12908641424
8491433204,8491433207,41.41,36.18279569892473,residential,False,34,12908641424
8491433207,8491433204,41.41,36.18279569892473,residential,False,34,12908641424
8507686734,8507686746,152.1,36.18279569892473,residential,False,20,256619924
8507686746,89058107,15.43,36.18279569892473,residential,False,23,256619924
8507686746,89057510,84.63,36.18279569892473,residential,False,24,256619924
8507686746,8507686734,152.1,36.18279569892473,residential,False,15,256619924
8514441210,301843018,63.23,20.0,living_street,False,18,12901492583
8999529096,84570944,26.77,40.0,tertiary,False,16,93731379
8999529096,84570389,266.63,40.0,tertiary,False,26,93731379
8999529096,8999529105,149.61,36.18279569892473,residential,False,11,93731379
8999529105,8999529096,149.61,36.18279569892473,residential,False,24,93731379
8999534428,84569046,51.23,36.18279569892473,residential,False,10,93731379
9051837613,88962792,236.7,36.18279569892473,residential,False,12,6185036192
9155616853,90310898,87.75,36.18279569892473,residential,True,30,11253757267
9157295477,6190618059,53.29,36.18279569892473,residential,False,32,90214098
9157295477,11255510525,83.79,36.18279569892473,residential,False,31,90214098
9157295477,90209694,27.91,36.18279569892473,residential,False,33,90214098
9157295485,2791418547,11.11,36.18279569892473,residential,False,24,90214098
9158079495,90207326,49.85,36.18279569892473,residential,False,22,90214098
9158079495,9158079496,48.94,36.18279569892473,residential,False,20,90214098
9158079495,82700965,41.82,36.18279569892473,residential,False,33,90214098
9158079496,9158079495,48.94,36.18279569892473,residential,False,22,90214098
9162554601,6997014494,47.19,36.18279569892473,residential,False,16,6218659532
9162554601,614457185,51.5,36.18279569892473,residential,False,22,6218659532
9162554601,9162554606,63.83,36.18279569892473,residential,False,11,6218659532
9162554606,9162554601,63.83,36.18279569892473,residential,False,10,6218659532
9162667630,301952756,80.85,36.18279569892473,residential,False,18,6218659532
9162667631,6883855330,26.9,36.18279569892473,residential,False,13,6218659532
9191155714,1800317475,55.1,36.18279569892473,residential,False,32,256619924
9191155714,6868197085,104.09,40.0,secondary,False,14,256619924
9191155714,254317913,70.09,40.0,tertiary,False,20,256619924
9191155714,82656150,340.36,50.0,secondary,True,31,256619924
9191292963,82621715,6.28,54.67289719626168,primary,True,33,82903274
9191292963,33222648,182.3,54.67289719626168,primary,True,24,82903274
9191292963,6861376365,19.64,36.18279569892473,residential,False,25,82903274
9195617678,6193066278,45.01,36.18279569892473,residential,False,24,11346035713
9195617678,9195617682,49.51,36.18279569892473,residential,False,12,11346035713
9195617678,6193066985,36.88,36.18279569892473,residential,False,12,11346035713
9195617682,9195617678,49.51,36.18279569892473,residential,False,27,11346035713
9195617709,6193067068,54.27,36.18279569892473,residential,False,31,11346035713
9195617709,9195617715,59.12,36.18279569892473,residential,False,17,11346035713
9195617715,9195617709,59.12,36.18279569892473,residential,False,32,11346035713
9208153329,9208153330,52.13,36.18279569892473,residential,False,24,93731379
9208153330,9208153329,52.13,36.18279569892473,residential,False,14,93731379
9208153330,301432779,269.21,36.18279569892473,residential,False,25,93731379
9208153330,84567118,64.98,36.18279569892473,residential,False,18,93731379
9325511593,301439097,64.46,36.18279569892473,residential,False,15,93731379
9325511594,9325511593,15.94,36.18279569892473,residential,False,15,93731379
9325511594,9325511596,17.4,36.18279569892473,residential,False,10,93731379
9325511596,301439100,6.54,36.18279569892473,residential,False,29,93731379
9325511596,9325511593,17.84,36.18279569892473,residential,False,13,93731379
9325711778,914261154,16.55,30.0,tertiary,False,15,93731379
9325711784,9325711789,39.68,30.0,tertiary,False,19,93731379
9325711789,9325711778,23.58,30.0,tertiary,False,13,93731379
9325711789,6366272727,324.37,50.0,tertiary,False,27,93731379
9325711796,11640881519,395.83,50.0,tertiary,False,33,93731379
9325711796,9325711784,19.95,30.0,tertiary,False,22,93731379
9325711797,9325711796,13.35,30.0,tertiary,False,15,93731379
9325766441,9325766442,33.69,36.18279569892473,residential,False,12,93731379
9325766442,9325766441,33.69,36.18279569892473,residential,False,31,93731379
9325766442,7927493272,62.65,36.18279569892473,residential,False,34,93731379
9325766442,9325766448,90.78,36.18279569892473,residential,False,10,93731379
9325766447,9325766448,87.51,36.18279569892473,residential,False,31,93731379
9325766448,6879971369,31.51,36.18279569892473,residential,False,18,93731379
9325766448,9325766447,87.51,36.18279569892473,residential,False,14,93731379
9325766448,9325766442,90.78,36.18279569892473,residential,False,24,93731379
9332976323,256757878,75.66,36.18279569892473,residential,False,21,82903274
9332976323,2006674882,331.7,53.482142857142854,secondary,False,15,82903274
9332976323,6879858982,37.65,53.482142857142854,secondary,False,16,82903274
9332976323,6879858981,36.66,36.18279569892473,residential,False,32,82903274
9332976355,9332976361,7.46,53.482142857142854,secondary,False,11,11346035713
9332976355,3933719960,33.42,50.0,residential,False,31,11346035713
9332976355,1955770138,123.7,53.482142857142854,secondary,False,27,11346035713
9332976361,9332976355,7.46,53.482142857142854,secondary,False,16,11346035713
9332976361,39630055,151.1,53.482142857142854,secondary,False,24,11346035713
9332976361,1566947303,43.4,50.0,residential,False,32,11346035713
9337261449,9337261450,14.86,53.482142857142854,secondary,False,11,82903274
9337261449,82699412,129.53,53.482142857142854,secondary,False,30,82903274
9337261450,6967771916,10.98,53.482142857142854,secondary,False,35,90214098
9337261450,82587046,68.9,53.482142857142854,secondary,False,26,90214098
9380339027,4571888881,333.29,45.0,unclassified,False,30,11253757267
9380339027,9380339028,26.65,45.0,unclassified,False,31,11253757267
9380339028,78452163,581.68,60.0,secondary,False,32,11253757267
9409056694,6879971364,41.97,36.18279569892473,residential,False,31,93731379
9566302512,9566302513,76.19,36.18279569892473,residential,False,13,93731379
9566302512,84575462,74.71,36.18279569892473,residential,False,22,93731379
9566302513,9566302512,76.19,36.18279569892473,residential,False,32,93731379
9566302513,84574171,127.35,36.18279569892473,residential,False,19,93731379
9566466244,386899715,141.77,36.18279569892473,residential,False,24,386876240
9566725637,9566725640,67.0,36.18279569892473,residential,False,11,320981769
9566725640,1489365626,17.95,36.18279569892473,residential,False,29,320981769
9566725640,82908445,59.29,36.18279569892473,residential,False,10,320981769
9566725640,9566725637,67.0,36.18279569892473,residential,False,11,320981769
9566797215,9566797216,80.63,36.18279569892473,residential,False,34,256619924
9566797215,9566815619,128.5,36.18279569892473,residential,False,22,256619924
9566797215,12898627799,66.95,36.18279569892473,residential,False,34,256619924
9566797216,9566815619,47.86,36.18279569892473,residential,False,16,256619924
9566797216,9566797215,80.63,36.18279569892473,residential,False,17,256619924
9566797216,9566815617,76.36,36.18279569892473,residential,False,21,256619924
9566815617,9566815619,121.03,36.18279569892473,residential,False,17,256619924
9566815617,317631812,82.17,36.18279569892473,residential,False,16,256619924
9566815617,9566797216,76.36,36.18279569892473,residential,False,12,256619924
9566815619,9566797216,47.86,36.18279569892473,residential,False,10,256619924
9566815619,9566815617,121.03,36.18279569892473,residential,False,23,256619924
9566815619,9566797215,128.5,36.18279569892473,residential,False,10,256619924
9566912281,9566912285,102.13,36.18279569892473,residential,False,10,82903274
9566912285,9566912286,29.04,36.18279569892473,residential,False,20,82903274
9566912285,9566912281,102.13,36.18279569892473,residential,False,16,82903274
9566912285,13377315175,54.87,36.18279569892473,residential,False,31,82903274
9566912286,9566912285,29.04,36.18279569892473,residential,False,31,82903274
9566912286,256595127,135.91,36.18279569892473,residential,False,12,82903274
9568889766,9568889769,223.68,36.18279569892473,residential,False,17,11346035713
9568889769,60969926,31.19,36.18279569892473,residential,False,13,11346035713
9568889769,83723692,26.66,36.18279569892473,residential,False,35,11346035713
9568889769,9568889766,223.68,36.18279569892473,residential,False,31,11346035713
9703854402,9703854403,48.91,36.18279569892473,residential,False,15,256619924
9703854403,6883700561,54.68,36.18279569892473,residential,False,33,256619924
9703854403,3105399696,44.39,36.18279569892473,residential,False,15,256619924
9703854403,9703854402,48.91,36.18279569892473,residential,False,11,256619924
9733565483,256899507,198.08,36.18279569892473,residential,False,23,320981769
9939725060,89011026,81.64,36.18279569892473,residential,False,26,82703794
10038977946,83734669,17.83,36.18279569892473,residential,False,13,93731379
10038977946,7259225758,25.96,36.18279569892473,residential,False,20,93731379
10038977946,7259225761,20.51,36.18279569892473,residential,False,20,93731379
10038977980,83734669,265.47,36.18279569892473,residential,False,27,93731379
10265634293,89039717,183.8,44.02390438247012,tertiary,False,30,320981769
10265634293,82641887,27.02,44.02390438247012,tertiary,False,16,320981769
10265634293,471412954,128.63,36.18279569892473,residential,False,29,320981769
10270258445,82626094,39.08,36.18279569892473,residential,True,16,90214098
10270258445,81535495,77.72,60.0,primary,False,27,90214098
10307781019,6956022976,644.12,50.0,primary,False,22,256619924
10307781019,1893962188,382.43,50.0,primary,False,23,256619924
10307781019,10307781038,50.22,36.18279569892473,residential,False,13,256619924
10307781038,10307781019,50.22,36.18279569892473,residential,False,17,256619924
10769086323,82702454,25.47,44.02390438247012,tertiary,False,16,6190850825
10769086323,89043556,6.31,44.02390438247012,tertiary,False,13,6190850825
10832837312,309197234,145.58,36.18279569892473,residential,False,21,320050383
10958282479,90235320,101.94,36.18279569892473,residential,False,20,82703794
10958282479,89012910,18.0,36.18279569892473,residential,False,15,82703794
10958282479,256372413,104.23,36.18279569892473,residential,False,10,82703794
10970002963,6363700414,10.02,36.18279569892473,residential,False,22,11253757267
10970002963,10970002964,6.86,36.18279569892473,residential,False,30,11253757267
10970002964,11351297114,25.5,36.18279569892473,residential,False,20,11253757267
10970003005,84567875,1.94,30.0,residential,False,10,93731379
10970003005,84568392,294.3,30.0,residential,False,22,93731379
11023458218,2046191889,258.66,36.18279569892473,residential,False,16,256619924
11023462656,2046191889,10.57,36.18279569892473,residential,False,24,256619924
11023462656,11023462658,49.88,36.18279569892473,residential,False,17,256619924
11023462656,11023462660,15.2,36.18279569892473,residential,False,12,256619924
11023462658,11023462656,49.88,36.18279569892473,residential,False,31,256619924
11023462660,11023462656,15.2,36.18279569892473,residential,False,18,256619924
11038287701,11038287702,51.37,36.18279569892473,residential,False,30,93731379
11038287701,12903932357,55.94,36.18279569892473,residential,False,29,93731379
11038287701,1945100189,112.25,36.18279569892473,residential,False,21,93731379
11038287702,256387447,23.03,36.18279569892473,residential,False,11,93731379
11038287702,256387398,104.75,36.18279569892473,residential,False,12,93731379
11038287702,11038287701,51.37,36.18279569892473,residential,False,16,93731379
11042119854,736707400,106.45,36.18279569892473,residential,False,23,93731379
11042119854,6370671059,68.02,36.18279569892473,residential,False,19,93731379
11042119854,4563677885,80.86,36.18279569892473,residential,False,34,93731379
11085084819,13144061041,5.16,36.18279569892473,residential,False,29,6988544531
11113476526,6366272727,8.22,36.18279569892473,residential,False,25,93731379
11113476526,12909668266,26.97,36.18279569892473,residential,False,13,93731379
11113476526,9325711778,319.3,30.0,tertiary,False,32,93731379
11113476531,11113476533,9.1,44.02390438247012,tertiary,False,27,93731379
11113476533,12912932242,6.05,44.02390438247012,tertiary,False,35,93731379
11113476533,11113476537,18.49,44.02390438247012,tertiary,False,28,93731379
11113476537,11113476540,17.07,44.02390438247012,tertiary,False,15,93731379
11113476540,11113476543,17.07,44.02390438247012,tertiary,False,18,93731379
11113476540,6366272731,28.06,40.0,residential,False,13,93731379
11113476543,11113476548,11.38,44.02390438247012,tertiary,False,29,93731379
11113476545,12910806726,3.86,44.02390438247012,tertiary,False,20,93731379
11113476548,11113476545,17.24,44.02390438247012,tertiary,False,30,93731379
11113476548,6366272728,21.26,44.02390438247012,tertiary,False,32,93731379
11113476572,1800349834,557.06,60.0,secondary,False,22,93731379
11113476572,11205626335,24.21,40.0,secondary,False,31,93731379
11113476572,11640881510,191.64,53.482142857142854,secondary,False,34,93731379
11142826539,256756610,82.83,36.18279569892473,residential,False,32,82686004
11158979442,471183764,313.38,36.18279569892473,residential,False,14,6185036192
11159272588,8174717600,193.58,36.18279569892473,residential,False,20,256619924
11159718045,11159718046,17.52,36.18279569892473,residential,False,15,82686004
11159718045,388278111,85.68,36.18279569892473,residential,False,30,82686004
11159718045,388278071,113.97,36.18279569892473,residential,False,34,82686004
11159718046,11159718045,17.52,36.18279569892473,residential,False,32,82686004
11159718046,11159718047,73.39,36.18279569892473,residential,False,20,82686004
11159718046,388278151,52.82,36.18279569892473,residential,False,31,82686004
11159718047,11159718046,73.39,36.18279569892473,residential,False,25,82686004
11159724690,388278007,56.43,36.18279569892473,residential,False,12,388276886
11172142579,5127810798,55.64,40.0,residential,False,20,82903274
11172142584,11172142589,71.01,36.18279569892473,residential,False,10,11346035713
11172142589,256394596,15.09,60.0,primary,True,29,11346035713
11172142589,316056851,84.42,60.0,primary,True,28,11346035713
11172142589,11172142584,71.01,36.18279569892473,residential,False,24,11346035713
11172142591,11172142592,37.88,36.18279569892473,residential,False,22,11346035713
11172142592,11172142591,37.88,36.18279569892473,residential,False,26,11346035713
11172142592,11172142595,12.27,36.18279569892473,residential,False,30,11346035713
11172142592,2272366763,85.82,36.18279569892473,residential,False,33,11346035713
11172142595,11172142592,12.27,36.18279569892473,residential,False,17,11346035713
11172142596,11172142597,92.38,36.18279569892473,residential,False,26,11346035713
11172142597,2272366763,54.17,36.18279569892473,residential,False,28,11346035713
11172142597,2272366761,80.01,36.18279569892473,residential,False,32,11346035713
11172142597,11172142596,92.38,36.18279569892473,residential,False,10,11346035713
11172142597,11172142604,70.42,36.18279569892473,residential,False,17,11346035713
11172142604,60969247,107.75,60.0,primary,True,10,11346035713
11172142604,2272366762,26.8,60.0,primary,False,29,11346035713
11172142604,11172142597,70.42,36.18279569892473,residential,False,34,11346035713
11172142605,11172142606,40.85,36.18279569892473,residential,False,13,82903274
11172142606,11172142605,40.85,36.18279569892473,residential,False,19,82903274
11172142606,6865168579,99.44,20.0,residential,False,17,82903274
11172142606,1754980497,25.07,20.0,residential,False,33,82903274
11175089863,93693055,45.19,36.18279569892473,residential,False,23,82903274
11175089863,83741118,162.08,36.18279569892473,residential,False,34,82903274
11175089868,6361377220,139.23,36.18279569892473,residential,False,17,82903274
11175204499,11175204502,45.2,36.18279569892473,residential,False,29,388276886
11175204502,90218748,117.95,36.18279569892473,residential,False,12,388276886
11175204502,11175204499,45.2,36.18279569892473,residential,False,11,388276886
11175918209,83733503,23.63,30.0,residential,False,14,93731379
11175918209,2355702783,45.63,30.0,residential,False,21,93731379
11175918209,6861834250,334.41,36.18279569892473,residential,False,25,93731379
11175918210,11175918214,246.13,36.18279569892473,residential,False,19,93731379
11175918214,2355702784,2.79,30.0,residential,False,16,93731379
11175918214,301430352,42.93,30.0,residential,False,14,93731379
11175918214,11175918210,246.13,36.18279569892473,residential,False,22,93731379
11175918215,2355702784,9.4,36.18279569892473,residential,False,16,93731379
11175918215,1946584096,113.59,36.18279569892473,residential,False,30,93731379
11175918215,1248290381,134.57,36.18279569892473,residential,False,11,93731379
11187088880,6399237559,91.86,36.18279569892473,residential,False,17,256619924
11187147647,11187147652,63.18,36.18279569892473,residential,False,33,6988544531
11187147652,6990911069,1148.86,36.18279569892473,residential,False,29,6988544531
11187147652,574960867,392.54,36.18279569892473,residential,False,24,6988544531
11187147652,11187147647,63.18,36.18279569892473,residential,False,33,6988544531
11188958636,6958485888,300.38,36.18279569892473,residential,False,20,12901492583
11188970244,6958296954,116.23,36.18279569892473,residential,False,14,147963281
11189437430,386896829,80.09,40.0,residential,False,18,386876240
11189437430,386896753,174.83,40.0,residential,False,20,386876240
11189437430,11189437436,105.95,36.18279569892473,residential,False,30,386876240
11189437436,386896829,57.18,36.18279569892473,residential,False,35,386876240
11189437436,386896696,63.31,36.18279569892473,residential,False,34,386876240
11189437436,11189437430,105.95,36.18279569892473,residential,False,11,386876240
11189596239,11189596245,87.2,36.18279569892473,residential,False,26,12908641424
11189596245,147999052,18.61,36.18279569892473,residential,False,35,12908641424
11189596245,6222835831,208.44,36.18279569892473,residential,False,23,12908641424
11189596245,11189596239,87.2,36.18279569892473,residential,False,30,12908641424
11194855669,11194855673,71.95,36.18279569892473,residential,False,19,12901492583
11194855673,2134221730,75.49,36.18279569892473,residential,False,34,12901492583
11194855673,6958485888,20.49,36.18279569892473,residential,False,10,12901492583
11194855673,11194855669,71.95,36.18279569892473,residential,False,17,12901492583
11194855674,11194855676,48.75,36.18279569892473,residential,False,33,12901492583
11194855676,301857617,21.88,44.02390438247012,tertiary,False,20,12901492583
11194855676,2134221730,71.8,44.02390438247012,tertiary,False,20,12901492583
11194855676,11194855674,48.75,36.18279569892473,residential,False,17,12901492583
11194855677,6980445894,27.41,36.18279569892473,residential,False,16,12901492583
11194855679,11194855684,113.8,36.18279569892473,residential,False,27,12901492583
11194855684,2134221730,23.42,44.02390438247012,tertiary,False,11,12901492583
11194855684,6958506909,166.78,44.02390438247012,tertiary,False,31,12901492583
11194855684,11194855679,113.8,36.18279569892473,residential,False,17,12901492583
11205626335,78424736,524.6,60.0,secondary,True,35,93731379
11205626335,11113476572,24.21,40.0,secondary,False,31,93731379
11205626335,83714213,432.22,40.0,secondary,True,32,93731379
11208467468,11208467470,57.98,36.18279569892473,residential,False,33,6185036192
11208467470,4144063065,149.31,36.18279569892473,residential,False,17,6185036192
11208467470,4144063061,81.38,36.18279569892473,residential,False,29,6185036192
11208467470,11208467468,57.98,36.18279569892473,residential,False,22,6185036192
11218723720,914261181,243.42,45.0,unclassified,False,26,93731379
11238858193,11238858198,163.74,36.18279569892473,residential,False,20,6988544531
11238858198,11238858199,107.3,45.0,unclassified,False,15,6988544531
11238858198,6988517445,51.55,36.18279569892473,residential,False,24,6988544531
11238858198,11238858193,163.74,36.18279569892473,residential,False,30,6988544531
11238858199,11238858198,107.3,45.0,unclassified,False,10,6988544531
11238858199,6988517422,11.75,36.18279569892473,residential,False,12,6988544531
11238858199,6988517445,131.61,36.18279569892473,residential,False,25,6988544531
11253757267,1397581628,99.69,36.18279569892473,residential,False,12,11253757267
11253757267,6363346390,55.46,50.0,tertiary,False,16,11253757267
11255510525,9157295477,83.79,36.18279569892473,residential,False,11,90214098
11258095459,146264977,8.65,36.18279569892473,residential,False,30,11346035713
11258095459,146264982,131.94,36.18279569892473,residential,False,14,11346035713
11258095459,6191116136,47.7,36.18279569892473,residential,False,16,11346035713
11258112534,60969794,89.28,36.18279569892473,residential,False,14,11346035713
11258112534,12912354049,36.7,36.18279569892473,residential,False,12,11346035713
11258112534,6865185157,117.75,36.18279569892473,residential,False,15,11346035713
11258112534,6865185180,233.03,36.18279569892473,residential,False,28,11346035713
11258115237,11258115238,46.74,36.18279569892473,residential,False,27,11346035713
11258115238,32271703,4.85,36.18279569892473,residential,False,35,11346035713
11258115238,11258115237,46.74,36.18279569892473,residential,False,16,11346035713
11258115238,2272366761,37.0,36.18279569892473,residential,False,17,11346035713
11258115239,83731216,50.57,36.18279569892473,residential,False,26,11346035713
11258115244,6969995208,55.92,36.18279569892473,residential,False,12,11346035713
11258115246,316057070,46.9,36.18279569892473,residential,False,23,11346035713
11258115249,1383527467,42.18,36.18279569892473,residential,False,33,11346035713
11258115251,12743733573,46.43,36.18279569892473,residential,False,24,11346035713
11258115257,11258115259,59.02,36.18279569892473,residential,False,19,11346035713
11258115259,11346053725,33.09,36.18279569892473,residential,False,15,11346035713
11258115259,6191116137,28.57,36.18279569892473,residential,False,33,11346035713
11258115259,11258115257,59.02,36.18279569892473,residential,False,16,11346035713
11258115260,6868194838,106.3,36.18279569892473,residential,False,17,11346035713
11258115263,11258115264,98.67,36.18279569892473,residential,False,23,11346035713
11258115264,11258115263,98.67,36.18279569892473,residential,False,15,11346035713
11258115264,316057070,60.66,36.18279569892473,residential,False,29,11346035713
11258115264,6865147056,28.28,36.18279569892473,residential,False,17,11346035713
11258115265,11258115269,84.35,36.18279569892473,residential,False,19,11346035713
11258115269,32271695,19.36,36.18279569892473,residential,False,19,11346035713
11258115269,39626409,66.84,36.18279569892473,residential,False,28,11346035713
11258115269,11258115265,84.35,36.18279569892473,residential,False,24,11346035713
11258115273,11346064416,84.74,36.18279569892473,residential,False,30,11346035713
11258115273,6970430350,66.1,36.18279569892473,residential,False,16,11346035713
11258115273,11258115274,133.7,36.18279569892473,residential,False,18,11346035713
11258115274,11258115273,133.7,36.18279569892473,residential,False,35,11346035713
11262691002,256391812,113.65,36.18279569892473,residential,False,25,82903274
11335510050,11335510060,109.76,36.18279569892473,residential,False,12,147963281
11335510060,301949427,7.21,36.18279569892473,residential,False,21,147963281
11335510060,11335510050,109.76,36.18279569892473,residential,False,22,147963281
11335510060,11346099663,93.75,36.18279569892473,residential,False,22,147963281
11335625111,1334621167,92.84,36.18279569892473,residential,False,15,12908641424
11336002291,388277378,50.34,36.18279569892473,residential,False,25,386876240
11336005309,6196104796,233.48,36.18279569892473,residential,False,24,147963281
11336057830,11336057831,62.9,36.18279569892473,residential,False,23,12908641424
11336057830,7264576939,55.09,36.18279569892473,residential,False,26,12908641424
11336057830,6391402527,52.97,36.18279569892473,residential,False,29,12908641424
11336057831,11336057830,62.9,36.18279569892473,residential,False,33,12908641424
11336070291,1333834453,26.43,36.18279569892473,residential,False,23,12908641424
11336070291,1544180756,89.15,36.18279569892473,residential,False,34,12908641424
11336070291,12905498936,83.56,36.18279569892473,residential,False,14,12908641424
11337401143,2023217275,294.1,36.18279569892473,residential,False,35,12908641424
11337401143,1326271891,249.06,36.18279569892473,residential,False,25,12908641424
11337401143,12908641445,134.69,36.18279569892473,residential,False,10,12908641424
11337674019,2023217664,124.24,36.18279569892473,residential,False,34,12908641424
11337674019,2023217720,45.23,36.18279569892473,residential,False,22,12908641424
11337674019,11337674021,62.71,36.18279569892473,residential,False,23,12908641424
11337674021,11337674019,62.71,36.18279569892473,residential,False,12,12908641424
11337728457,147965103,149.9,36.18279569892473,residential,False,34,147963281
11337747019,6883394894,84.62,36.18279569892473,residential,False,19,6218659532
11337766798,11337766804,53.75,36.18279569892473,residential,False,29,6185036192
11337766804,88959838,183.32,36.18279569892473,residential,False,27,6185036192
11337766804,88960272,186.58,36.18279569892473,residential,False,14,6185036192
11337766804,11337766798,53.75,36.18279569892473,residential,False,27,6185036192
11337769012,301959921,81.81,36.18279569892473,residential,False,33,6185036192
11337775141,11337775142,60.67,36.18279569892473,residential,False,15,6185036192
11337775142,11337775141,60.67,36.18279569892473,residential,False,18,6185036192
11337775142,1841467749,112.03,36.18279569892473,residential,False,22,6185036192
11337775142,2108598842,108.4,36.18279569892473,residential,False,24,6185036192
11337775437,301959927,221.26,36.18279569892473,residential,False,19,6185036192
11337776588,2121850016,71.49,36.18279569892473,residential,False,24,6185036192
11337782893,471180122,481.88,36.18279569892473,residential,False,19,6185036192
11337784508,301953780,51.45,36.18279569892473,residential,False,22,301954258
11337784508,301953777,54.41,36.18279569892473,residential,False,27,301954258
11337784508,11337784511,63.34,36.18279569892473,residential,False,29,301954258
11337784511,11337784508,63.34,36.18279569892473,residential,False,25,301954258
11337784836,11337784837,78.92,36.18279569892473,residential,False,12,6185036192
11337784837,11337784836,78.92,36.18279569892473,residential,False,20,6185036192
11337784837,88966668,198.99,36.18279569892473,residential,False,14,6185036192
11337784837,88966424,132.32,36.18279569892473,residential,False,32,6185036192
11337785631,11337785632,60.01,36.18279569892473,residential,False,25,147963281
11337785632,147963681,27.92,36.18279569892473,residential,False,16,147963281
11337785632,147963281,59.07,36.18279569892473,residential,False,14,147963281
11337785632,11337785631,60.01,36.18279569892473,residential,False,16,147963281
11337786907,301865447,55.79,36.18279569892473,residential,False,10,147963281
11337786907,6958151247,96.07,36.18279569892473,residential,False,10,147963281
11337786907,11337786916,89.14,36.18279569892473,residential,False,26,147963281
11337786916,11337786907,89.14,36.18279569892473,residential,False,33,147963281
11337787455,11337787464,58.45,36.18279569892473,residential,False,33,301954258
11337787464,301954086,8.91,36.18279569892473,residential,False,21,301954258
11337787464,301954223,96.65,36.18279569892473,residential,False,25,301954258
11337787464,11337787455,58.45,36.18279569892473,residential,False,22,301954258
11337790521,301947859,87.58,36.18279569892473,residential,False,23,6218659532
11337793945,301950860,107.44,36.18279569892473,residential,False,22,6218659532
11337793945,11337809840,203.42,36.18279569892473,residential,False,33,6218659532
11337793945,11337793957,119.96,36.18279569892473,residential,False,21,6218659532
11337793957,11337793945,119.96,36.18279569892473,residential,False,22,6218659532
11337794869,6396531968,376.27,36.18279569892473,residential,False,25,147963281
11337794869,147971484,57.15,36.18279569892473,residential,False,19,147963281
11337794869,147971479,99.66,36.18279569892473,residential,False,30,147963281
11337799793,6882650148,71.81,36.18279569892473,residential,False,28,301954258
11337802217,105810194,13.76,40.0,residential,False,12,6218659532
11337802217,147960488,144.52,40.0,residential,False,23,6218659532
11337802217,11337802220,59.62,36.18279569892473,residential,False,11,6218659532
11337802220,11337802217,59.62,36.18279569892473,residential,False,13,6218659532
11337809832,11337809840,81.74,36.18279569892473,residential,False,22,6218659532
11337809840,11337793945,203.42,36.18279569892473,residential,False,28,6218659532
11337809840,301950693,150.85,36.18279569892473,residential,False,15,6218659532
11337809840,11337809832,81.74,36.18279569892473,residential,False,16,6218659532
11337816888,2113092753,185.65,36.18279569892473,residential,False,34,301954258
11337867272,301958047,220.34,36.18279569892473,residential,False,23,105814816
11337891905,11337891911,56.3,36.18279569892473,residential,False,18,105814816
11337891906,11337891911,63.51,36.18279569892473,residential,False,34,105814816
11337891911,11337891905,56.3,36.18279569892473,residential,False,34,105814816
11337891911,11337891906,63.51,36.18279569892473,residential,False,33,105814816
11337891911,6365509987,69.99,36.18279569892473,residential,False,21,105814816
11338151024,13144061041,411.64,40.0,residential,False,26,6988544531
11338167425,11338167428,65.18,36.18279569892473,residential,False,32,12908641424
11338167428,6391139719,194.8,36.18279569892473,residential,False,25,12908641424
11338167428,301838045,10.68,36.18279569892473,residential,False,30,12908641424
11338167428,11338167425,65.18,36.18279569892473,residential,False,32,12908641424
11338709183,471181347,174.67,36.18279569892473,residential,False,21,6185036192
11338741595,11338741598,94.82,36.18279569892473,residential,False,32,6185036192
11338741598,89075569,4.24,36.18279569892473,residential,False,11,6185036192
11338741598,89075061,240.64,36.18279569892473,residential,False,30,6185036192
11338741598,11338741595,94.82,36.18279569892473,residential,False,22,6185036192
11338755700,6907048753,313.88,36.18279569892473,residential,False,23,6185036192
11338803555,6906834344,56.0,36.18279569892473,residential,False,33,6185036192
11338803555,471183796,67.13,36.18279569892473,residential,False,17,6185036192
11338803555,11338803560,116.58,36.18279569892473,residential,False,17,6185036192
11338803560,11338803555,116.58,36.18279569892473,residential,False,25,6185036192
11338871085,11338871119,267.63,36.18279569892473,residential,False,11,6185036192
11338871119,88973356,82.71,36.18279569892473,residential,False,21,6185036192
11338871119,6907065868,382.39,36.18279569892473,residential,False,30,6185036192
11338871119,11338871085,267.63,36.18279569892473,residential,False,32,6185036192
11338871128,11338871136,85.79,36.18279569892473,residential,False,31,6185036192
11338871136,247266388,285.55,36.18279569892473,residential,False,10,6185036192
11338871136,2356222927,487.01,36.18279569892473,residential,False,32,6185036192
11338871136,11338871128,85.79,36.18279569892473,residential,False,31,6185036192
11338888125,6907005640,32.37,36.18279569892473,residential,False,30,6185036192
11345949939,1327337229,42.35,36.18279569892473,residential,False,14,12901492583
11345949942,11345949958,150.12,36.18279569892473,residential,False,18,12901492583
11345949958,1327337186,15.77,36.18279569892473,residential,False,29,12901492583
11345949958,6396501531,115.16,36.18279569892473,residential,False,24,12901492583
11345949958,11345949942,150.12,36.18279569892473,residential,False,31,12901492583
11345970301,11345970303,53.74,36.18279569892473,residential,False,14,12908641424
11345970303,301847727,10.92,36.18279569892473,residential,False,18,12908641424
11345970303,301845531,52.72,36.18279569892473,residential,False,17,12908641424
11345970303,11345970301,53.74,36.18279569892473,residential,False,29,12908641424
11345999182,11345999190,56.63,36.18279569892473,residential,False,28,388276886
11345999190,301373009,85.7,36.18279569892473,residential,False,31,388276886
11345999190,301372930,237.48,36.18279569892473,residential,False,15,388276886
11345999190,11345999182,56.63,36.18279569892473,residential,False,10,388276886
11346000173,11346000175,140.26,36.18279569892473,residential,False,13,93731379
11346000175,6193176327,15.05,36.18279569892473,residential,False,34,93731379
11346000175,83734666,22.45,36.18279569892473,residential,False,12,93731379
11346000175,11346000173,140.26,36.18279569892473,residential,False,30,93731379
11346001729,11346001732,56.72,36.18279569892473,residential,False,32,82903274
11346001732,1365076759,39.85,40.0,residential,False,22,82903274
11346001732,93810398,24.19,40.0,residential,False,22,82903274
11346001732,11346001729,56.72,36.18279569892473,residential,False,32,82903274
11346002628,11346002636,78.21,36.18279569892473,residential,False,28,847937526
11346002636,1021671151,135.68,36.18279569892473,residential,False,12,847937526
11346002636,1363821605,70.41,36.18279569892473,residential,False,26,847937526
11346002636,11346002628,78.21,36.18279569892473,residential,False,16,847937526
11346032779,83730212,54.99,36.18279569892473,residential,False,23,11346035713
11346035713,6879657448,59.79,36.18279569892473,residential,False,15,11346035713
11346053723,11346053725,74.7,36.18279569892473,residential,False,23,11346035713
11346053725,6191116136,14.67,36.18279569892473,residential,False,18,11346035713
11346053725,11258115259,33.09,36.18279569892473,residential,False,32,11346035713
11346053725,11346053723,74.7,36.18279569892473,residential,False,19,11346035713
11346062140,5127810794,80.84,36.18279569892473,residential,False,26,82903274
11346064416,11258115273,84.74,36.18279569892473,residential,False,27,11346035713
11346065505,6867964677,74.7,36.18279569892473,residential,False,31,847937526
11346067004,7810182334,83.08,53.482142857142854,secondary,False,22,147963281
11346067004,12091725458,23.84,53.482142857142854,secondary,False,28,147963281
11346067004,1300895487,85.92,36.18279569892473,residential,False,19,147963281
11346078415,11346078417,82.01,36.18279569892473,residential,False,33,147963281
11346078417,12909415456,59.06,36.18279569892473,residential,False,23,147963281
11346078417,147951227,65.4,36.18279569892473,residential,False,34,147963281
11346078417,11346078415,82.01,36.18279569892473,residential,False,33,147963281
11346078579,6969853129,54.12,36.18279569892473,residential,False,12,147963281
11346088162,6399358827,131.75,36.18279569892473,residential,False,13,256619924
11346088570,6399358828,86.22,36.18279569892473,residential,False,30,256619924
11346099663,11335510060,93.75,36.18279569892473,residential,False,28,147963281
11351297114,13322076221,10.37,36.18279569892473,residential,False,34,11253757267
11351297114,13322076229,6.98,36.18279569892473,residential,False,35,11253757267
11351297115,10970002963,8.52,36.18279569892473,residential,False,21,11253757267
11379786983,301836996,32.71,36.18279569892473,residential,False,14,12908641424
11401557882,147999052,62.32,36.18279569892473,residential,False,18,12908641424
11401557882,147999045,130.02,36.18279569892473,residential,False,33,12908641424
11401557882,11401557890,184.57,20.0,living_street,False,16,12908641424
11401557890,11401557882,184.57,20.0,living_street,False,33,12908641424
11640881507,6366272720,46.71,45.0,unclassified,False,22,105814816
11640881507,11640881514,20.63,53.482142857142854,secondary,False,32,105814816
11640881510,11640881512,10.39,53.482142857142854,secondary,False,19,93731379
11640881512,9325711784,392.95,40.0,tertiary,False,10,93731379
11640881512,11640881519,22.34,53.482142857142854,secondary,False,15,93731379
11640881514,12171257958,10.86,53.482142857142854,secondary,False,25,105814816
11640881519,11640881521,8.92,53.482142857142854,secondary,False,10,93731379
11640881521,4565128730,402.68,53.482142857142854,secondary,False,13,93731379
11640881521,11640881523,16.92,53.482142857142854,secondary,False,12,93731379
11640881523,11640881507,10.35,53.482142857142854,secondary,False,34,105814816
11672326955,301371459,42.82,36.18279569892473,residential,False,32,90214098
11672522121,90230982,102.66,36.18279569892473,residential,False,23,82703794
11672522121,78452147,26.22,50.0,primary,False,26,82703794
11672522122,11672522121,12.58,36.18279569892473,residential,False,23,82703794
11672522122,320070948,84.87,50.0,primary,False,30,82703794
11672522122,78452147,27.48,53.482142857142854,secondary,False,19,82703794
11811495472,6988385512,446.67,36.18279569892473,residential,False,33,6988544531
11811495472,13144061041,126.69,36.18279569892473,residential,False,23,6988544531
11811495472,6988385556,208.43,36.18279569892473,residential,False,15,6988544531
11889564186,386883755,35.88,36.18279569892473,residential,False,15,7098591540
11889564186,90212496,23.86,36.18279569892473,residential,False,21,7098591540
11889564186,386883900,220.76,36.18279569892473,residential,False,15,7098591540
11961523006,6865147015,61.3,36.18279569892473,residential,False,32,11346035713
11961523008,12743733573,23.33,36.18279569892473,residential,False,14,11346035713
11961523010,6879877002,60.29,36.18279569892473,residential,False,16,11346035713
11961523012,32271703,33.39,36.18279569892473,residential,False,25,11346035713
11977428484,301946394,198.02,60.0,secondary,False,15,147963281
11977428484,4565128738,165.46,53.482142857142854,secondary,False,26,147963281
11991211010,82587475,38.53,36.18279569892473,residential,False,13,82703794
12007766912,84567843,62.12,36.18279569892473,residential,False,24,93731379
12007802374,12007802375,58.63,36.18279569892473,residential,False,28,93731379
12007802374,301431838,318.74,36.18279569892473,residential,False,16,93731379
12007802375,12007802374,58.63,36.18279569892473,residential,False,15,93731379
12045725932,567542727,61.33,44.02390438247012,tertiary,False,16,93731379
12045725932,914251755,45.85,44.02390438247012,tertiary,False,11,93731379
12045725932,12912459395,7.67,36.18279569892473,residential,False,33,93731379
12046344101,12046344103,39.78,36.18279569892473,residential,False,15,320050383
12046344103,82701958,16.97,36.18279569892473,residential,False,35,320050383
12046344103,6910738659,72.64,36.18279569892473,residential,False,34,320050383
12046344103,12046344101,39.78,36.18279569892473,residential,False,16,320050383
12091725458,567542729,92.13,36.18279569892473,residential,False,18,147963281
12091725458,11346067004,23.84,53.482142857142854,secondary,False,23,147963281
12091725458,6366272725,88.95,53.482142857142854,secondary,False,24,147963281
12171257958,11113476572,192.37,53.482142857142854,secondary,False,30,105814816
12171257958,11640881510,19.34,53.482142857142854,secondary,False,29,105814816
12179788818,83729262,149.77,36.18279569892473,residential,False,13,11346035713
12196782635,4565128726,20.43,45.0,unclassified,False,30,105814816
12196782635,105801897,73.95,40.0,residential,False,15,105814816
12196782635,12898819360,26.46,51.36889705201475,secondary_link,False,12,105814816
12201098849,4900571136,84.82,36.18279569892473,residential,False,19,93731379
12201098849,1300613239,45.05,36.18279569892473,residential,False,12,93731379
12255302217,12255302222,221.44,36.18279569892473,residential,False,22,105814816
12255302221,12255302222,36.55,36.18279569892473,residential,False,13,105814816
12255302222,12255302221,36.55,36.18279569892473,residential,False,18,105814816
12255302222,12255302217,221.44,36.18279569892473,residential,False,12,105814816
12255302222,12255302223,4.67,36.18279569892473,residential,False,20,105814816
12255302223,12255302222,4.67,36.18279569892473,residential,False,10,105814816
12255302223,12898466048,301.23,60.0,secondary,False,28,105814816
12322799084,3787429426,204.52,60.0,secondary,False,17,82903274
12322799084,82624009,69.21,44.02390438247012,tertiary,True,25,82903274
12322799084,12402699760,23.25,53.482142857142854,secondary,False,25,82903274
12398545754,12398545758,23.9,53.482142857142854,secondary,False,31,11253757267
12398545754,83738765,322.21,60.0,secondary,False,34,11253757267
12398545755,12398545754,9.54,60.0,secondary,False,13,11253757267
12398545755,82900653,116.15,36.18279569892473,residential,False,10,11253757267
12398545758,12398545759,6.89,60.0,secondary,False,11,11253757267
12398545758,12398545762,9.17,53.482142857142854,secondary,False,18,11253757267
12398545759,12398545755,24.08,53.482142857142854,secondary,False,34,11253757267
12398545759,6975294301,513.17,60.0,secondary,False,10,11253757267
12398545762,90310545,23.17,53.482142857142854,secondary,True,31,11253757267
12398545762,12398545759,8.81,53.482142857142854,secondary,False,28,11253757267
12402699743,256756209,56.67,36.18279569892473,residential,False,35,82903274
12402699743,93693058,190.39,53.482142857142854,secondary,True,11,82903274
12402699743,12402699752,39.64,53.482142857142854,secondary,False,13,82903274
12402699752,12402699760,30.8,53.482142857142854,secondary,False,16,82903274
12402699752,256756145,88.33,36.18279569892473,residential,False,26,82903274
12402699752,12402699743,39.64,53.482142857142854,secondary,False,35,82903274
12402699760,12402699752,30.8,53.482142857142854,secondary,False,10,82903274
12402699760,12322799084,23.25,53.482142857142854,secondary,False,22,82903274
12504156319,93731105,32.08,36.18279569892473,residential,False,29,12901492583
12504156319,6958485895,326.33,36.18279569892473,residential,False,26,12901492583
12504156319,12920428366,21.54,36.18279569892473,residential,False,34,12901492583
12536190858,2045965287,326.44,36.18279569892473,residential,False,18,82668285
12548630878,12911996242,19.44,30.0,residential,False,25,82668285
12676661197,914251763,216.08,40.0,residential,False,25,93731379
12676661197,1923856759,255.52,60.0,secondary,True,34,93731379
12704772573,301861233,34.22,36.18279569892473,residential,False,20,147963281
12704772583,147971470,79.15,36.18279569892473,residential,False,29,147963281
12704772584,147971467,43.89,36.18279569892473,residential,False,23,147963281
12735642207,82643178,57.6,36.18279569892473,residential,False,20,320981769
12735642209,12735642210,44.03,36.18279569892473,residential,False,21,320981769
12735642210,12735642209,44.03,36.18279569892473,residential,False,31,320981769
12735642210,12735642212,51.2,36.18279569892473,residential,False,20,320981769
12735642210,254312733,33.78,36.18279569892473,residential,False,20,320981769
12735642212,12735642210,51.2,36.18279569892473,residential,False,17,320981769
12735642218,254312727,39.53,36.18279569892473,residential,False,21,320981769
12735642220,471413017,37.04,36.18279569892473,residential,False,31,320981769
12735642221,471412954,46.9,36.18279569892473,residential,False,22,320981769
12735642222,302344347,119.41,36.18279569892473,residential,False,22,320981769
12743663758,146264973,8.78,36.18279569892473,residential,False,29,11346035713
12743663758,6191116220,73.63,36.18279569892473,residential,False,11,11346035713
12743663758,6212861943,104.07,36.18279569892473,residential,False,21,11346035713
12743663759,83731207,5.95,36.18279569892473,residential,False,20,11346035713
12743663759,2305966312,104.79,36.18279569892473,residential,False,35,11346035713
12743663759,6879877002,23.3,36.18279569892473,residential,False,13,11346035713
12743733570,12743733571,44.77,36.18279569892473,residential,False,10,11346035713
12743733571,12743733570,44.77,36.18279569892473,residential,False,24,11346035713
12743733571,1383527462,22.37,36.18279569892473,residential,False,32,11346035713
12743733571,1383527467,61.14,36.18279569892473,residential,False,22,11346035713
12743733573,11961523008,23.33,36.18279569892473,residential,False,33,11346035713
12743733573,11258115251,46.43,36.18279569892473,residential,False,14,11346035713
12743733573,1383527462,12.2,36.18279569892473,residential,False,10,11346035713
12771489022,301394630,107.8,36.18279569892473,residential,False,29,93731379
12771927629,4563677887,129.78,36.18279569892473,residential,False,13,93731379
12773089502,301373921,108.93,54.67289719626168,primary,False,26,388276886
12773089502,320067944,238.74,54.67289719626168,primary,False,18,388276886
12773089502,12899180301,11.92,36.18279569892473,residential,False,32,388276886
12776852614,82668282,145.89,36.18279569892473,residential,False,34,82668285
12776852614,82666147,378.28,36.18279569892473,residential,False,17,82668285
12776852614,301831724,76.76,36.18279569892473,residential,False,21,82668285
12776854196,82668282,8.56,36.18279569892473,residential,False,24,82668285
12776854196,82668283,58.79,36.18279569892473,residential,False,29,82668285
12776854196,82668283,448.39,36.18279569892473,residential,False,31,82668285
12784604560,320049455,86.61,36.18279569892473,residential,False,31,320044172
12786535657,247264760,29.95,36.18279569892473,residential,False,25,6185036192
12799917483,1948136962,34.66,36.18279569892473,residential,False,26,847937526
12813631319,12813631326,75.15,36.18279569892473,residential,False,23,147963281
12813631326,301867855,10.87,40.0,residential,False,31,147963281
12813631326,301867814,226.19,40.0,residential,False,16,147963281
12813631326,12813631319,75.15,36.18279569892473,residential,False,10,147963281
12843758231,301847125,74.46,36.18279569892473,residential,False,30,12908641424
12843758238,148002552,225.01,36.18279569892473,residential,False,20,12908641424
12886528356,6955667353,189.79,36.18279569892473,residential,False,10,256619924
12886528368,6394889127,82.8,36.18279569892473,residential,False,30,256619924
12886577751,12888501356,4.46,36.18279569892473,residential,False,21,386876240
12886577751,388277082,84.64,36.18279569892473,residential,False,11,386876240
12886577751,6360286136,268.06,36.18279569892473,residential,False,35,386876240
12886577757,388277334,59.22,36.18279569892473,residential,False,33,388276886
12886684760,254314195,127.45,36.18279569892473,residential,False,20,256619924
12886692900,3941683632,18.43,45.0,unclassified,False,31,386876240
12886692900,2351225248,60.27,45.0,unclassified,False,24,386876240
12886692900,3941683581,1206.16,45.0,unclassified,False,17,386876240
12886704046,6360261800,34.4,36.18279569892473,residential,False,29,388276886
12886704047,12886704052,56.6,36.18279569892473,residential,False,25,388276886
12886704052,6883830424,55.27,36.18279569892473,residential,False,22,388276886
12886704052,388276983,29.13,36.18279569892473,residential,False,33,388276886
12886704052,12886704047,56.6,36.18279569892473,residential,False,29,388276886
12886704053,12886704054,35.63,36.18279569892473,residential,False,35,386876240
12886704054,12886704053,35.63,36.18279569892473,residential,False,12,386876240
12886704054,388277378,48.35,36.18279569892473,residential,False,21,386876240
12886704054,6981327185,57.68,36.18279569892473,residential,False,23,386876240
12886704055,6981327185,71.47,36.18279569892473,residential,False,25,386876240
12886751673,12889154702,26.43,36.18279569892473,residential,False,31,256619924
12886751673,12886751674,26.96,36.18279569892473,residential,False,32,256619924
12886751673,4942281580,77.1,36.18279569892473,residential,False,13,256619924
12886751674,12886751673,26.96,36.18279569892473,residential,False,33,256619924
12886751683,4942281585,371.56,36.18279569892473,residential,False,22,256619924
12886973819,302339190,6.26,36.18279569892473,residential,False,19,256619924
12886973819,6010303652,52.63,36.18279569892473,residential,False,29,256619924
12886973819,302339193,9.98,36.18279569892473,residential,False,16,256619924
12886973820,6010303645,51.04,36.18279569892473,residential,False,32,256619924
12886973820,302339200,114.48,36.18279569892473,residential,False,14,256619924
12886973820,302339193,4.15,36.18279569892473,residential,False,26,256619924
12886973824,6199033609,72.09,36.18279569892473,residential,False,28,256619924
12887076060,12887076069,72.92,36.18279569892473,residential,False,35,90214098
12887076069,388276567,183.65,36.18279569892473,residential,False,32,90214098
12887076069,14077098251,69.01,36.18279569892473,residential,False,26,90214098
12887076069,12887076060,72.92,36.18279569892473,residential,False,11,90214098
12887112975,12887112994,113.5,36.18279569892473,residential,False,14,320981769
12887112988,302340804,46.82,36.18279569892473,residential,False,25,320981769
12887112994,302340804,10.6,36.18279569892473,residential,False,35,320981769
12887112994,254316817,35.43,36.18279569892473,residential,False,12,320981769
12887112994,12887112975,113.5,36.18279569892473,residential,False,19,320981769
12887112999,4942281527,91.81,36.18279569892473,residential,False,31,320981769
12887113008,956431042,26.68,36.18279569892473,residential,False,27,256619924
12887201064,388277024,52.68,36.18279569892473,residential,False,24,386876240
12887201074,12888501356,47.84,36.18279569892473,residential,False,15,386876240
12887884656,301372627,39.45,36.18279569892473,residential,False,24,388276886
12887885898,12887885899,42.45,36.18279569892473,residential,False,13,320981769
12887885899,6903940764,7.29,36.18279569892473,residential,False,25,320981769
12887885899,12887885898,42.45,36.18279569892473,residential,False,31,320981769
12887885899,12887966565,109.9,36.18279569892473,residential,False,27,320981769
12887891801,1474127531,38.77,36.18279569892473,residential,False,17,320981769
12887891805,8273497076,109.1,36.18279569892473,residential,False,17,320981769
12887891805,8273497064,44.04,36.18279569892473,residential,False,16,320981769
12887891805,12887891811,61.91,36.18279569892473,residential,False,15,320981769
12887891811,93777167,10.5,36.18279569892473,residential,False,34,320981769
12887891811,8273497064,18.67,36.18279569892473,residential,False,31,320981769
12887891811,12887891805,61.91,36.18279569892473,residential,False,32,320981769
12887891813,1474113389,75.77,36.18279569892473,residential,False,12,90214098
12887893317,1489365629,77.7,36.18279569892473,residential,False,13,320981769
12887927607,12887927611,51.66,36.18279569892473,residential,False,23,6988544531
12887927611,3650952056,19.88,36.18279569892473,residential,False,32,6988544531
12887927611,6981229230,123.78,36.18279569892473,residential,False,10,6988544531
12887927611,12887927607,51.66,36.18279569892473,residential,False,15,6988544531
12887927616,12887927620,61.01,36.18279569892473,residential,False,20,6988544531
12887927620,12887927625,60.43,36.18279569892473,residential,False,22,6988544531
12887927620,12887927624,28.38,36.18279569892473,residential,False,34,6988544531
12887927620,12887927616,61.01,36.18279569892473,residential,False,18,6988544531
12887927621,12887927622,62.58,36.18279569892473,residential,False,17,6988544531
12887927622,12887927621,62.58,36.18279569892473,residential,False,33,6988544531
12887927622,12887927624,26.28,36.18279569892473,residential,False,18,6988544531
12887927622,12887927623,6.89,36.18279569892473,residential,False,31,6988544531
12887927623,12887927622,6.89,36.18279569892473,residential,False,25,6988544531
12887927623,7060679442,255.69,36.18279569892473,residential,False,31,6988544531
12887927623,361420686,9.91,36.18279569892473,residential,False,13,6988544531
12887927624,12887927620,28.38,36.18279569892473,residential,False,31,6988544531
12887927624,12887927627,62.59,36.18279569892473,residential,False,14,6988544531
12887927624,12887927622,26.28,36.18279569892473,residential,False,27,6988544531
12887927625,12887927620,60.43,36.18279569892473,residential,False,30,6988544531
12887927627,12887927624,62.59,36.18279569892473,residential,False,33,6988544531
12887927689,301958849,81.72,36.18279569892473,residential,False,25,6185036192
12887927696,12887966502,82.36,36.18279569892473,residential,False,12,105814816
12887945141,361439882,120.73,30.0,tertiary,False,35,256619924
12887945141,6396774916,115.49,30.0,tertiary,False,32,256619924
12887945141,12887945142,128.82,36.18279569892473,residential,False,20,256619924
12887945142,12887945141,128.82,36.18279569892473,residential,False,17,256619924
12887945146,254315246,159.2,30.0,tertiary,False,28,256619924
12887945146,4942281605,40.69,30.0,tertiary,False,34,256619924
12887945146,4683526956,113.67,36.18279569892473,residential,False,29,256619924
12887953557,2951562225,106.64,36.18279569892473,residential,False,12,320981769
12887953564,12887953571,79.64,36.18279569892473,residential,False,30,320981769
12887953571,93775484,26.53,36.18279569892473,residential,False,20,320981769
12887953571,6903940766,364.36,36.18279569892473,residential,False,22,320981769
12887953571,12887953564,79.64,36.18279569892473,residential,False,32,320981769
12887966502,105816978,88.82,60.0,primary,False,33,105814816
12887966502,6365918818,14.77,60.0,primary,False,33,105814816
12887966502,12887927696,82.36,36.18279569892473,residential,False,33,105814816
12887966514,6365509078,117.4,36.18279569892473,residential,False,22,105814816
12887966518,12887966519,25.8,36.18279569892473,residential,False,30,6185036192
12887966518,12887966524,49.4,36.18279569892473,residential,False,30,6185036192
12887966518,12887966520,163.62,36.18279569892473,residential,False,35,6185036192
12887966519,12887966518,25.8,36.18279569892473,residential,False,27,105814816
12887966519,6365510034,140.83,36.18279569892473,residential,False,23,105814816
12887966519,12887966520,141.65,36.18279569892473,residential,False,35,105814816
12887966520,301958849,102.48,36.18279569892473,residential,False,17,6185036192
12887966520,12887966519,141.65,36.18279569892473,residential,False,17,6185036192
12887966520,12887966518,163.62,36.18279569892473,residential,False,18,6185036192
12887966524,12887966518,49.4,36.18279569892473,residential,False,13,6185036192
12887966544,12887966550,36.64,36.18279569892473,residential,False,19,320981769
12887966550,82619405,47.27,36.18279569892473,residential,False,12,320981769
12887966550,82619403,133.7,36.18279569892473,residential,False,13,320981769
12887966550,12887966544,36.64,36.18279569892473,residential,False,12,320981769
12887966565,6903940766,10.87,36.18279569892473,residential,False,20,320981769
12887966565,12887885899,109.9,36.18279569892473,residential,False,33,320981769
12887966565,6903940764,187.34,36.18279569892473,residential,False,28,320981769
12887975858,5738370364,50.33,36.18279569892473,residential,False,16,82686004
12888001910,3104012022,197.23,36.18279569892473,residential,False,33,256619924
12888061074,574605860,3.04,36.18279569892473,residential,False,13,256619924
12888061074,4942281614,58.92,36.18279569892473,residential,False,28,256619924
12888061074,12888061075,69.39,36.18279569892473,residential,False,21,256619924
12888061075,12888061074,69.39,36.18279569892473,residential,False,14,256619924
12888061079,574605848,61.63,36.18279569892473,residential,False,20,256619924
12888061082,6952888980,79.28,36.18279569892473,residential,False,22,6988544531
12888076833,12888076834,34.71,36.18279569892473,residential,False,28,256619924
12888076834,12888076833,34.71,36.18279569892473,residential,False,33,256619924
12888076834,6394358407,174.12,36.18279569892473,residential,False,10,256619924
12888076834,302332309,207.66,36.18279569892473,residential,False,19,256619924
12888076839,3105399703,75.44,36.18279569892473,residential,False,11,256619924
12888076848,302335424,17.33,36.18279569892473,residential,False,28,256619924
12888090864,8273497064,44.61,36.18279569892473,residential,False,27,320981769
12888090879,82911080,184.65,36.18279569892473,residential,False,16,320981769
12888128353,302332654,34.77,36.18279569892473,residential,False,22,256619924
12888128353,12888128356,109.88,36.18279569892473,residential,False,23,256619924
12888128353,2070716898,130.82,36.18279569892473,residential,False,20,256619924
12888128356,2070716956,5.47,30.0,residential,False,34,256619924
12888128356,12888128353,109.88,36.18279569892473,residential,False,21,256619924
12888128361,12888128366,28.51,36.18279569892473,residential,False,35,256619924
12888128361,6883700561,16.85,36.18279569892473,residential,False,31,256619924
12888128361,12888128367,43.99,36.18279569892473,residential,False,35,256619924
12888128366,12888128361,28.51,36.18279569892473,residential,False,14,256619924
12888128366,12888128367,15.96,36.18279569892473,residential,False,26,256619924
12888128366,12888128367,45.02,36.18279569892473,residential,False,31,256619924
12888128367,12888128366,15.96,36.18279569892473,residential,False,29,256619924
12888128367,12888128366,45.02,36.18279569892473,residential,False,28,256619924
12888128367,12888128361,43.99,36.18279569892473,residential,False,17,256619924
12888128371,3659890997,176.6,36.18279569892473,residential,False,13,256619924
12888255043,6903940762,54.28,36.18279569892473,residential,False,22,320981769
12888275721,12888275728,71.96,36.18279569892473,residential,False,10,82668285
12888275725,12888275728,52.58,36.18279569892473,residential,False,27,82668285
12888275727,2546277798,187.87,36.18279569892473,residential,False,24,82668285
12888275728,2546277798,34.55,36.18279569892473,residential,False,20,82668285
12888275728,12888275725,52.58,36.18279569892473,residential,False,14,82668285
12888275728,12888275721,71.96,36.18279569892473,residential,False,19,82668285
12888326353,12888326354,74.07,36.18279569892473,residential,False,17,256619924
12888326354,6883700570,26.06,36.18279569892473,residential,False,25,256619924
12888326354,12888326353,74.07,36.18279569892473,residential,False,31,256619924
12888326354,3105399708,151.95,36.18279569892473,residential,False,24,256619924
12888326355,6394889116,108.04,20.0,living_street,False,14,256619924
12888460105,1488500922,2.52,36.18279569892473,residential,False,29,320981769
12888460105,8275307005,88.02,36.18279569892473,residential,False,19,320981769
12888460105,12888460107,171.41,36.18279569892473,residential,False,14,320981769
12888460107,12888460105,171.41,36.18279569892473,residential,False,33,320981769
12888501352,12888501356,74.29,36.18279569892473,residential,False,31,386876240
12888501356,12886577751,4.46,36.18279569892473,residential,False,35,386876240
12888501356,12887201074,47.84,36.18279569892473,residential,False,32,386876240
12888501356,12888501352,74.29,36.18279569892473,residential,False,11,386876240
12888531569,6913858089,86.12,36.18279569892473,residential,False,29,320981769
12888615521,386876298,40.38,36.18279569892473,residential,False,20,386876240
12888615522,386876301,39.09,36.18279569892473,residential,False,19,386876240
12888787014,6955763746,31.14,36.18279569892473,residential,False,26,320981769
12888787015,8275306777,39.03,36.18279569892473,residential,False,32,320981769
12888837741,302335223,41.85,36.18279569892473,residential,False,13,256619924
12888837743,12888837750,50.55,36.18279569892473,residential,False,18,256619924
12888837750,302335125,305.09,36.18279569892473,residential,False,32,256619924
12888837750,82643955,154.49,36.18279569892473,residential,False,28,256619924
12888837750,12888837743,50.55,36.18279569892473,residential,False,25,256619924
12889064280,1955811277,79.96,36.18279569892473,residential,False,30,386876240
12889117291,4942281627,95.59,36.18279569892473,residential,False,16,256619924
12889117297,302339164,78.54,36.18279569892473,residential,False,25,256619924
12889154702,12886751673,26.43,36.18279569892473,residential,False,19,256619924
12889787885,84552073,48.64,36.18279569892473,residential,False,32,105814816
12889787895,6883853441,44.64,36.18279569892473,residential,False,22,105814816
12889787897,12889822802,183.47,36.18279569892473,residential,False,11,105814816
12889822802,6882484724,18.46,36.18279569892473,residential,False,35,105814816
12889822802,301958047,10.98,36.18279569892473,residential,False,20,105814816
12889822802,12889787897,183.47,36.18279569892473,residential,False,14,105814816
12889912192,256757457,115.91,36.18279569892473,residential,False,32,82903274
12890170209,93744705,8.8,36.18279569892473,residential,False,16,320050383
12890170209,2134816846,360.1,36.18279569892473,residential,False,33,320050383
12890170209,6904082952,280.82,36.18279569892473,residential,False,35,320050383
12890173490,6365918818,183.97,36.18279569892473,residential,False,17,105814816
12890187403,386899618,6.99,36.18279569892473,residential,False,32,386876240
12890187403,386899623,65.2,36.18279569892473,residential,False,33,386876240
12890187403,13717216070,244.81,36.18279569892473,residential,False,11,386876240
12890227121,105801901,13.01,36.18279569892473,residential,False,34,6218659532
12890227121,6185022095,395.57,36.18279569892473,residential,False,15,6218659532
12890227121,301949604,100.18,40.0,residential,False,25,6218659532
12890252017,301958712,75.53,36.18279569892473,residential,False,33,6185036192
12890253487,12890253493,89.9,36.18279569892473,residential,False,22,301954258
12890253493,6218987285,42.99,36.18279569892473,residential,False,19,301954258
12890253493,1944730723,204.33,36.18279569892473,residential,False,31,301954258
12890253493,12890253487,89.9,36.18279569892473,residential,False,15,301954258
12890253500,12890290706,113.2,36.18279569892473,residential,False,10,105814816
12890290706,84551644,470.55,60.0,secondary,False,27,105814816
12890290706,6367793483,57.17,60.0,secondary,False,22,105814816
12890290706,12890253500,113.2,36.18279569892473,residential,False,20,105814816
12890302149,84550349,94.03,36.18279569892473,residential,False,23,90214098
12890326600,386899627,11.28,36.18279569892473,residential,False,31,386876240
12890326600,386899623,105.16,36.18279569892473,residential,False,25,386876240
12890326600,386899644,79.46,36.18279569892473,residential,False,21,386876240
12890382622,84551891,44.75,36.18279569892473,residential,False,34,105814816
12890480733,4196839934,25.24,36.18279569892473,residential,False,22,386876240
12890505197,314640865,29.21,36.18279569892473,residential,False,22,82668285
12891960792,93748033,50.86,36.18279569892473,residential,False,12,320050383
12894657532,12894657540,20.66,36.18279569892473,residential,False,26,847937526
12894657540,12894657532,20.66,36.18279569892473,residential,False,33,847937526
12894657540,1948136962,180.42,36.18279569892473,residential,False,19,847937526
12894657540,628650049,14.27,36.18279569892473,residential,False,19,847937526
12898466048,12898466053,10.22,36.18279569892473,residential,False,32,105814816
12898466048,5245591063,108.88,60.0,secondary,False,16,105814816
12898466051,5206463656,8.9,30.0,secondary,False,32,105814816
12898466051,12898466053,122.37,36.18279569892473,residential,False,27,105814816
12898466053,12898466048,10.22,36.18279569892473,residential,False,22,105814816
12898466053,12898466051,122.37,36.18279569892473,residential,False,13,105814816
12898466053,301877149,315.71,36.18279569892473,residential,False,14,105814816
12898526847,6222886940,100.65,36.18279569892473,residential,False,20,256619924
12898526852,6222886939,113.98,36.18279569892473,residential,False,34,256619924
12898526855,12898526856,52.81,36.18279569892473,residential,False,35,256619924
12898526856,6195900421,35.91,36.18279569892473,residential,False,28,256619924
12898526856,469167691,11.56,36.18279569892473,residential,False,35,256619924
12898526856,12898526855,52.81,36.18279569892473,residential,False,11,256619924
12898570859,12898570860,44.87,36.18279569892473,residential,False,32,256619924
12898570860,12898860222,34.37,36.18279569892473,residential,False,19,256619924
12898570860,12898570861,34.05,36.18279569892473,residential,False,24,256619924
12898570860,12898570859,44.87,36.18279569892473,residential,False,30,256619924
12898570861,12898898765,17.7,36.18279569892473,residential,False,15,256619924
12898570861,12898570860,34.05,36.18279569892473,residential,False,28,256619924
12898570861,12898570863,68.77,36.18279569892473,residential,False,14,256619924
12898570863,12898570861,68.77,36.18279569892473,residential,False,24,256619924
12898570864,469167688,62.5,50.0,primary,False,32,256619924
12898570864,256620279,65.72,50.0,primary,False,25,256619924
12898570864,469167701,95.87,36.18279569892473,residential,False,19,256619924
12898570868,6391141165,403.0,36.18279569892473,residential,False,14,12908641424
12898576162,301953511,41.29,36.18279569892473,residential,False,16,6218659532
12898627797,12898627799,27.8,36.18279569892473,residential,False,16,256619924
12898627799,317631808,36.81,36.18279569892473,residential,False,35,256619924
12898627799,9566797215,66.95,36.18279569892473,residential,False,33,256619924
12898627799,12898627797,27.8,36.18279569892473,residential,False,16,256619924
12898693669,84552073,45.36,36.18279569892473,residential,False,33,105814816
12898757801,1907031046,142.97,50.0,primary,False,30,256619924
12898757801,469167688,201.96,50.0,primary,False,10,256619924
12898757801,6399181569,104.66,36.18279569892473,residential,False,21,256619924
12898790147,89025177,65.52,36.18279569892473,residential,False,33,82703794
12898790147,82704187,119.26,36.18279569892473,residential,False,28,82703794
12898790157,6397075565,64.75,36.18279569892473,residential,False,13,256619924
12898790174,12898790177,63.88,36.18279569892473,residential,False,31,256619924
12898790177,6209982112,75.89,36.18279569892473,residential,False,35,256619924
12898790177,12898790174,63.88,36.18279569892473,residential,False,14,256619924
12898792528,6365509081,35.7,36.18279569892473,residential,False,22,105814816
12898819360,12255302223,185.37,60.0,secondary,False,23,105814816
12898832394,12898832395,13.31,36.18279569892473,residential,False,31,12908641424
12898832395,12898832394,13.31,36.18279569892473,residential,False,15,12908641424
12898832395,1794344260,166.57,44.02390438247012,tertiary,False,11,12908641424
12898832395,82663842,334.25,44.02390438247012,tertiary,False,13,12908641424
12898859228,3756691441,12.48,54.67289719626168,primary,False,21,90214098
12898859228,386889927,299.8,50.0,primary,False,25,90214098
12898859228,3756691440,21.17,36.18279569892473,residential,False,15,90214098
12898860221,12898860222,25.2,36.18279569892473,residential,False,11,256619924
12898860222,12898570860,34.37,36.18279569892473,residential,False,13,256619924
12898860222,12898860221,25.2,36.18279569892473,residential,False,26,256619924
12898860222,317632516,15.03,36.18279569892473,residential,False,30,256619924
12898862544,301958094,148.37,36.18279569892473,residential,False,20,105814816
12898862544,105816978,56.2,36.18279569892473,residential,False,28,105814816
12898862544,12898862553,57.27,36.18279569892473,residential,False,23,105814816
12898862553,12898862544,57.27,36.18279569892473,residential,False,14,105814816
12898862557,84552068,25.31,36.18279569892473,residential,False,30,105814816
12898862557,84551877,158.64,36.18279569892473,residential,False,33,105814816
12898862557,12898862559,48.86,36.18279569892473,residential,False,22,105814816
12898862558,12898862559,22.78,36.18279569892473,residential,False,17,105814816
12898862559,12898862558,22.78,36.18279569892473,residential,False,11,105814816
12898862559,12898862560,10.07,36.18279569892473,residential,False,13,105814816
12898862559,12898862557,48.86,36.18279569892473,residential,False,17,105814816
12898862560,12898862559,10.07,36.18279569892473,residential,False,22,105814816
12898862560,84552070,36.06,36.18279569892473,residential,False,25,105814816
12898862560,84552068,18.15,36.18279569892473,residential,False,19,105814816
12898898760,12898898761,33.37,36.18279569892473,residential,False,32,256619924
12898898761,12898898760,33.37,36.18279569892473,residential,False,29,256619924
12898898761,2023218681,53.74,36.18279569892473,residential,False,15,256619924
12898898761,2023218519,86.11,36.18279569892473,residential,False,30,256619924
12898898764,12898898765,44.12,36.18279569892473,residential,False,33,256619924
12898898765,6391508859,46.77,36.18279569892473,residential,False,22,256619924
12898898765,12898570861,17.7,36.18279569892473,residential,False,34,256619924
12898898765,12898898764,44.12,36.18279569892473,residential,False,32,256619924
12898898766,12898898767,39.21,36.18279569892473,residential,False,35,256619924
12898898767,2023218436,13.73,36.18279569892473,residential,False,31,256619924
12898898767,12898898766,39.21,36.18279569892473,residential,False,31,256619924
12898898767,2023218681,78.77,36.18279569892473,residential,False,12,256619924
12899149398,388277161,35.29,36.18279569892473,residential,False,34,388276886
12899180301,12773089502,11.92,36.18279569892473,residential,False,24,388276886
12899629411,6978500733,21.04,36.18279569892473,residential,False,30,320044172
12899629411,1922076979,26.91,54.67289719626168,primary,False,22,320044172
12899629411,33222620,327.97,54.67289719626168,primary,True,18,320044172
12899765802,12899765806,71.1,36.18279569892473,residential,False,30,93731379
12899765806,83549426,58.87,50.0,tertiary,False,30,93731379
12899765806,83549424,92.93,50.0,tertiary,False,24,93731379
12899765806,12899765802,71.1,36.18279569892473,residential,False,21,93731379
12899765814,6193176333,39.63,36.18279569892473,residential,False,10,93731379
12899863394,12899863395,30.02,36.18279569892473,residential,False,13,320981769
12899863395,254348880,13.76,36.18279569892473,residential,False,13,320981769
12899863395,12899863394,30.02,36.18279569892473,residential,False,12,320981769
12899863395,254348821,53.52,36.18279569892473,residential,False,13,320981769
12900709486,6958506909,107.68,36.18279569892473,residential,False,25,12901492583
12900774935,302340804,64.48,36.18279569892473,residential,False,30,320981769
12900774944,12900774949,68.18,36.18279569892473,residential,False,31,82703794
12900774949,89055529,3.49,36.18279569892473,residential,False,26,82703794
12900774949,89055407,162.4,36.18279569892473,residential,False,17,82703794
12900774949,12900774944,68.18,36.18279569892473,residential,False,10,82703794
12900821802,386167494,38.06,36.18279569892473,residential,False,28,256619924
12900828596,12900828597,57.38,36.18279569892473,residential,False,28,320981769
12900828597,310546535,44.75,44.02390438247012,tertiary,False,28,320981769
12900828597,12900828596,57.38,36.18279569892473,residential,False,25,320981769
12900828597,6397130917,30.57,44.02390438247012,tertiary,False,18,320981769
12900960123,82686004,48.91,53.482142857142854,secondary,False,32,82686004
12900977401,12901219128,97.01,36.18279569892473,residential,False,33,320981769
12901199598,386903302,69.8,36.18279569892473,residential,False,13,386876240
12901219102,6397130477,41.51,36.18279569892473,residential,False,35,320981769
12901219124,12901219125,26.4,36.18279569892473,residential,False,28,256619924
12901219125,12901219124,26.4,36.18279569892473,residential,False,15,256619924
12901219125,6199033609,145.25,36.18279569892473,residential,False,22,256619924
12901219126,12901219127,42.05,36.18279569892473,residential,False,25,256619924
12901219127,12901219126,42.05,36.18279569892473,residential,False,30,256619924
12901219127,310552840,165.44,36.18279569892473,residential,False,32,256619924
12901219127,82643891,65.46,36.18279569892473,residential,False,23,256619924
12901219128,12900977401,97.01,36.18279569892473,residential,False,19,320981769
12901219128,320979357,49.31,36.18279569892473,residential,False,28,320981769
12901219128,12901219132,44.18,36.18279569892473,residential,False,14,320981769
12901219132,12901219128,44.18,36.18279569892473,residential,False,13,320981769
12901219134,12901219143,30.97,36.18279569892473,residential,False,20,320981769
12901219143,12901219134,30.97,36.18279569892473,residential,False,12,320981769
12901219143,89041786,56.14,36.18279569892473,residential,False,32,320981769
12901219143,12901219145,20.51,36.18279569892473,residential,False,35,320981769
12901219145,320979357,14.86,36.18279569892473,residential,False,27,320981769
12901219145,89041786,35.83,36.18279569892473,residential,False,15,320981769
12901219145,12901219143,20.51,36.18279569892473,residential,False,22,320981769
12901225934,2023218201,6.67,36.18279569892473,residential,False,32,256619924
12901225934,469167686,143.36,36.18279569892473,residential,False,10,256619924
12901225934,12901225939,46.23,36.18279569892473,residential,False,22,256619924
12901225939,12901225934,46.23,36.18279569892473,residential,False,27,256619924
12901225941,6391508858,58.68,36.18279569892473,residential,False,27,256619924
12901225941,6391508859,86.59,36.18279569892473,residential,False,35,256619924
12901225941,2023218201,58.52,36.18279569892473,residential,False,35,256619924
12901260677,12901260691,43.31,36.18279569892473,residential,False,26,320981769
12901260685,12901260691,39.88,36.18279569892473,residential,False,25,320981769
12901260691,12901260692,24.54,36.18279569892473,residential,False,12,320981769
12901260691,12901260677,43.31,36.18279569892473,residential,False,26,320981769
12901260691,12901260685,39.88,36.18279569892473,residential,False,28,320981769
12901260692,12901260691,24.54,36.18279569892473,residential,False,27,320981769
12901260692,82641159,54.4,44.02390438247012,tertiary,False,32,320981769
12901260692,256896218,218.1,44.02390438247012,tertiary,False,35,320981769
12901277199,256384975,106.39,36.18279569892473,residential,False,30,11253757267
12901333921,256385439,125.95,36.18279569892473,residential,False,13,11253757267
12901333938,256385941,29.93,36.18279569892473,residential,False,34,93731379
12901333939,256385992,30.8,36.18279569892473,residential,False,34,93731379
12901337157,5629227907,72.09,36.18279569892473,residential,False,16,82686004
12901337159,12901337163,59.46,36.18279569892473,residential,False,31,388276886
12901337163,388277973,6.38,36.18279569892473,residential,False,13,388276886
12901337163,388277990,205.71,36.18279569892473,residential,False,15,388276886
12901337163,12901337159,59.46,36.18279569892473,residential,False,29,388276886
12901375918,83741118,12.16,36.18279569892473,residential,False,32,82903274
12901375918,256756145,10.8,36.18279569892473,residential,False,15,82903274
12901375918,4745320172,54.43,36.18279569892473,residential,False,10,82903274
12901398011,12901398013,38.58,36.18279569892473,residential,False,27,12901492583
12901398013,301852811,153.57,36.18279569892473,residential,False,24,12901492583
12901398013,301852802,135.41,36.18279569892473,residential,False,35,12901492583
12901398013,12901398011,38.58,36.18279569892473,residential,False,20,12901492583
12901446083,82908420,57.56,36.18279569892473,residential,False,13,320981769
12901492579,12901492582,32.86,36.18279569892473,residential,False,11,12901492583
12901492582,12901492583,20.16,36.18279569892473,residential,False,14,12901492583
12901492582,12901492584,9.63,36.18279569892473,residential,False,28,12901492583
12901492582,12901492579,32.86,36.18279569892473,residential,False,16,12901492583
12901492583,12901492582,20.16,36.18279569892473,residential,False,30,12901492583
12901492584,12901492582,9.63,36.18279569892473,residential,False,15,12901492583
12901492584,301856350,94.15,36.18279569892473,residential,False,12,12901492583
12901492584,6391223779,44.6,36.18279569892473,residential,False,27,12901492583
12901492598,301851945,67.41,36.18279569892473,residential,False,18,12901492583
12901553885,12901553886,43.31,36.18279569892473,residential,False,34,847937526
12901553886,628650048,57.61,36.18279569892473,residential,False,11,847937526
12901553886,1948137500,59.82,36.18279569892473,residential,False,12,847937526
12901553886,12901553885,43.31,36.18279569892473,residential,False,13,847937526
12901553888,93815154,127.77,36.18279569892473,residential,False,26,847937526
12901553888,6190988142,510.08,36.18279569892473,residential,False,19,847937526
12901553888,12901553889,40.37,36.18279569892473,residential,False,21,847937526
12901553889,12901553888,40.37,36.18279569892473,residential,False,27,847937526
12901553892,1363821587,99.59,36.18279569892473,residential,False,15,82903274
12901553900,12901556001,93.47,36.18279569892473,residential,False,23,82903274
12901553900,6368279414,15.25,36.18279569892473,residential,False,31,82903274
12901553900,6368279418,111.4,36.18279569892473,residential,False,10,82903274
12901556001,12901553900,93.47,36.18279569892473,residential,False,17,82903274
12901556002,6394556219,45.08,36.18279569892473,residential,False,19,82903274
12901574854,93924531,40.17,36.18279569892473,residential,False,11,82686004
12901839295,6370675076,110.67,36.18279569892473,residential,False,26,93731379
12902312233,90218744,22.32,36.18279569892473,residential,False,35,388276886
12903126592,12903126593,45.61,36.18279569892473,residential,False,19,90214098
12903126593,1800317451,8.89,36.18279569892473,residential,False,31,90214098
12903126593,386889472,10.16,36.18279569892473,residential,False,27,90214098
12903126593,12903126592,45.61,36.18279569892473,residential,False,24,90214098
12903126595,4871324141,36.53,36.18279569892473,residential,False,14,388276886
12903810130,6861093132,33.12,36.18279569892473,residential,False,28,847937526
12903810132,12903810133,34.42,36.18279569892473,residential,False,25,847937526
12903810132,628650048,134.44,36.18279569892473,residential,False,32,847937526
12903810132,93815179,66.21,36.18279569892473,residential,False,20,847937526
12903810133,12903810132,34.42,36.18279569892473,residential,False,26,847937526
12903810134,1021665999,50.19,36.18279569892473,residential,False,21,847937526
12903810134,1363821587,120.45,36.18279569892473,residential,False,29,847937526
12903810134,93812222,53.21,36.18279569892473,residential,False,27,847937526
12903810134,1365350492,55.24,36.18279569892473,residential,False,26,847937526
12903928957,12903928962,57.38,36.18279569892473,residential,False,16,320981769
12903928962,82908462,47.1,36.18279569892473,residential,False,32,320981769
12903928962,1973960017,99.46,36.18279569892473,residential,False,13,320981769
12903928962,12903928957,57.38,36.18279569892473,residential,False,31,320981769
12903932357,11038287701,55.94,36.18279569892473,residential,False,11,93731379
12904001246,1333834453,55.11,36.18279569892473,residential,False,17,12908641424
12904001246,1327342766,49.15,40.0,tertiary,False,11,12908641424
12904001246,82667269,408.67,40.0,tertiary,False,16,12908641424
12904001292,3749146143,34.01,53.482142857142854,secondary,False,14,82668285
12904001292,82666852,81.17,53.482142857142854,secondary,False,19,82668285
12904007307,93924532,187.09,36.18279569892473,residential,False,16,82686004
12904023255,1392058408,47.74,36.18279569892473,residential,False,14,82903274
12904023255,1392058421,4.96,36.18279569892473,residential,False,29,82903274
12904023255,1392140870,69.0,36.18279569892473,residential,False,27,82903274
12904023256,1392140868,7.86,36.18279569892473,residential,False,16,82903274
12904023256,1392140856,43.15,36.18279569892473,residential,False,28,82903274
12904023256,1392140853,38.97,36.18279569892473,residential,False,21,82903274
12904023260,3142368974,4.78,53.482142857142854,secondary,False,18,847937526
12904023260,316054613,111.95,53.482142857142854,secondary,False,14,847937526
12904023260,316055289,137.36,36.18279569892473,residential,False,33,847937526
12904071171,12904071172,39.62,36.18279569892473,residential,False,29,11346035713
12904071172,12904071171,39.62,36.18279569892473,residential,False,23,11346035713
12904071172,6970424134,55.92,36.18279569892473,residential,False,12,11346035713
12904071172,301393529,62.86,36.18279569892473,residential,False,27,11346035713
12904071173,12904071174,60.73,36.18279569892473,residential,False,18,11346035713
12904071174,12904071173,60.73,36.18279569892473,residential,False,18,11346035713
12904071174,6369012727,39.92,36.18279569892473,residential,False,22,11346035713
12904071174,301393559,271.96,36.18279569892473,residential,False,30,11346035713
12904071175,6879378046,83.19,36.18279569892473,residential,False,15,11346035713
12905132054,1326271878,128.97,36.18279569892473,residential,False,22,12908641424
12905143410,254293690,102.44,36.18279569892473,residential,False,24,12901492583
12905143413,12905143417,44.51,36.18279569892473,residential,False,12,147963281
12905143417,256386120,154.83,36.18279569892473,residential,False,18,147963281
12905143417,301855035,55.67,36.18279569892473,residential,False,31,147963281
12905143417,12905143413,44.51,36.18279569892473,residential,False,23,147963281
12905447255,1021671166,52.48,36.18279569892473,residential,False,32,847937526
12905447259,12905447260,28.93,36.18279569892473,residential,False,14,847937526
12905447260,1392163975,17.01,36.18279569892473,residential,False,27,847937526
12905447260,12905447259,28.93,36.18279569892473,residential,False,16,847937526
12905447260,12905447262,29.71,36.18279569892473,residential,False,12,847937526
12905447261,12905447262,33.93,36.18279569892473,residential,False,30,847937526
12905447262,12905447261,33.93,36.18279569892473,residential,False,33,847937526
12905447262,1365350443,65.18,36.18279569892473,residential,False,18,847937526
12905447262,12905447260,29.71,36.18279569892473,residential,False,30,847937526
12905447296,301847732,47.98,36.18279569892473,residential,False,32,12908641424
12905498922,1334621645,35.33,36.18279569892473,residential,False,30,12908641424
12905498925,1334621174,59.42,36.18279569892473,residential,False,16,12908641424
12905498927,12905498930,70.54,36.18279569892473,residential,False,32,12908641424
12905498930,12908676693,103.31,36.18279569892473,residential,False,21,12908641424
12905498930,12905498931,40.82,36.18279569892473,residential,False,28,12908641424
12905498930,12905498927,70.54,36.18279569892473,residential,False,31,12908641424
12905498931,12905498930,40.82,36.18279569892473,residential,False,30,12908641424
12905498931,1326827144,89.67,36.18279569892473,residential,False,26,12908641424
12905498931,6879758602,88.5,36.18279569892473,residential,False,29,12908641424
12905498936,11336070291,83.56,36.18279569892473,residential,False,15,12908641424
12905498939,301838045,2.2,36.18279569892473,residential,False,23,12901492583
12905498939,1337086327,277.1,36.18279569892473,residential,False,14,12901492583
12905498939,6958843961,247.19,36.18279569892473,residential,False,20,12901492583
12905666610,6354463624,51.57,36.18279569892473,residential,False,35,90214098
12905883192,82625123,5.3,36.18279569892473,residential,False,23,320050383
12905883192,12912324179,39.41,36.18279569892473,residential,False,22,320050383
12905883192,301380786,124.81,36.18279569892473,residential,False,10,320050383
12906090335,301946145,69.59,36.18279569892473,residential,False,29,147963281
12906090335,147952778,239.99,36.18279569892473,residential,False,17,147963281
12906090335,6883113402,79.7,36.18279569892473,residential,False,12,147963281
12906090336,147952777,30.63,36.18279569892473,residential,False,18,147963281
12906125405,83730856,88.69,36.18279569892473,residential,False,13,11346035713
12906125410,6879378046,121.59,36.18279569892473,residential,False,27,11346035713
12906125412,6879657451,67.0,36.18279569892473,residential,False,13,11346035713
12906457444,84554294,85.17,36.18279569892473,residential,False,31,147963281
12906457447,6958485920,31.85,36.18279569892473,residential,False,27,147963281
12906457451,301949049,6.62,36.18279569892473,residential,False,23,147963281
12906457451,12909280045,19.62,36.18279569892473,residential,False,12,147963281
12906457451,301949021,173.97,36.18279569892473,residential,False,20,147963281
12906828983,1097273806,42.89,36.18279569892473,residential,False,30,93731379
12906828983,1567087835,21.91,36.18279569892473,residential,False,12,93731379
12906828983,1567087835,56.31,36.18279569892473,residential,False,21,93731379
12907523375,6865147056,109.46,36.18279569892473,residential,False,20,11346035713
12907523378,12909576497,161.67,36.18279569892473,residential,False,34,11346035713
12907523381,32271696,6.24,36.18279569892473,residential,False,18,11346035713
12907523381,32271705,44.85,36.18279569892473,residential,False,14,11346035713
12907523381,1383527467,74.41,36.18279569892473,residential,False,35,11346035713
12907523385,256394696,40.85,36.18279569892473,residential,False,17,11346035713
12907523397,6879657442,29.86,36.18279569892473,residential,False,18,11346035713
12907533434,301946394,8.63,36.18279569892473,residential,False,10,147963281
12907533434,6396568474,152.44,36.18279569892473,residential,False,13,147963281
12907533434,12907533435,37.71,36.18279569892473,residential,False,22,147963281
12907533435,12907533434,37.71,36.18279569892473,residential,False,17,147963281
12907533438,147966086,12.78,36.18279569892473,residential,False,22,147963281
12907533438,6366242125,129.67,36.18279569892473,residential,False,13,147963281
12907533438,6958151247,87.96,36.18279569892473,residential,False,35,147963281
12907533441,301864377,22.33,36.18279569892473,residential,False,13,147963281
12908576993,301394630,12.16,36.18279569892473,residential,False,15,93731379
12908576993,301394524,31.92,36.18279569892473,residential,False,26,93731379
12908576993,146260780,439.7,36.18279569892473,residential,False,33,93731379
12908576997,12908576998,19.35,36.18279569892473,residential,False,19,93731379
12908576997,6366102204,17.98,36.18279569892473,residential,False,28,93731379
12908576997,146260780,152.56,36.18279569892473,residential,False,35,93731379
12908576998,12908576997,19.35,36.18279569892473,residential,False,25,93731379
12908576998,83717567,21.49,40.0,primary,True,13,93731379
12908576998,301394794,235.29,40.0,primary,False,26,93731379
12908606022,301392658,79.15,36.18279569892473,residential,False,21,11346035713
12908606022,301392650,149.32,36.18279569892473,residential,False,32,11346035713
12908606022,3127815152,72.02,36.18279569892473,residential,False,28,11346035713
12908619698,12908641402,41.82,36.18279569892473,residential,False,19,12908641424
12908641402,6879641178,43.96,36.18279569892473,residential,False,27,12908641424
12908641402,1333834423,118.65,36.18279569892473,residential,False,18,12908641424
12908641402,12908619698,41.82,36.18279569892473,residential,False,29,12908641424
12908641403,12908641404,48.63,36.18279569892473,residential,False,13,12908641424
12908641404,12908641409,33.23,44.02390438247012,tertiary,False,11,12908641424
12908641404,12908641403,48.63,36.18279569892473,residential,False,15,12908641424
12908641404,7264560836,96.79,44.02390438247012,tertiary,False,20,12908641424
12908641405,12908641409,62.4,36.18279569892473,residential,False,34,12908641424
12908641409,12908641404,33.23,44.02390438247012,tertiary,False,22,12908641424
12908641409,1327342766,179.6,44.02390438247012,tertiary,False,15,12908641424
12908641409,12908641405,62.4,36.18279569892473,residential,False,21,12908641424
12908641418,12908641421,100.13,36.18279569892473,residential,False,35,12908641424
12908641421,147999061,77.67,36.18279569892473,residential,False,33,12908641424
12908641421,6222835831,11.55,36.18279569892473,residential,False,31,12908641424
12908641421,12908641418,100.13,36.18279569892473,residential,False,35,12908641424
12908641422,12908641424,43.1,36.18279569892473,residential,False,27,12908641424
12908641424,6222835833,9.37,36.18279569892473,residential,False,27,12908641424
12908641424,1326827174,19.25,36.18279569892473,residential,False,29,12908641424
12908641424,12908641422,43.1,36.18279569892473,residential,False,22,12908641424
12908641426,915410552,44.48,36.18279569892473,residential,False,25,12908641424
12908641428,12908641429,81.12,36.18279569892473,residential,False,28,12908641424
12908641429,301845531,25.71,36.18279569892473,residential,False,14,12908641424
12908641429,6879722797,87.81,36.18279569892473,residential,False,18,12908641424
12908641429,12908641428,81.12,36.18279569892473,residential,False,10,12908641424
12908641430,301839443,51.09,36.18279569892473,residential,False,31,12908641424
12908641437,6391141306,324.52,36.18279569892473,residential,False,26,12908641424
12908641445,11337401143,134.69,36.18279569892473,residential,False,32,12908641424
12908648330,12908648340,45.39,36.18279569892473,residential,False,14,11346035713
12908648332,12908648340,65.26,36.18279569892473,residential,False,31,11346035713
12908648340,6879934743,50.81,36.18279569892473,residential,False,14,11346035713
12908648340,12908648332,65.26,36.18279569892473,residential,False,14,11346035713
12908648340,12908648330,45.39,36.18279569892473,residential,False,22,11346035713
12908648340,6879934731,138.74,36.18279569892473,residential,False,28,11346035713
12908648475,2023811874,27.97,36.18279569892473,residential,False,33,12908641424
12908648475,1333834376,142.99,36.18279569892473,residential,False,18,12908641424
12908648475,1333834382,150.39,36.18279569892473,residential,False,11,12908641424
12908648479,1333834415,138.02,36.18279569892473,residential,False,33,12908641424
12908648485,12908648486,34.65,36.18279569892473,residential,False,30,12908641424
12908648486,6391402528,20.33,36.18279569892473,residential,False,21,12908641424
12908648486,12908648485,34.65,36.18279569892473,residential,False,32,12908641424
12908648486,6391402534,69.4,36.18279569892473,residential,False,34,12908641424
12908648487,12908648489,58.82,36.18279569892473,residential,False,17,12908641424
12908648489,1326827141,42.05,36.18279569892473,residential,False,31,12908641424
12908648489,6879758599,48.51,36.18279569892473,residential,False,29,12908641424
12908648489,12908648487,58.82,36.18279569892473,residential,False,23,12908641424
12908668258,60969445,96.63,53.482142857142854,secondary,False,32,11346035713
12908668258,83724443,45.3,53.482142857142854,secondary,False,24,11346035713
12908668258,12911719236,92.33,36.18279569892473,residential,False,15,11346035713
12908676693,12905498930,103.31,36.18279569892473,residential,False,24,12908641424
12908834909,12908834911,42.26,36.18279569892473,residential,False,21,12901492583
12908834911,301842886,35.25,44.02390438247012,tertiary,False,35,12901492583
12908834911,90309030,72.8,44.02390438247012,tertiary,False,24,12901492583
12908834911,12908834909,42.26,36.18279569892473,residential,False,26,12901492583
12908834913,6396501508,73.7,36.18279569892473,residential,False,19,12901492583
12908834918,1327342775,23.37,36.18279569892473,residential,False,18,12908641424
12908834922,301847115,54.09,36.18279569892473,residential,False,23,12908641424
12908834923,7264576917,84.46,36.18279569892473,residential,False,26,12908641424
12908876320,12908876321,57.95,36.18279569892473,residential,False,32,82703794
12908876320,89011020,76.37,36.18279569892473,residential,True,17,82703794
12908876321,12908876320,57.95,36.18279569892473,residential,False,19,82703794
12908876321,1988920555,20.57,36.18279569892473,residential,False,30,82703794
12908876321,89018218,75.25,36.18279569892473,residential,False,12,82703794
12908880135,301847730,44.03,36.18279569892473,residential,False,19,12908641424
12908880179,83718241,46.71,36.18279569892473,residential,False,23,93731379
12908880179,83718078,253.15,36.18279569892473,residential,False,34,93731379
12908880179,83723171,128.14,36.18279569892473,residential,False,20,93731379
12909044150,7264576935,61.3,36.18279569892473,residential,False,12,12908641424
12909065861,6190988152,55.61,36.18279569892473,residential,False,30,847937526
12909108320,6958843961,68.26,36.18279569892473,residential,False,12,12901492583
12909187595,6865168571,46.43,36.18279569892473,residential,False,12,82903274
12909280040,12909280041,41.32,36.18279569892473,residential,False,33,147963281
12909280041,6184996324,15.55,36.18279569892473,residential,False,17,147963281
12909280041,12909280040,41.32,36.18279569892473,residential,False,12,147963281
12909280041,6184996325,22.55,36.18279569892473,residential,False,15,147963281
12909280045,12906457451,19.62,36.18279569892473,residential,False,28,147963281
12909296747,1948155700,39.66,36.18279569892473,residential,False,11,82903274
12909380414,1948156124,96.72,36.18279569892473,residential,False,12,847937526
12909380418,12909380422,65.95,36.18279569892473,residential,False,33,847937526
12909380422,1948156283,42.52,36.18279569892473,residential,False,19,847937526
12909380422,1962574007,18.45,36.18279569892473,residential,False,27,847937526
12909380422,12909380418,65.95,36.18279569892473,residential,False,25,847937526
12909380424,1392818690,66.98,36.18279569892473,residential,False,35,82903274
12909380426,1021671113,5.58,36.18279569892473,residential,False,10,847937526
12909380426,1021671129,55.65,36.18279569892473,residential,False,23,847937526
12909380426,1021671125,57.82,36.18279569892473,residential,False,31,847937526
12909380427,316057511,3.79,36.18279569892473,residential,False,26,847937526
12909380427,1021671113,40.93,36.18279569892473,residential,False,33,847937526
12909380427,1363739557,153.95,36.18279569892473,residential,False,14,847937526
12909415455,12909415456,27.19,36.18279569892473,residential,False,25,147963281
12909415456,12909415455,27.19,36.18279569892473,residential,False,25,147963281
12909415456,147952777,113.32,36.18279569892473,residential,False,26,147963281
12909415456,11346078417,59.06,36.18279569892473,residential,False,31,147963281
12909415457,12909415458,38.06,36.18279569892473,residential,False,31,147963281
12909415458,147951227,32.28,60.0,secondary,False,27,147963281
12909415458,12909415457,38.06,36.18279569892473,residential,False,32,147963281
12909415458,78452212,177.66,60.0,secondary,False,13,147963281
12909415465,6396568474,17.48,36.18279569892473,residential,False,22,147963281
12909456720,1365350486,20.4,36.18279569892473,residential,False,10,82903274
12909456720,1365350456,42.08,36.18279569892473,residential,False,29,82903274
12909456720,1365350444,22.82,36.18279569892473,residential,False,16,82903274
12909505731,147971488,72.96,36.18279569892473,residential,False,33,147963281
12909505732,301858452,39.67,36.18279569892473,residential,False,10,147963281
12909505737,301867323,38.68,36.18279569892473,residential,False,32,147963281
12909576489,6879657443,34.38,36.18279569892473,residential,False,23,11346035713
12909576497,83731217,14.89,36.18279569892473,residential,False,32,11346035713
12909576497,32271706,18.32,36.18279569892473,residential,False,27,11346035713
12909576497,12907523378,161.67,36.18279569892473,residential,False,33,11346035713
12909614309,256394596,21.63,36.18279569892473,residential,True,21,11346035713
12909614309,256394594,83.36,36.18279569892473,residential,False,17,11346035713
12909614309,6868194834,125.22,36.18279569892473,residential,False,33,11346035713
12909614310,12909614311,39.94,36.18279569892473,residential,False,31,11346035713
12909614311,2272366762,45.86,60.0,primary,False,26,11346035713
12909614311,12909614313,20.97,60.0,primary,False,31,11346035713
12909614311,12909614310,39.94,36.18279569892473,residential,False,29,11346035713
12909614312,12909614313,45.72,36.18279569892473,residential,False,11,11346035713
12909614313,12909614311,20.97,60.0,primary,False,29,11346035713
12909614313,12909614312,45.72,36.18279569892473,residential,False,24,11346035713
12909614313,256394596,53.59,60.0,primary,True,15,11346035713
12909614314,32271701,46.0,36.18279569892473,residential,False,31,11346035713
12909668266,6879971364,32.23,36.18279569892473,residential,False,34,93731379
12909668266,6879971370,129.97,36.18279569892473,residential,False,26,93731379
12909668266,11113476526,26.97,36.18279569892473,residential,False,17,93731379
12909856436,147952779,22.6,36.18279569892473,residential,False,15,147963281
12909856437,147956454,128.29,36.18279569892473,residential,False,12,6218659532
12909856458,301866753,30.74,36.18279569892473,residential,False,21,147963281
12910655335,1363680978,88.21,36.18279569892473,residential,False,14,82903274
12910806726,6366272729,21.19,36.18279569892473,residential,False,26,93731379
12910806726,11113476531,13.65,44.02390438247012,tertiary,False,21,93731379
12911719236,6879829992,100.28,36.18279569892473,residential,False,11,11346035713
12911719236,6879905270,34.43,36.18279569892473,residential,False,23,11346035713
12911719236,12908668258,92.33,36.18279569892473,residential,False,25,11346035713
12911719238,12911719239,36.99,36.18279569892473,residential,False,22,11346035713
12911719239,12911719238,36.99,36.18279569892473,residential,False,15,11346035713
12911719239,301393559,22.13,36.18279569892473,residential,False,21,11346035713
12911719239,83728496,106.52,36.18279569892473,residential,False,13,11346035713
12911719240,6401583662,148.27,36.18279569892473,residential,False,20,11346035713
12911719240,301394630,62.96,36.18279569892473,residential,False,31,11346035713
12911719240,301394689,250.39,36.18279569892473,residential,False,17,11346035713
12911994920,82666578,141.93,36.18279569892473,residential,False,27,82668285
12911994920,6391427789,68.15,36.18279569892473,residential,False,34,82668285
12911994920,82667890,43.74,36.18279569892473,residential,False,13,82668285
12911996242,82666146,213.73,36.18279569892473,residential,False,19,82668285
12911996242,314641602,340.08,36.18279569892473,residential,False,19,82668285
12911996242,12548630878,19.44,30.0,residential,False,25,82668285
12912122844,6391402527,39.42,36.18279569892473,residential,False,19,12908641424
12912220966,301371531,44.6,36.18279569892473,residential,False,18,90214098
12912324179,12905883192,39.41,36.18279569892473,residential,False,16,320050383
12912354049,11258112534,36.7,36.18279569892473,residential,False,10,11346035713
12912452187,6975294305,56.32,36.18279569892473,residential,False,33,847937526
12912452188,93810395,53.3,36.18279569892473,residential,False,30,82903274
12912452189,60969794,44.83,36.18279569892473,residential,False,28,11346035713
12912459395,12045725932,7.67,36.18279569892473,residential,False,22,93731379
12912465414,459145028,47.84,36.18279569892473,residential,False,16,11346035713
12912616902,1754980497,46.23,36.18279569892473,residential,False,19,82903274
12912644487,6974384381,145.31,36.18279569892473,residential,False,30,11346035713
12912737241,12912737242,10.62,60.0,secondary,False,26,82903274
12912737241,6157489823,71.04,44.02390438247012,tertiary,False,11,82903274
12912737242,12912737243,20.73,44.02390438247012,tertiary,False,24,82903274
12912737242,583589709,187.23,60.0,secondary,False,29,82903274
12912737243,12912737244,10.3,60.0,secondary,False,25,82668285
12912737243,82661658,99.05,44.02390438247012,tertiary,False,11,82668285
12912737244,12912737241,20.67,44.02390438247012,tertiary,False,21,82668285
12912737244,82662798,68.16,60.0,secondary,False,10,82668285
12912801084,12912801088,15.9,53.482142857142854,secondary,False,29,82668285
12912801084,12912801087,15.9,60.0,tertiary,False,24,82668285
12912801085,6967286706,13.92,60.0,tertiary,False,20,82668285
12912801085,12912801084,11.29,53.482142857142854,secondary,False,19,82668285
12912801086,2500063369,339.81,53.482142857142854,secondary,False,21,82668285
12912801086,12912801085,16.39,60.0,tertiary,False,13,82668285
12912801087,12912801086,10.87,53.482142857142854,secondary,False,10,82668285
12912801087,7813814033,790.89,60.0,tertiary,False,21,82668285
12912801088,12912801087,13.76,53.482142857142854,secondary,False,33,82668285
12912801088,6879731242,188.98,53.482142857142854,secondary,False,15,82668285
12912805838,12912805839,47.56,36.18279569892473,residential,False,22,147963281
12912805838,147951227,99.66,60.0,secondary,False,21,147963281
12912805838,1634096872,60.03,60.0,secondary,False,10,147963281
12912805839,1634096869,13.8,36.18279569892473,residential,False,13,147963281
12912805839,12912805838,47.56,36.18279569892473,residential,False,23,147963281
12912805839,1634096872,90.41,36.18279569892473,residential,False,25,147963281
12912932241,12912932242,31.72,36.18279569892473,residential,False,16,93731379
12912932242,12912932241,31.72,36.18279569892473,residential,False,12,93731379
12912932242,7927493272,138.89,44.02390438247012,tertiary,False,26,93731379
12912932250,12912932251,72.82,36.18279569892473,residential,False,26,93731379
12912932251,12912932250,72.82,36.18279569892473,residential,False,14,93731379
12912932251,6970430341,8.41,36.18279569892473,residential,False,23,93731379
12912932251,6974419994,300.84,36.18279569892473,residential,False,13,93731379
12912932267,6969853129,128.15,36.18279569892473,residential,False,25,147963281
12912932267,12922997937,52.94,36.18279569892473,residential,False,10,147963281
12912932267,6970320264,84.7,36.18279569892473,residential,False,14,147963281
12918832904,12918832905,41.64,36.18279569892473,residential,False,34,256619924
12918832904,89023836,135.73,36.18279569892473,residential,False,31,256619924
12918832905,12918832904,41.64,36.18279569892473,residential,False,18,256619924
12918832907,6394763781,52.73,36.18279569892473,residential,False,17,256619924
12918832919,6392058798,64.98,36.18279569892473,residential,False,25,256619924
12918832928,89023299,76.13,36.18279569892473,residential,False,22,256619924
12918832935,6397234493,125.38,36.18279569892473,residential,False,21,82703794
12918837602,12918837614,11.26,53.482142857142854,secondary,False,19,11253757267
12918837603,82896542,266.2,53.482142857142854,secondary,True,21,11253757267
12918837603,12918837602,25.06,53.482142857142854,secondary,False,23,11253757267
12918837614,1787596253,488.7,60.0,tertiary,False,15,11253757267
12918837614,7813814033,21.91,53.482142857142854,secondary,False,27,11253757267
12918837630,301852938,25.87,60.0,secondary,False,35,147963281
12918837630,93731127,76.4,60.0,secondary,False,18,147963281
12918837630,6391524208,128.42,36.18279569892473,residential,False,13,147963281
12918942599,914261181,166.07,45.0,unclassified,False,24,93731379
12918942599,9325711797,37.12,30.0,unclassified,False,31,93731379
12919787449,914229482,7.11,36.18279569892473,residential,False,24,147963281
12919787455,6958151247,6.05,36.18279569892473,residential,False,15,147963281
12919787475,1056303603,23.71,36.18279569892473,residential,False,14,147963281
12919806851,84554341,310.04,36.18279569892473,residential,False,21,147963281
12919818902,301868529,42.45,36.18279569892473,residential,False,33,147963281
12919818905,147965097,48.49,36.18279569892473,residential,False,23,147963281
12920428366,12504156319,21.54,36.18279569892473,residential,False,10,12901492583
12920508687,1397581624,16.12,36.18279569892473,residential,False,21,11253757267
12920508687,11351297115,7.26,36.18279569892473,residential,False,32,11253757267
12920523223,1397581628,76.49,36.18279569892473,residential,False,16,11253757267
12920582871,1799326974,67.09,36.18279569892473,residential,False,13,82903274
12920651126,1327335091,28.26,36.18279569892473,residential,False,16,12901492583
12920651127,12920651128,34.36,36.18279569892473,residential,False,19,11253757267
12920651128,301850264,17.79,40.0,residential,False,11,11253757267
12920651128,12920651127,34.36,36.18279569892473,residential,False,14,11253757267
12920651128,301850259,53.13,40.0,residential,False,22,11253757267
12920655598,1506189769,52.87,36.18279569892473,residential,False,23,11253757267
12920655598,4565221647,14.11,36.18279569892473,residential,False,33,11253757267
12920655599,942075542,43.66,36.18279569892473,residential,False,20,11253757267
12920655599,4565221636,15.25,36.18279569892473,residential,False,11,11253757267
12920789263,1333834386,201.59,36.18279569892473,residential,False,15,12908641424
12922048413,914261181,148.63,45.0,unclassified,False,31,93731379
12922458955,6213201101,49.77,36.18279569892473,residential,False,16,11253757267
12922458955,6391252787,24.71,36.18279569892473,residential,False,25,11253757267
12922530208,12922530209,22.92,36.18279569892473,residential,False,31,11253757267
12922530209,12922530208,22.92,36.18279569892473,residential,False,18,11253757267
12922530209,12922530215,15.16,36.18279569892473,residential,False,13,11253757267
12922530209,12922530210,64.48,36.18279569892473,residential,False,23,11253757267
12922530210,12922530209,64.48,36.18279569892473,residential,False,25,11253757267
12922530215,1397581628,22.96,36.18279569892473,residential,False,27,11253757267
12922530215,1397581626,55.7,36.18279569892473,residential,False,25,11253757267
12922530215,12922530209,15.16,36.18279569892473,residential,False,35,11253757267
12922997937,12912932267,52.94,36.18279569892473,residential,False,31,147963281
12922997937,6970320264,35.85,60.0,secondary,False,32,147963281
12922997937,6366272750,171.21,60.0,secondary,False,14,147963281
12951673913,6361078559,312.5,36.18279569892473,residential,False,20,6185036192
12959613418,6396879474,88.73,36.18279569892473,residential,False,34,82703794
12959613418,90143837,160.76,54.67289719626168,primary,False,34,82703794
13058623072,6363090685,266.39,36.18279569892473,residential,False,34,6185036192
13058623072,6218443987,77.05,36.18279569892473,residential,False,22,6185036192
13058623072,13058623075,39.81,36.18279569892473,residential,False,26,6185036192
13058623075,13058623072,39.81,36.18279569892473,residential,False,33,6185036192
13144061041,11085084819,5.16,36.18279569892473,residential,False,33,6988544531
13144061041,6988385556,480.82,36.18279569892473,residential,False,22,6988544531
13144061041,11338151024,411.64,40.0,residential,False,14,6988544531
13144061041,11811495472,126.69,36.18279569892473,residential,False,13,6988544531
13147652158,301851937,8.47,36.18279569892473,residential,False,13,12901492583
13147652158,93731120,221.85,36.18279569892473,residential,False,35,12901492583
13147652158,1327335091,93.54,36.18279569892473,residential,False,10,12901492583
13149331757,82641149,27.16,44.02390438247012,tertiary,False,14,320981769
13149331757,78452128,52.02,54.67289719626168,primary,False,14,320981769
13204877868,1946742028,55.31,36.18279569892473,residential,False,21,82903274
13204877868,256595154,427.42,54.67289719626168,primary,False,26,82903274
13204877868,39621239,301.77,54.67289719626168,primary,False,10,82903274
13204877868,6361282593,75.9,36.18279569892473,residential,False,34,82903274
13247358598,4721171418,295.56,45.0,unclassified,False,31,90214098
13249441074,90143563,72.23,36.18279569892473,residential,False,17,82703794
13250605045,82705003,71.55,36.18279569892473,residential,False,11,82903274
13252200507,82699688,61.31,36.18279569892473,residential,False,31,90214098
13322076221,13322076229,11.06,36.18279569892473,residential,False,20,11253757267
13322076221,6363346390,151.7,36.18279569892473,residential,False,23,11253757267
13322076229,13322076230,10.49,36.18279569892473,residential,False,29,11253757267
13322076230,12920508687,7.85,36.18279569892473,residential,False,33,11253757267
13322076230,11351297115,4.03,36.18279569892473,residential,False,10,11253757267
13326166717,301430689,28.94,60.0,secondary,False,23,93731379
13326166717,13326166719,37.12,36.18279569892473,residential,False,25,93731379
13326166717,4563677886,449.76,60.0,secondary,True,19,93731379
13326166719,13326166717,37.12,36.18279569892473,residential,True,19,93731379
13326166719,6193176314,35.41,36.18279569892473,residential,False,25,93731379
13326166719,13326166724,83.91,36.18279569892473,residential,False,12,93731379
13326166724,13326166719,83.91,36.18279569892473,residential,False,34,93731379
13337832588,88948020,24.79,36.18279569892473,residential,False,23,93731379
13337832588,88948019,34.63,36.18279569892473,residential,False,17,93731379
13337832588,13337832589,81.21,36.18279569892473,residential,False,29,93731379
13337832589,13337832588,81.21,36.18279569892473,residential,False,14,93731379
13374214523,84574905,50.28,36.18279569892473,residential,False,33,93731379
13375497921,83733087,22.5,36.18279569892473,residential,False,26,93731379
13375497922,83711809,133.69,36.18279569892473,residential,False,15,93731379
13377315175,9566912285,54.87,36.18279569892473,residential,False,17,82903274
13386200644,83771431,15.16,53.482142857142854,secondary,False,18,6185036192
13386200644,6199759887,152.41,53.482142857142854,secondary,False,34,6185036192
13386200644,3859841636,437.13,36.18279569892473,"['residential', 'unclassified']",False,13,6185036192
13416334987,84577253,23.79,36.18279569892473,residential,False,18,93731379
13426819977,13426819978,138.75,36.18279569892473,residential,False,32,93731379
13426819978,84571932,18.55,36.18279569892473,residential,True,17,93731379
13426819978,84571931,198.94,36.18279569892473,residential,False,31,93731379
13426819978,13426819977,138.75,36.18279569892473,residential,False,23,93731379
13430142547,316057114,81.09,20.0,residential,False,16,847937526
13469019597,82703794,8.4,36.18279569892473,residential,False,25,82703794
13469019597,82624677,84.72,36.18279569892473,residential,False,32,82703794
13469019597,6190618054,6.66,36.18279569892473,residential,True,35,82703794
13469095395,89059954,142.3,36.18279569892473,residential,False,35,82703794
13469095395,13469095398,54.76,36.18279569892473,residential,False,13,82703794
13469095398,13469095395,54.76,36.18279569892473,residential,False,32,82703794
13602019508,12898819360,15.87,53.482142857142854,secondary,False,33,105814816
13602019508,4565128728,22.05,53.482142857142854,secondary,False,26,105814816
13602120346,7813814027,16.62,53.482142857142854,secondary,False,29,11253757267
13602120346,7813814059,14.7,53.482142857142854,secondary,False,15,11253757267
13711223982,6906834344,275.62,36.18279569892473,residential,False,16,6185036192
13717216070,386878809,4.77,36.18279569892473,residential,False,28,386876240
13717216070,12890187403,244.81,36.18279569892473,residential,False,30,386876240
13717216070,386878784,97.78,20.0,"['living_street', 'residential']",False,30,386876240
13752770892,1276412062,89.66,36.18279569892473,residential,False,14,6988544531
13907032327,6361099681,61.99,45.0,unclassified,False,17,6185036192
14077098235,14077098239,59.97,20.0,living_street,False,13,90214098
14077098239,14077098235,59.97,20.0,living_street,False,14,90214098
14077098239,6883668213,82.04,20.0,living_street,False,22,90214098
14077098239,14077098251,67.45,20.0,living_street,False,11,90214098
14077098251,12887076069,69.01,36.18279569892473,residential,False,18,90214098
14077098251,388276615,255.31,36.18279569892473,residential,False,16,90214098
14077098251,14077098239,67.45,20.0,living_street,False,14,90214098
