node_id,x,y,is_counter,has_traffic_light
32271693,18.37,43.84,False,False
32271695,18.37,43.84,False,False
32271696,18.37,43.84,False,False
32271701,18.37,43.84,False,False
32271703,18.37,43.84,False,False
32271705,18.37,43.84,False,False
32271706,18.37,43.84,False,False
33221214,18.32,43.88,False,False
33221316,18.32,43.86,False,False
33222611,18.44,43.86,False,False
33222620,18.43,43.85,False,True
33222633,18.42,43.85,False,False
33222648,18.4,43.85,False,True
33222670,18.45,43.86,False,False
39621234,18.41,43.85,False,False
39621239,18.41,43.85,False,False
39626409,18.37,43.84,False,False
39629023,18.38,43.84,False,False
39630055,18.37,43.85,False,False
39630061,18.37,43.85,False,True
60969237,18.37,43.84,False,True
60969244,18.38,43.85,False,False
60969245,18.38,43.85,False,False
60969247,18.37,43.84,False,True
60969445,18.36,43.85,False,False
60969632,18.37,43.85,False,True
60969794,18.38,43.84,False,False
60969925,18.36,43.84,False,False
60969926,18.36,43.84,False,False
60969930,18.36,43.84,False,True
61334561,18.35,43.82,False,False
61334742,18.35,43.83,False,False
61334743,18.35,43.83,False,True
61334834,18.35,43.83,False,False
63904172,18.36,43.83,False,False
63912055,18.36,43.82,False,False
63912640,18.35,43.82,False,False
63912641,18.35,43.82,False,False
78424736,18.35,43.85,False,True
78451997,18.39,43.85,False,False
78452012,18.4,43.86,False,True
78452068,18.41,43.86,False,False
78452128,18.43,43.86,False,False
78452142,18.42,43.86,False,False
78452147,18.41,43.86,False,False
78452152,18.41,43.86,False,True
78452163,18.39,43.85,False,False
78452168,18.39,43.86,False,False
78452212,18.35,43.85,False,False
79467561,18.41,43.87,False,False
81535495,18.43,43.86,False,False
81535497,18.43,43.86,False,False
81536829,18.43,43.86,False,False
81536866,18.44,43.86,False,False
81537737,18.41,43.85,False,False
82587046,18.41,43.86,False,False
82587347,18.41,43.86,False,False
82587475,18.41,43.86,False,False
82588000,18.41,43.86,False,False
82588276,18.41,43.86,False,False
82588281,18.41,43.86,False,False
82588499,18.41,43.86,False,False
82588846,18.41,43.86,False,False
82588848,18.41,43.86,False,False
82589501,18.42,43.86,False,False
82589504,18.42,43.86,False,False
82589614,18.42,43.86,False,False
82589766,18.42,43.86,False,False
82619348,18.45,43.87,False,False
82619356,18.45,43.87,False,False
82619372,18.45,43.87,False,False
82619397,18.45,43.87,False,False
82619398,18.45,43.87,False,False
82619400,18.45,43.87,False,False
82619401,18.45,43.87,False,False
82619403,18.45,43.87,False,False
82619405,18.45,43.87,False,False
82619409,18.45,43.87,False,False
82619416,18.46,43.88,False,False
82621142,18.4,43.85,False,True
82621715,18.39,43.85,False,True
82621727,18.38,43.85,False,False
82621920,18.38,43.85,False,False
82622564,18.39,43.85,False,False
82623569,18.39,43.85,False,False
82624009,18.41,43.85,False,True
82624011,18.41,43.85,False,False
82624677,18.42,43.86,False,False
82624680,18.42,43.86,False,False
82624681,18.42,43.86,False,False
82624688,18.42,43.85,False,False
82625123,18.44,43.86,False,False
82625128,18.44,43.86,False,False
82625131,18.43,43.86,False,False
82625134,18.43,43.86,False,False
82625135,18.43,43.86,False,False
82625222,18.43,43.86,False,False
82625445,18.43,43.86,False,True
82625786,18.43,43.86,False,False
82625883,18.43,43.86,False,True
82626094,18.43,43.86,False,True
82626265,18.43,43.86,False,False
82626453,18.43,43.86,False,False
82626454,18.43,43.86,False,False
82626575,18.43,43.86,False,False
82626669,18.43,43.86,False,False
82627851,18.42,43.85,False,False
82627854,18.43,43.85,False,False
82627858,18.43,43.85,False,False
82627861,18.43,43.86,False,False
82630823,18.46,43.84,False,False
82637467,18.45,43.86,False,False
82638319,18.45,43.86,False,False
82640434,18.43,43.86,False,False
82641065,18.43,43.87,False,False
82641149,18.43,43.86,False,False
82641152,18.43,43.86,False,False
82641159,18.43,43.87,False,False
82641887,18.43,43.87,False,False
82641894,18.43,43.87,False,False
82641908,18.43,43.86,False,False
82641909,18.43,43.86,False,False
82643178,18.43,43.87,False,False
82643724,18.43,43.87,False,False
82643736,18.42,43.87,False,False
82643738,18.42,43.87,False,False
82643739,18.42,43.87,False,False
82643746,18.42,43.87,False,False
82643810,18.42,43.87,False,False
82643891,18.42,43.87,False,False
82643898,18.43,43.87,False,False
82643954,18.42,43.87,False,False
82643955,18.42,43.87,False,False
82644698,18.42,43.88,False,False
82644699,18.42,43.88,False,False
82645213,18.42,43.87,False,False
82645214,18.42,43.87,False,False
82645957,18.42,43.87,False,False
82645959,18.42,43.87,False,False
82645960,18.42,43.87,False,False
82646185,18.42,43.87,False,False
82650400,18.42,43.86,False,False
82650686,18.42,43.86,False,False
82650691,18.42,43.86,False,False
82651436,18.43,43.86,False,False
82651439,18.43,43.86,False,False
82651440,18.43,43.86,False,False
82651515,18.43,43.86,False,False
82653324,18.43,43.87,False,False
82653327,18.43,43.87,False,False
82653886,18.43,43.86,False,False
82653887,18.43,43.86,False,False
82655335,18.41,43.87,False,False
82655413,18.41,43.87,False,False
82655420,18.41,43.88,False,False
82655496,18.41,43.87,False,False
82656138,18.41,43.87,False,False
82656150,18.41,43.87,False,True
82656162,18.41,43.86,False,False
82656163,18.41,43.86,False,False
82656405,18.41,43.86,False,False
82656867,18.41,43.87,False,False
82657806,18.42,43.87,False,False
82658261,18.42,43.87,False,False
82658524,18.42,43.87,False,False
82658533,18.42,43.87,False,False
82658896,18.42,43.87,False,False
82658898,18.42,43.87,False,False
82658902,18.42,43.87,False,False
82658912,18.42,43.87,False,False
82661422,18.4,43.86,False,False
82661427,18.41,43.86,False,False
82661658,18.41,43.86,False,False
82661659,18.41,43.86,False,False
82661932,18.41,43.86,False,False
82661933,18.41,43.86,False,False
82661960,18.41,43.86,False,False
82662075,18.41,43.86,False,True
82662798,18.41,43.86,False,False
82663207,18.4,43.86,False,False
82663819,18.41,43.87,False,False
82663822,18.41,43.87,False,False
82663842,18.4,43.88,False,False
82663845,18.4,43.88,False,False
82664077,18.4,43.88,False,False
82664959,18.4,43.87,False,False
82664974,18.4,43.87,False,False
82664985,18.41,43.87,False,False
82665577,18.41,43.86,False,False
82666135,18.4,43.87,False,False
82666141,18.41,43.87,False,False
82666146,18.41,43.87,False,False
82666147,18.41,43.87,False,False
82666562,18.41,43.87,False,False
82666578,18.4,43.86,False,False
82666626,18.4,43.86,False,False
82666852,18.4,43.86,False,False
82667259,18.4,43.86,False,False
82667264,18.4,43.87,False,False
82667269,18.4,43.87,False,False
82667702,18.4,43.86,False,False
82667890,18.4,43.86,False,False
82668282,18.41,43.86,False,False
82668283,18.41,43.86,False,False
82668285,18.41,43.86,True,False
82668356,18.41,43.87,False,False
82668531,18.41,43.87,False,False
82668635,18.41,43.87,False,False
82669271,18.42,43.86,False,True
82669274,18.42,43.86,False,False
82673355,18.34,43.85,False,False
82673357,18.34,43.85,False,False
82673371,18.36,43.83,False,False
82674009,18.37,43.85,False,False
82674298,18.37,43.85,False,True
82674417,18.37,43.85,False,True
82674858,18.37,43.85,False,False
82686004,18.4,43.84,True,False
82699412,18.41,43.86,False,False
82699643,18.42,43.85,False,False
82699688,18.42,43.86,False,False
82699711,18.42,43.85,False,False
82700960,18.43,43.86,False,False
82700962,18.43,43.86,False,False
82700965,18.43,43.85,False,False
82701719,18.44,43.86,False,False
82701724,18.44,43.86,False,False
82701733,18.43,43.85,False,False
82701846,18.43,43.85,False,False
82701956,18.43,43.85,False,False
82701958,18.43,43.85,False,False
82701965,18.43,43.86,False,False
82702451,18.43,43.86,False,False
82702454,18.43,43.86,False,False
82702455,18.43,43.86,False,False
82702460,18.44,43.86,False,False
82702463,18.44,43.86,False,False
82702475,18.44,43.86,False,False
82702975,18.43,43.86,False,False
82702977,18.43,43.86,False,False
82703219,18.43,43.86,False,False
82703379,18.43,43.86,False,False
82703568,18.42,43.86,False,False
82703789,18.42,43.86,False,False
82703794,18.42,43.86,True,False
82704054,18.42,43.86,False,False
82704187,18.42,43.86,False,False
82705003,18.41,43.86,False,False
82705069,18.41,43.85,False,False
82705514,18.4,43.86,False,False
82705515,18.4,43.85,False,False
82706074,18.42,43.86,False,False
82706246,18.44,43.86,False,False
82896542,18.39,43.86,False,True
82898903,18.38,43.85,False,False
82898904,18.38,43.85,False,False
82900294,18.38,43.85,False,False
82900653,18.38,43.85,False,False
82901413,18.4,43.85,False,True
82903085,18.4,43.85,False,False
82903274,18.4,43.85,True,False
82903741,18.4,43.85,False,False
82905447,18.43,43.86,False,False
82908411,18.43,43.87,False,False
82908420,18.43,43.87,False,False
82908423,18.43,43.87,False,False
82908424,18.43,43.87,False,False
82908445,18.44,43.87,False,False
82908447,18.44,43.87,False,False
82908462,18.44,43.87,False,False
82911031,18.44,43.87,False,False
82911039,18.44,43.87,False,False
82911041,18.44,43.87,False,False
82911049,18.45,43.86,False,False
82911064,18.45,43.87,False,False
82911076,18.45,43.86,False,False
82911080,18.45,43.86,False,False
82911083,18.45,43.86,False,False
83549422,18.33,43.83,False,False
83549424,18.33,43.84,False,False
83549426,18.33,43.84,False,False
83549427,18.33,43.84,False,False
83549433,18.34,43.84,False,True
83709642,18.34,43.84,False,False
83710070,18.34,43.84,False,False
83710071,18.34,43.84,False,True
83710074,18.34,43.84,False,True
83710075,18.34,43.84,False,False
83710800,18.34,43.84,False,False
83711313,18.34,43.84,False,True
83711809,18.34,43.84,False,False
83711812,18.34,43.84,False,False
83712882,18.35,43.84,False,False
83713911,18.35,43.84,False,False
83714213,18.35,43.84,False,True
83714214,18.35,43.84,False,False
83715356,18.35,43.84,False,False
83715357,18.35,43.84,False,False
83717378,18.34,43.84,False,True
83717566,18.35,43.84,False,True
83717567,18.35,43.84,False,True
83717570,18.35,43.84,False,False
83717571,18.36,43.84,False,False
83718078,18.36,43.85,False,False
83718241,18.35,43.84,False,False
83719505,18.38,43.85,False,True
83719739,18.38,43.85,False,False
83720533,18.37,43.85,False,False
83720534,18.37,43.85,False,False
83720668,18.38,43.85,False,False
83723171,18.36,43.84,False,False
83723172,18.36,43.84,False,False
83723692,18.36,43.84,False,False
83723935,18.36,43.84,False,False
83724443,18.36,43.84,False,False
83728496,18.36,43.84,False,False
83729262,18.36,43.84,False,False
83729540,18.36,43.84,False,False
83729543,18.36,43.84,False,False
83729545,18.36,43.84,False,False
83729546,18.36,43.84,False,False
83729547,18.36,43.84,False,False
83729727,18.36,43.84,False,False
83730212,18.36,43.84,False,False
83730856,18.37,43.84,False,False
83730865,18.37,43.84,False,False
83731203,18.37,43.84,False,False
83731207,18.37,43.84,False,False
83731216,18.37,43.84,False,False
83731217,18.37,43.84,False,False
83732975,18.34,43.84,False,False
83733087,18.34,43.84,False,False
83733359,18.34,43.84,False,False
83733503,18.34,43.84,False,False
83733857,18.34,43.83,False,False
83734122,18.34,43.84,False,False
83734665,18.33,43.84,False,False
83734666,18.34,43.84,False,False
83734669,18.34,43.83,False,False
83737009,18.35,43.85,False,False
83737521,18.34,43.85,False,False
83738235,18.37,43.85,False,False
83738406,18.37,43.85,False,False
83738415,18.37,43.85,False,False
83738530,18.37,43.85,False,False
83738749,18.37,43.85,False,False
83738765,18.38,43.85,False,False
83738768,18.37,43.85,False,False
83738933,18.38,43.85,False,False
83739415,18.4,43.85,False,False
83739448,18.39,43.85,False,True
83739552,18.39,43.85,False,False
83740338,18.39,43.85,False,False
83741118,18.41,43.85,False,False
83741126,18.4,43.85,False,False
83741273,18.41,43.85,False,True
83741790,18.41,43.85,False,False
83741797,18.41,43.85,False,False
83741800,18.41,43.85,False,False
83741802,18.41,43.85,False,False
83741803,18.41,43.85,False,False
83741805,18.41,43.85,False,False
83769953,18.28,43.87,False,False
83771420,18.29,43.88,False,False
83771424,18.29,43.88,False,False
83771431,18.29,43.88,False,False
83771438,18.29,43.88,False,False
84198521,18.34,43.84,False,False
84548266,18.46,43.85,False,False
84549159,18.46,43.85,False,False
84549161,18.46,43.85,False,False
84549185,18.46,43.85,False,False
84549189,18.46,43.85,False,False
84550083,18.46,43.86,False,False
84550157,18.46,43.86,False,False
84550349,18.45,43.86,False,False
84550353,18.45,43.86,False,False
84551238,18.46,43.87,False,False
84551644,18.33,43.85,False,False
84551877,18.33,43.86,False,False
84551882,18.33,43.86,False,False
84551883,18.33,43.86,False,False
84551888,18.33,43.86,False,False
84551891,18.33,43.86,False,False
84552068,18.33,43.86,False,False
84552070,18.33,43.86,False,False
84552073,18.33,43.86,False,False
84552411,18.33,43.86,False,False
84552418,18.34,43.86,False,False
84552423,18.34,43.86,False,False
84552782,18.37,43.85,False,True
84554289,18.37,43.86,False,False
84554292,18.37,43.86,False,False
84554294,18.37,43.86,False,False
84554301,18.36,43.86,False,False
84554303,18.36,43.86,False,False
84554306,18.36,43.86,False,False
84554312,18.36,43.86,False,False
84554316,18.36,43.86,False,False
84554341,18.35,43.86,False,False
84554364,18.35,43.86,False,False
84558828,18.36,43.87,False,False
84558848,18.36,43.86,False,False
84558849,18.36,43.86,False,False
84558861,18.36,43.86,False,False
84558870,18.36,43.86,False,False
84558874,18.36,43.86,False,False
84566894,18.34,43.83,False,False
84567108,18.34,43.83,False,False
84567118,18.34,43.83,False,False
84567389,18.34,43.83,False,False
84567390,18.34,43.83,False,False
84567843,18.34,43.83,False,False
84567847,18.34,43.83,False,False
84567848,18.34,43.83,False,False
84567852,18.34,43.83,False,False
84567857,18.34,43.83,False,False
84567875,18.34,43.83,False,False
84567901,18.34,43.83,False,False
84568134,18.34,43.83,False,False
84568137,18.34,43.83,False,False
84568140,18.34,43.83,False,False
84568173,18.34,43.83,False,False
84568392,18.34,43.83,False,False
84569045,18.34,43.83,False,False
84569046,18.34,43.83,False,False
84569047,18.34,43.83,False,False
84569056,18.34,43.83,False,False
84569130,18.34,43.83,False,False
84569820,18.34,43.83,False,True
84569992,18.34,43.83,False,True
84570389,18.34,43.83,False,False
84570944,18.34,43.83,False,False
84571931,18.35,43.83,False,False
84571932,18.35,43.83,False,True
84573011,18.35,43.83,False,False
84573837,18.34,43.83,False,False
84574163,18.34,43.83,False,False
84574164,18.34,43.83,False,False
84574171,18.35,43.83,False,False
84574174,18.35,43.83,False,False
84574175,18.35,43.83,False,False
84574450,18.34,43.83,False,False
84574473,18.34,43.83,False,False
84574903,18.34,43.83,False,False
84574905,18.35,43.83,False,False
84574907,18.35,43.82,False,False
84575056,18.35,43.83,False,False
84575335,18.34,43.83,False,False
84575462,18.34,43.83,False,False
84575715,18.35,43.83,False,False
84575774,18.35,43.83,False,False
84575899,18.35,43.83,False,False
84576011,18.35,43.83,False,False
84576145,18.35,43.83,False,False
84576641,18.35,43.83,False,False
84576836,18.35,43.82,False,False
84577253,18.35,43.82,False,False
84577490,18.35,43.82,False,False
84577707,18.35,43.83,False,False
84577709,18.35,43.83,False,False
84578295,18.35,43.82,False,True
84578383,18.35,43.82,False,True
84578735,18.35,43.82,False,False
84587914,18.36,43.83,False,False
84587917,18.35,43.83,False,False
84588520,18.35,43.83,False,False
86041908,18.41,43.86,False,False
86041911,18.41,43.86,False,False
86042273,18.41,43.86,False,False
86042280,18.41,43.86,False,False
88948019,18.33,43.83,False,False
88948020,18.33,43.83,False,False
88948021,18.33,43.83,False,False
88954961,18.31,43.86,False,False
88959098,18.32,43.86,False,False
88959243,18.32,43.86,False,False
88959247,18.32,43.86,False,False
88959430,18.32,43.86,False,False
88959822,18.32,43.86,False,False
88959824,18.32,43.86,False,False
88959826,18.32,43.86,False,False
88959833,18.32,43.86,False,False
88959835,18.32,43.86,False,False
88959838,18.33,43.87,False,False
88959840,18.32,43.87,False,False
88960263,18.33,43.87,False,False
88960272,18.33,43.87,False,False
88960281,18.32,43.87,False,False
88960285,18.32,43.87,False,False
88960288,18.32,43.87,False,False
88960349,18.32,43.86,False,False
88960680,18.32,43.87,False,False
88960685,18.32,43.87,False,False
88960686,18.32,43.87,False,False
88960688,18.32,43.87,False,False
88960689,18.32,43.87,False,False
88960697,18.32,43.87,False,False
88961141,18.31,43.87,False,False
88962235,18.34,43.87,False,False
88962280,18.31,43.88,False,False
88962281,18.31,43.88,False,False
88962286,18.32,43.87,False,False
88962291,18.32,43.87,False,False
88962292,18.32,43.87,False,False
88962293,18.32,43.87,False,False
88962304,18.33,43.87,False,False
88962305,18.33,43.87,False,False
88962308,18.33,43.87,False,False
88962310,18.33,43.87,False,False
88962314,18.33,43.87,False,False
88962789,18.32,43.87,False,False
88962792,18.32,43.87,False,False
88963577,18.32,43.88,False,False
88963583,18.32,43.87,False,False
88963585,18.33,43.87,False,False
88963613,18.32,43.87,False,False
88964116,18.32,43.88,False,False
88965133,18.32,43.88,False,False
88965144,18.32,43.88,False,False
88965148,18.32,43.88,False,False
88965153,18.32,43.88,False,False
88965460,18.32,43.88,False,False
88965656,18.32,43.88,False,False
88966003,18.32,43.88,False,False
88966005,18.32,43.88,False,False
88966007,18.32,43.88,False,False
88966424,18.32,43.88,False,False
88966668,18.32,43.88,False,False
88966884,18.32,43.88,False,False
88967155,18.32,43.88,False,False
88967157,18.32,43.88,False,False
88967542,18.32,43.87,False,False
88967543,18.32,43.87,False,False
88967546,18.32,43.87,False,False
88968211,18.31,43.87,False,False
88970502,18.31,43.87,False,False
88970509,18.31,43.88,False,False
88970510,18.31,43.88,False,False
88970527,18.3,43.88,False,False
88970554,18.32,43.89,False,False
88970844,18.32,43.88,False,False
88970847,18.32,43.88,False,False
88971274,18.32,43.89,False,False
88973356,18.3,43.89,False,False
88983579,18.41,43.86,False,False
88983602,18.41,43.86,False,False
89011020,18.42,43.86,False,True
89011025,18.42,43.86,False,False
89011026,18.42,43.86,False,False
89011028,18.42,43.87,False,False
89011030,18.42,43.87,False,False
89012910,18.42,43.86,False,False
89013695,18.42,43.86,False,False
89015070,18.41,43.86,False,False
89015547,18.41,43.86,False,False
89016594,18.41,43.86,False,False
89016596,18.42,43.86,False,False
89016676,18.41,43.86,False,False
89017423,18.41,43.87,False,True
89017857,18.42,43.86,False,False
89018114,18.42,43.86,False,False
89018218,18.42,43.86,False,False
89018682,18.42,43.86,False,False
89018686,18.42,43.86,False,False
89020078,18.42,43.86,False,False
89020140,18.42,43.86,False,False
89023253,18.42,43.87,False,False
89023299,18.42,43.87,False,False
89023304,18.42,43.86,False,False
89023494,18.42,43.86,False,False
89023495,18.42,43.86,False,False
89023505,18.42,43.86,False,False
89023623,18.42,43.86,False,False
89023836,18.42,43.87,False,False
89023928,18.42,43.87,False,False
89023930,18.42,43.87,False,False
89024352,18.42,43.86,False,False
89025177,18.42,43.86,False,False
89025571,18.42,43.86,False,False
89025574,18.42,43.86,False,False
89026293,18.42,43.86,False,False
89026299,18.42,43.87,False,False
89027309,18.42,43.86,False,False
89027615,18.42,43.87,False,False
89027635,18.42,43.87,False,False
89027722,18.42,43.87,False,False
89027819,18.42,43.87,False,False
89027820,18.42,43.87,False,False
89027845,18.42,43.87,False,False
89028101,18.42,43.87,False,False
89028103,18.42,43.87,False,False
89028104,18.42,43.87,False,False
89028253,18.42,43.87,False,False
89028947,18.42,43.87,False,False
89028948,18.42,43.87,False,False
89028950,18.42,43.87,False,False
89037033,18.43,43.87,False,False
89037171,18.43,43.87,False,False
89038869,18.43,43.87,False,False
89039299,18.43,43.87,False,False
89039421,18.43,43.87,False,False
89039714,18.43,43.87,False,False
89039717,18.43,43.87,False,False
89040322,18.43,43.87,False,False
89040792,18.43,43.87,False,False
89040901,18.43,43.87,False,False
89040972,18.43,43.87,False,False
89041024,18.43,43.87,False,False
89041507,18.43,43.87,False,False
89041786,18.43,43.87,False,False
89041797,18.43,43.87,False,False
89041799,18.43,43.87,False,False
89042111,18.43,43.86,False,False
89042222,18.43,43.86,False,False
89042226,18.44,43.87,False,False
89042235,18.43,43.86,False,False
89042454,18.43,43.87,False,False
89043015,18.43,43.87,False,False
89043556,18.43,43.86,False,False
89043637,18.43,43.86,False,False
89043944,18.44,43.86,False,False
89043945,18.43,43.86,False,False
89043950,18.43,43.86,False,False
89043954,18.43,43.86,False,False
89044018,18.43,43.86,False,False
89044156,18.43,43.86,False,False
89044429,18.43,43.86,False,False
89044433,18.43,43.86,False,False
89044971,18.44,43.86,False,False
89044972,18.44,43.87,False,False
89045081,18.44,43.86,False,False
89045316,18.44,43.87,False,False
89045515,18.43,43.86,False,False
89045666,18.43,43.87,False,False
89045668,18.43,43.87,False,False
89046199,18.44,43.87,False,False
89046280,18.44,43.87,False,False
89046510,18.44,43.87,False,False
89047144,18.44,43.87,False,False
89047153,18.44,43.87,False,False
89047360,18.44,43.86,False,False
89049304,18.43,43.86,False,False
89049605,18.43,43.86,False,False
89050035,18.43,43.86,False,False
89050303,18.43,43.86,False,False
89050514,18.43,43.86,False,False
89050657,18.43,43.86,False,False
89050898,18.43,43.86,False,False
89051353,18.43,43.86,False,False
89051355,18.43,43.86,False,False
89052141,18.43,43.87,False,False
89052415,18.43,43.87,False,False
89052420,18.43,43.87,False,False
89052421,18.43,43.87,False,False
89052772,18.43,43.87,False,False
89054241,18.43,43.86,False,False
89055154,18.43,43.86,False,False
89055407,18.43,43.86,False,False
89055529,18.43,43.86,False,False
89055942,18.42,43.86,False,False
89056057,18.42,43.86,False,False
89056578,18.42,43.87,False,False
89056914,18.42,43.87,False,False
89056918,18.42,43.86,False,False
89057510,18.42,43.87,False,False
89057515,18.43,43.87,False,False
89057516,18.43,43.87,False,False
89057518,18.43,43.87,False,False
89058047,18.42,43.87,False,False
89058106,18.42,43.87,False,False
89058107,18.43,43.87,False,False
89058297,18.42,43.87,False,False
89058802,18.42,43.87,False,False
89059006,18.42,43.87,False,False
89059954,18.42,43.86,False,False
89060747,18.42,43.86,False,False
89073976,18.27,43.9,False,False
89075015,18.27,43.9,False,False
89075051,18.28,43.89,False,False
89075061,18.28,43.89,False,False
89075569,18.29,43.89,False,False
89076126,18.28,43.88,False,False
89076127,18.28,43.88,False,False
89076744,18.28,43.88,False,False
89076751,18.29,43.88,False,False
89082918,18.32,43.88,False,False
90134545,18.43,43.86,False,False
90134546,18.43,43.86,False,False
90136593,18.42,43.86,False,False
90137326,18.41,43.86,False,False
90138712,18.42,43.86,False,False
90141965,18.42,43.86,False,False
90143563,18.42,43.86,False,False
90143837,18.42,43.86,False,False
90149936,18.42,43.86,False,False
90154720,18.43,43.86,False,False
90154837,18.43,43.86,False,False
90202355,18.43,43.86,False,False
90204961,18.43,43.86,False,False
90205971,18.43,43.86,False,False
90206139,18.43,43.86,False,False
90206208,18.43,43.85,False,False
90206965,18.43,43.85,False,False
90207326,18.43,43.85,False,False
90209690,18.43,43.85,False,False
90209694,18.43,43.85,False,False
90209697,18.43,43.85,False,False
90211207,18.43,43.86,False,False
90211209,18.43,43.86,False,False
90212490,18.43,43.85,False,False
90212496,18.43,43.85,False,False
90214098,18.43,43.85,True,False
90214109,18.43,43.85,False,False
90215325,18.42,43.85,False,False
90215988,18.42,43.85,False,False
90215989,18.42,43.85,False,False
90218314,18.42,43.85,False,False
90218744,18.42,43.86,False,False
90218748,18.43,43.86,False,False
90220636,18.41,43.85,False,False
90230982,18.41,43.86,False,False
90231354,18.41,43.86,False,False
90232012,18.41,43.86,False,False
90232115,18.41,43.86,False,False
90233169,18.41,43.87,False,False
90233834,18.41,43.86,False,False
90234034,18.41,43.86,False,False
90234533,18.41,43.86,False,False
90234803,18.41,43.86,False,False
90235318,18.42,43.86,False,False
90235320,18.41,43.86,False,False
90235462,18.41,43.86,False,False
90236169,18.41,43.87,False,False
90236906,18.41,43.87,False,False
90238323,18.41,43.87,False,False
90309006,18.39,43.86,False,False
90309009,18.39,43.86,False,False
90309020,18.39,43.86,False,False
90309025,18.39,43.86,False,False
90309026,18.39,43.86,False,False
90309030,18.39,43.86,False,False
90309043,18.38,43.86,False,False
90309048,18.38,43.86,False,False
90309051,18.38,43.86,False,False
90309056,18.38,43.86,False,False
90309060,18.38,43.86,False,False
90309086,18.38,43.87,False,False
90309131,18.39,43.87,False,False
90310545,18.38,43.85,False,True
90310898,18.39,43.85,False,True
90311903,18.39,43.85,False,True
90312674,18.4,43.85,False,False
90312815,18.4,43.85,False,False
93663935,18.39,43.86,False,False
93663944,18.39,43.86,False,False
93692703,18.4,43.85,False,False
93693054,18.4,43.85,False,False
93693055,18.4,43.85,False,False
93693058,18.4,43.85,False,True
93719896,18.39,43.88,False,False
93731105,18.38,43.86,False,False
93731118,18.38,43.86,False,False
93731120,18.38,43.86,False,False
93731127,18.39,43.86,False,False
93731215,18.38,43.86,False,False
93731278,18.38,43.86,False,False
93731379,18.37,43.85,True,False
93731945,18.37,43.85,False,False
93736189,18.42,43.85,False,False
93736197,18.41,43.85,False,False
93736208,18.41,43.85,False,False
93736213,18.41,43.85,False,False
93736218,18.41,43.85,False,False
93736224,18.41,43.85,False,False
93736232,18.4,43.85,False,False
93736233,18.4,43.85,False,False
93736238,18.4,43.85,False,False
93739029,18.41,43.85,False,False
93744697,18.44,43.86,False,False
93744705,18.44,43.86,False,False
93746054,18.44,43.86,False,False
93748033,18.43,43.86,False,False
93756503,18.44,43.86,False,False
93768087,18.44,43.87,False,False
93770129,18.43,43.87,False,False
93771678,18.44,43.87,False,False
93775484,18.44,43.87,False,False
93775495,18.44,43.87,False,False
93775506,18.45,43.87,False,False
93775523,18.45,43.88,False,False
93775529,18.45,43.88,False,False
93775532,18.44,43.87,False,False
93777160,18.45,43.87,False,False
93777162,18.45,43.87,False,False
93777167,18.45,43.87,False,False
93777616,18.44,43.87,False,False
93810391,18.38,43.84,False,False
93810395,18.38,43.85,False,False
93810396,18.38,43.85,False,False
93810398,18.38,43.85,False,False
93810858,18.38,43.85,False,False
93812208,18.38,43.85,False,False
93812216,18.39,43.85,False,False
93812222,18.39,43.84,False,False
93812223,18.39,43.84,False,False
93812227,18.39,43.84,False,False
93812230,18.39,43.84,False,False
93812231,18.39,43.84,False,False
93812802,18.38,43.85,False,False
93812803,18.38,43.85,False,False
93812806,18.38,43.85,False,False
93813609,18.38,43.85,False,False
93813613,18.38,43.84,False,False
93813616,18.38,43.84,False,False
93815152,18.38,43.84,False,False
93815154,18.38,43.84,False,False
93815157,18.39,43.84,False,False
93815166,18.39,43.84,False,False
93815179,18.39,43.84,False,False
93815187,18.39,43.85,False,False
93815188,18.39,43.85,False,False
93816868,18.4,43.84,False,False
93818565,18.4,43.84,False,False
93924527,18.4,43.84,False,False
93924531,18.41,43.84,False,False
93924532,18.41,43.84,False,False
105801897,18.35,43.85,False,False
105801900,18.34,43.85,False,False
105801901,18.34,43.86,False,False
105806695,18.35,43.86,False,False
105806698,18.34,43.86,False,False
105806700,18.34,43.86,False,False
105810194,18.35,43.86,False,False
105812535,18.35,43.85,False,False
105812543,18.35,43.85,False,False
105812548,18.35,43.85,False,False
105813212,18.35,43.85,False,False
105814672,18.34,43.86,False,False
105814816,18.33,43.85,True,False
105815576,18.33,43.85,False,False
105816978,18.32,43.86,False,False
105817579,18.33,43.86,False,False
105817583,18.33,43.86,False,False
105817739,18.32,43.86,False,False
146223369,18.39,43.9,False,False
146223391,18.4,43.9,False,False
146223410,18.4,43.89,False,False
146253773,18.34,43.83,False,False
146253774,18.34,43.83,False,False
146253897,18.35,43.83,False,True
146254068,18.35,43.83,False,False
146254283,18.35,43.83,False,False
146257203,18.34,43.84,False,True
146257501,18.34,43.84,False,False
146257510,18.35,43.84,False,False
146257726,18.34,43.84,False,False
146260777,18.35,43.84,False,False
146260780,18.35,43.84,False,False
146264973,18.37,43.84,False,False
146264977,18.37,43.84,False,False
146264982,18.37,43.84,False,False
146264992,18.37,43.84,False,False
146264995,18.37,43.84,False,False
146265003,18.36,43.84,False,False
146265005,18.36,43.84,False,False
146265007,18.36,43.84,False,False
146265008,18.36,43.84,False,False
146265027,18.36,43.84,False,False
146266729,18.38,43.84,False,False
147912122,18.32,43.87,False,False
147914636,18.32,43.87,False,False
147915550,18.32,43.87,False,False
147920870,18.32,43.87,False,False
147921169,18.32,43.86,False,False
147922005,18.32,43.86,False,False
147922007,18.32,43.86,False,False
147922009,18.32,43.86,False,False
147923248,18.32,43.87,False,False
147924000,18.32,43.87,False,False
147924142,18.32,43.87,False,False
147924330,18.32,43.87,False,False
147924502,18.32,43.87,False,False
147924852,18.32,43.87,False,False
147924855,18.32,43.87,False,False
147928434,18.33,43.86,False,False
147928551,18.33,43.86,False,False
147929344,18.33,43.86,False,False
147929356,18.33,43.86,False,False
147929912,18.33,43.86,False,False
147930342,18.33,43.86,False,False
147949852,18.35,43.86,False,False
147950328,18.35,43.86,False,False
147951227,18.35,43.85,False,False
147952777,18.35,43.85,False,False
147952778,18.35,43.86,False,False
147952779,18.35,43.86,False,False
147952780,18.35,43.86,False,False
147953502,18.35,43.85,False,False
147954554,18.35,43.86,False,False
147954563,18.35,43.86,False,False
147954567,18.35,43.86,False,False
147954808,18.35,43.86,False,False
147955593,18.35,43.86,False,False
147956102,18.35,43.86,False,False
147956454,18.35,43.86,False,False
147958442,18.36,43.86,False,False
147958443,18.36,43.86,False,False
147960488,18.35,43.86,False,False
147960821,18.35,43.86,False,False
147960823,18.35,43.86,False,False
147960912,18.35,43.86,False,False
147963281,18.36,43.85,True,False
147963681,18.36,43.85,False,False
147963694,18.36,43.86,False,False
147965091,18.36,43.86,False,False
147965093,18.36,43.86,False,False
147965097,18.36,43.86,False,False
147965101,18.36,43.85,False,False
147965103,18.36,43.85,False,False
147966086,18.36,43.86,False,False
147967422,18.36,43.86,False,False
147967424,18.36,43.86,False,False
147969285,18.36,43.86,False,False
147969287,18.36,43.86,False,False
147970116,18.36,43.86,False,False
147971467,18.36,43.86,False,False
147971470,18.36,43.86,False,False
147971471,18.36,43.86,False,False
147971479,18.36,43.86,False,False
147971484,18.36,43.86,False,False
147971485,18.36,43.86,False,False
147971488,18.37,43.86,False,False
147974965,18.37,43.86,False,False
147974969,18.37,43.86,False,False
147974975,18.37,43.86,False,False
147974986,18.37,43.86,False,False
147977354,18.37,43.86,False,False
147977359,18.37,43.86,False,False
147977361,18.37,43.86,False,False
147977373,18.37,43.87,False,False
147992757,18.39,43.87,False,False
147994389,18.38,43.88,False,False
147994404,18.39,43.88,False,False
147999045,18.4,43.87,False,False
147999052,18.4,43.87,False,False
147999061,18.4,43.87,False,False
147999957,18.4,43.86,False,False
148001328,18.4,43.87,False,False
148002552,18.4,43.87,False,False
247071402,18.47,43.87,False,False
247071451,18.46,43.87,False,False
247071472,18.46,43.87,False,False
247071481,18.45,43.87,False,False
247264756,18.28,43.87,False,False
247264758,18.28,43.87,False,False
247264760,18.28,43.87,False,False
247264991,18.28,43.87,False,False
247264994,18.28,43.87,False,False
247265007,18.27,43.88,False,False
247265008,18.27,43.88,False,False
247266388,18.3,43.88,False,False
247266397,18.29,43.88,False,False
253005136,18.37,43.85,False,False
253005191,18.37,43.85,False,False
253005222,18.38,43.85,False,False
254262730,18.4,43.85,False,False
254264692,18.43,43.86,False,False
254264694,18.43,43.86,False,False
254267298,18.42,43.86,False,False
254267342,18.42,43.86,False,False
254280296,18.41,43.86,False,False
254280492,18.4,43.86,False,False
254280798,18.4,43.86,False,False
254281219,18.41,43.85,False,False
254281221,18.41,43.86,False,False
254281224,18.41,43.86,False,False
254290090,18.41,43.86,False,False
254290687,18.4,43.86,False,False
254293585,18.37,43.85,False,False
254293685,18.37,43.86,False,False
254293688,18.37,43.86,False,False
254293690,18.37,43.86,False,False
254293854,18.38,43.86,False,False
254294148,18.36,43.86,False,False
254294150,18.36,43.86,False,False
254295590,18.36,43.85,False,True
254311379,18.42,43.86,False,False
254311384,18.43,43.86,False,False
254311395,18.43,43.86,False,False
254311399,18.43,43.87,False,False
254312439,18.44,43.86,False,False
254312442,18.43,43.86,False,False
254312727,18.43,43.87,False,False
254312733,18.43,43.87,False,False
254313294,18.43,43.87,False,False
254313301,18.43,43.87,False,False
254313302,18.43,43.87,False,False
254313929,18.42,43.87,False,False
254313932,18.42,43.87,False,False
254314192,18.42,43.88,False,False
254314195,18.43,43.88,False,False
254315020,18.41,43.88,False,False
254315236,18.41,43.88,False,False
254315237,18.41,43.88,False,False
254315246,18.41,43.88,False,False
254316770,18.43,43.87,False,False
254316810,18.43,43.87,False,False
254316813,18.43,43.87,False,False
254316817,18.43,43.87,False,False
254316820,18.43,43.88,False,False
254317068,18.43,43.88,False,False
254317913,18.41,43.86,False,False
254317940,18.41,43.86,False,False
254318104,18.42,43.86,False,False
254318577,18.42,43.87,False,False
254318578,18.42,43.87,False,False
254319245,18.42,43.87,False,False
254348299,18.43,43.86,False,False
254348821,18.43,43.86,False,False
254348880,18.43,43.86,False,False
254349044,18.43,43.86,False,False
254349047,18.43,43.86,False,False
254349412,18.43,43.86,False,False
254349586,18.43,43.86,False,False
254349588,18.43,43.86,False,False
254964591,18.41,43.86,False,False
254971816,18.43,43.86,False,False
254972783,18.43,43.86,False,False
254972798,18.44,43.86,False,False
254978262,18.44,43.86,False,False
254978265,18.44,43.86,False,False
254979328,18.44,43.86,False,False
254980460,18.44,43.86,False,False
254980639,18.44,43.86,False,False
254983068,18.44,43.86,False,False
254983070,18.44,43.86,False,False
254983860,18.44,43.86,False,False
254983862,18.44,43.86,False,False
254984539,18.44,43.87,False,False
254985081,18.44,43.86,False,False
254985568,18.44,43.86,False,False
254985570,18.44,43.86,False,False
254985650,18.44,43.86,False,False
254986070,18.44,43.86,False,False
254986071,18.44,43.86,False,False
254986217,18.44,43.86,False,False
254986289,18.44,43.86,False,False
254986397,18.44,43.86,False,False
254986652,18.44,43.86,False,False
254987339,18.44,43.86,False,False
254987427,18.44,43.86,False,False
254987756,18.44,43.86,False,False
254988085,18.44,43.86,False,False
254988565,18.44,43.86,False,False
254989035,18.44,43.86,False,False
254989073,18.44,43.87,False,False
254989349,18.44,43.87,False,False
254989351,18.44,43.87,False,False
254989352,18.44,43.87,False,False
254989724,18.44,43.87,False,False
254990421,18.44,43.86,False,False
254991018,18.44,43.87,False,False
254991027,18.43,43.87,False,False
254992102,18.43,43.87,False,False
254993699,18.44,43.86,False,False
254994395,18.45,43.86,False,False
254994551,18.44,43.86,False,False
254994555,18.45,43.86,False,False
254994561,18.44,43.86,False,False
254994844,18.44,43.87,False,False
254994849,18.44,43.87,False,False
254995115,18.44,43.86,False,False
254999268,18.42,43.87,False,False
254999884,18.42,43.87,False,False
255000072,18.42,43.87,False,False
256372168,18.43,43.87,False,False
256372413,18.41,43.86,False,False
256374890,18.42,43.86,False,False
256375134,18.42,43.86,False,False
256384975,18.38,43.86,False,False
256385076,18.38,43.85,False,False
256385098,18.38,43.86,False,False
256385439,18.38,43.86,False,False
256385475,18.38,43.85,False,False
256385506,18.38,43.85,False,False
256385539,18.38,43.86,False,False
256385540,18.38,43.86,False,False
256385659,18.38,43.85,False,False
256385901,18.38,43.86,False,False
256385933,18.38,43.85,False,False
256385936,18.38,43.85,False,False
256385941,18.38,43.85,False,False
256385979,18.38,43.86,False,False
256385992,18.38,43.86,False,False
256386115,18.38,43.86,False,False
256386120,18.38,43.86,False,False
256386823,18.38,43.85,False,False
256387398,18.37,43.85,False,False
256387447,18.37,43.85,False,False
256388596,18.37,43.85,False,False
256390144,18.39,43.85,False,False
256390154,18.39,43.85,False,True
256391294,18.37,43.85,False,False
256391639,18.38,43.85,False,False
256391645,18.38,43.85,False,False
256391659,18.38,43.85,False,False
256391660,18.38,43.85,False,False
256391667,18.38,43.85,False,False
256391812,18.38,43.85,False,False
256391815,18.38,43.85,False,False
256391911,18.38,43.85,False,False
256392460,18.37,43.85,False,False
256392837,18.37,43.85,False,False
256392915,18.37,43.85,False,False
256393585,18.36,43.85,False,False
256393588,18.36,43.85,False,False
256393631,18.37,43.85,False,False
256393699,18.36,43.85,False,False
256393789,18.36,43.85,False,False
256393884,18.36,43.84,False,False
256393885,18.36,43.84,False,False
256394594,18.37,43.84,False,False
256394596,18.37,43.85,False,True
256394693,18.37,43.84,False,False
256394694,18.37,43.84,False,False
256394696,18.37,43.84,False,False
256394699,18.37,43.84,False,False
256394751,18.37,43.84,False,False
256394757,18.37,43.84,False,False
256394758,18.37,43.84,False,False
256396716,18.43,43.86,False,False
256595127,18.4,43.85,False,False
256595153,18.4,43.85,False,False
256595154,18.4,43.85,False,False
256595228,18.4,43.85,False,False
256618680,18.43,43.87,False,False
256618775,18.43,43.87,False,False
256618995,18.43,43.87,False,False
256619118,18.43,43.87,False,False
256619172,18.43,43.87,False,False
256619288,18.42,43.87,False,False
256619907,18.42,43.87,False,False
256619924,18.42,43.87,True,False
256619961,18.42,43.87,False,False
256620279,18.39,43.88,False,False
256756145,18.41,43.85,False,False
256756209,18.41,43.85,False,False
256756598,18.41,43.85,False,False
256756599,18.41,43.85,False,False
256756610,18.41,43.85,False,False
256757168,18.41,43.85,False,False
256757208,18.41,43.85,False,False
256757457,18.41,43.85,False,False
256757525,18.41,43.85,False,False
256757647,18.41,43.85,False,False
256757665,18.4,43.85,False,False
256757666,18.4,43.85,False,False
256757862,18.41,43.85,False,False
256757878,18.4,43.85,False,False
256758029,18.4,43.85,False,False
256758033,18.4,43.85,False,False
256759280,18.4,43.85,False,False
256759282,18.4,43.85,False,False
256759939,18.41,43.85,False,False
256895599,18.43,43.86,False,False
256895943,18.43,43.86,False,False
256896217,18.43,43.86,False,False
256896218,18.43,43.86,False,False
256896804,18.44,43.86,False,False
256896956,18.44,43.86,False,False
256897290,18.44,43.86,False,False
256897294,18.44,43.86,False,False
256897587,18.44,43.86,False,False
256897631,18.44,43.86,False,False
256897859,18.44,43.86,False,False
256897860,18.44,43.86,False,False
256897990,18.44,43.86,False,False
256898159,18.44,43.86,False,False
256898184,18.44,43.86,False,False
256898208,18.44,43.86,False,False
256898573,18.44,43.86,False,False
256898637,18.44,43.86,False,False
256898638,18.44,43.86,False,False
256898924,18.44,43.86,False,False
256898928,18.44,43.86,False,False
256899480,18.44,43.86,False,False
256899482,18.44,43.86,False,False
256899507,18.45,43.86,False,False
256899570,18.44,43.86,False,False
256907008,18.41,43.86,False,False
256907106,18.41,43.86,False,False
257396571,18.38,43.85,False,False
257396572,18.38,43.86,False,False
257396579,18.38,43.86,False,False
257397255,18.38,43.86,False,False
257398155,18.38,43.85,False,False
257398217,18.38,43.85,False,False
257398219,18.38,43.85,False,False
257398301,18.38,43.85,False,False
257398412,18.37,43.85,False,False
257398516,18.38,43.85,False,False
257398702,18.38,43.85,False,False
257398717,18.38,43.85,False,False
257398723,18.38,43.85,False,False
257398732,18.37,43.85,False,False
257708307,18.43,43.86,False,False
257708339,18.43,43.86,False,False
257709127,18.42,43.86,False,False
257709714,18.42,43.86,False,False
257709720,18.42,43.86,False,False
260544003,18.4,43.85,False,False
260544026,18.4,43.85,False,False
260593199,18.41,43.87,False,False
268829663,18.39,43.85,False,False
301371345,18.42,43.85,False,False
301371459,18.42,43.85,False,False
301371531,18.42,43.86,False,False
301371605,18.42,43.85,False,False
301372148,18.42,43.86,False,False
301372614,18.41,43.85,False,False
301372615,18.42,43.85,False,False
301372627,18.42,43.85,False,False
301372900,18.42,43.85,False,False
301372930,18.42,43.85,False,False
301373009,18.42,43.85,False,False
301373060,18.42,43.85,False,False
301373646,18.43,43.85,False,False
301373650,18.43,43.85,False,False
301373738,18.43,43.85,False,False
301373921,18.42,43.85,False,False
301373929,18.42,43.85,False,False
301373930,18.43,43.85,False,False
301374313,18.43,43.85,False,False
301374421,18.43,43.85,False,False
301374457,18.43,43.85,False,False
301374458,18.43,43.85,False,False
301374461,18.43,43.85,False,False
301374462,18.43,43.85,False,False
301380786,18.44,43.86,False,False
301392634,18.35,43.84,False,False
301392650,18.36,43.83,False,False
301392658,18.36,43.84,False,False
301392661,18.36,43.84,False,False
301392664,18.36,43.84,False,False
301393137,18.36,43.84,False,False
301393529,18.36,43.84,False,False
301393547,18.36,43.84,False,False
301393550,18.36,43.84,False,False
301393559,18.36,43.84,False,False
301394524,18.35,43.84,False,False
301394630,18.35,43.84,False,False
301394689,18.36,43.84,False,False
301394691,18.36,43.84,False,False
301394719,18.35,43.84,False,False
301394794,18.35,43.84,False,False
301395501,18.36,43.84,False,False
301395511,18.36,43.84,False,False
301396199,18.36,43.84,False,False
301396727,18.37,43.84,False,False
301397022,18.37,43.84,False,False
301397027,18.37,43.84,False,False
301397265,18.37,43.84,False,False
301398097,18.34,43.84,False,False
301398969,18.34,43.84,False,False
301399229,18.34,43.84,False,False
301430076,18.34,43.84,False,False
301430351,18.34,43.84,False,False
301430352,18.34,43.84,False,False
301430599,18.34,43.83,False,False
301430600,18.34,43.83,False,False
301430683,18.34,43.83,False,False
301430684,18.34,43.83,False,False
301430689,18.34,43.83,False,False
301430787,18.34,43.83,False,False
301430788,18.34,43.83,False,False
301430827,18.33,43.83,False,False
301431015,18.33,43.83,False,False
301431090,18.33,43.83,False,False
301431128,18.33,43.84,False,False
301431690,18.33,43.84,False,False
301431691,18.34,43.84,False,False
301431838,18.34,43.83,False,False
301432559,18.34,43.83,False,False
301432779,18.34,43.83,False,False
301433114,18.34,43.83,False,False
301433116,18.34,43.83,False,False
301433190,18.34,43.83,False,False
301433206,18.34,43.83,False,False
301433698,18.34,43.83,False,False
301433714,18.35,43.83,False,False
301433979,18.35,43.83,False,False
301434001,18.35,43.83,False,False
301434073,18.34,43.83,False,False
301434141,18.34,43.83,False,False
301434384,18.34,43.83,False,False
301434387,18.34,43.83,False,False
301434446,18.35,43.83,False,False
301434921,18.35,43.83,False,False
301434926,18.35,43.83,False,False
301435414,18.35,43.83,False,False
301435542,18.35,43.83,False,True
301436036,18.35,43.83,False,False
301436285,18.35,43.83,False,False
301436287,18.35,43.83,False,False
301436318,18.35,43.83,False,False
301436670,18.35,43.83,False,False
301438288,18.36,43.83,False,False
301438315,18.36,43.83,False,False
301438954,18.35,43.83,False,False
301439097,18.35,43.83,False,False
301439099,18.35,43.83,False,False
301439100,18.35,43.83,False,False
301439690,18.35,43.83,False,False
301442243,18.35,43.83,False,False
301443335,18.35,43.82,False,False
301443648,18.35,43.82,False,False
301443773,18.35,43.82,False,False
301443858,18.35,43.82,False,False
301444189,18.35,43.82,False,False
301444251,18.35,43.82,False,False
301444252,18.35,43.82,False,False
301830194,18.41,43.87,False,False
301831724,18.41,43.86,False,False
301831729,18.41,43.86,False,False
301832919,18.4,43.86,False,False
301833446,18.4,43.87,False,False
301833478,18.4,43.86,False,False
301833683,18.4,43.86,False,False
301833687,18.4,43.86,False,False
301833782,18.4,43.86,False,False
301836785,18.4,43.87,False,False
301836880,18.4,43.87,False,False
301836882,18.4,43.87,False,False
301836994,18.4,43.87,False,False
301836996,18.4,43.87,False,False
301838045,18.39,43.87,False,False
301838505,18.39,43.86,False,False
301838510,18.39,43.86,False,False
301838832,18.39,43.87,False,False
301838850,18.39,43.86,False,False
301838938,18.39,43.86,False,False
301839443,18.39,43.86,False,False
301839449,18.39,43.86,False,False
301839961,18.39,43.86,False,False
301839962,18.39,43.86,False,False
301839964,18.39,43.86,False,False
301842886,18.38,43.86,False,False
301842891,18.38,43.86,False,False
301842893,18.38,43.86,False,False
301842899,18.38,43.86,False,False
301843018,18.38,43.87,False,False
301843706,18.38,43.86,False,False
301843708,18.38,43.86,False,False
301843745,18.38,43.87,False,False
301844576,18.39,43.86,False,False
301844577,18.39,43.86,False,False
301844578,18.39,43.86,False,False
301844581,18.39,43.87,False,False
301844820,18.39,43.86,False,False
301844823,18.39,43.86,False,False
301844827,18.39,43.87,False,False
301844996,18.39,43.87,False,False
301845000,18.39,43.87,False,False
301845017,18.39,43.86,False,False
301845251,18.39,43.86,False,False
301845293,18.39,43.86,False,False
301845531,18.39,43.86,False,False
301845551,18.4,43.87,False,False
301845580,18.4,43.87,False,False
301845718,18.4,43.86,False,False
301845726,18.4,43.86,False,False
301845812,18.39,43.87,False,False
301846409,18.4,43.86,False,False
301846413,18.4,43.86,False,False
301846415,18.4,43.86,False,False
301847115,18.4,43.86,False,False
301847125,18.4,43.86,False,False
301847727,18.39,43.86,False,False
301847730,18.4,43.86,False,False
301847732,18.4,43.86,False,False
301847738,18.4,43.86,False,False
301848837,18.39,43.86,False,False
301848878,18.39,43.86,False,False
301849204,18.39,43.86,False,False
301849210,18.39,43.86,False,False
301849394,18.39,43.86,False,False
301849674,18.39,43.86,False,False
301849924,18.39,43.86,False,False
301850259,18.39,43.86,False,False
301850264,18.39,43.86,False,False
301850994,18.38,43.86,False,False
301851506,18.38,43.86,False,False
301851507,18.38,43.86,False,False
301851512,18.38,43.86,False,False
301851514,18.38,43.86,False,False
301851937,18.39,43.86,False,False
301851944,18.38,43.86,False,False
301851945,18.38,43.86,False,False
301851948,18.38,43.86,False,False
301851960,18.39,43.86,False,False
301852590,18.38,43.86,False,False
301852802,18.38,43.86,False,False
301852811,18.38,43.86,False,False
301852815,18.38,43.86,False,False
301852938,18.39,43.86,False,False
301853141,18.38,43.86,False,False
301853379,18.38,43.86,False,False
301853860,18.38,43.86,False,False
301854063,18.38,43.86,False,False
301854066,18.38,43.86,False,False
301854182,18.38,43.86,False,False
301854712,18.38,43.86,False,False
301854898,18.38,43.86,False,False
301855035,18.38,43.86,False,False
301856091,18.38,43.86,False,False
301856105,18.38,43.86,False,False
301856350,18.37,43.86,False,False
301857601,18.37,43.86,False,False
301857617,18.37,43.86,False,False
301857619,18.37,43.86,False,False
301858246,18.36,43.86,False,False
301858255,18.36,43.86,False,False
301858387,18.36,43.86,False,False
301858452,18.36,43.86,False,False
301858454,18.37,43.86,False,False
301858502,18.37,43.86,False,False
301860889,18.36,43.86,False,False
301860892,18.36,43.86,False,False
301860903,18.36,43.86,False,False
301860913,18.36,43.86,False,False
301860915,18.36,43.86,False,False
301860917,18.36,43.86,False,False
301861178,18.36,43.86,False,False
301861180,18.36,43.86,False,False
301861233,18.36,43.86,False,False
301861437,18.36,43.86,False,False
301862853,18.36,43.86,False,False
301862863,18.36,43.86,False,False
301863402,18.36,43.86,False,False
301863405,18.36,43.86,False,False
301863413,18.36,43.86,False,False
301864221,18.36,43.86,False,False
301864377,18.36,43.86,False,False
301864379,18.36,43.86,False,False
301864567,18.36,43.86,False,False
301864598,18.36,43.86,False,False
301864813,18.36,43.86,False,False
301865447,18.36,43.86,False,False
301865810,18.36,43.86,False,False
301865834,18.36,43.86,False,False
301866052,18.36,43.86,False,False
301866749,18.36,43.85,False,False
301866753,18.36,43.85,False,False
301866765,18.36,43.86,False,False
301867068,18.36,43.85,False,False
301867323,18.36,43.85,False,False
301867330,18.36,43.85,False,False
301867814,18.36,43.86,False,False
301867855,18.35,43.86,False,False
301867947,18.35,43.86,False,False
301867951,18.35,43.86,False,False
301868075,18.36,43.86,False,False
301868248,18.36,43.86,False,False
301868501,18.36,43.86,False,False
301868522,18.36,43.87,False,False
301868524,18.36,43.86,False,False
301868529,18.36,43.86,False,False
301868531,18.36,43.86,False,False
301868619,18.36,43.86,False,False
301868648,18.36,43.86,False,False
301868798,18.36,43.87,False,False
301868953,18.36,43.86,False,False
301869146,18.36,43.86,False,False
301869162,18.36,43.86,False,False
301869165,18.36,43.86,False,False
301869192,18.36,43.86,False,False
301869426,18.36,43.86,False,False
301869427,18.36,43.86,False,False
301869472,18.36,43.86,False,False
301869473,18.36,43.86,False,False
301869474,18.36,43.86,False,False
301869480,18.36,43.86,False,False
301869693,18.36,43.87,False,False
301869694,18.36,43.87,False,False
301869702,18.36,43.86,False,False
301869826,18.36,43.87,False,False
301870471,18.37,43.87,False,False
301870474,18.37,43.87,False,False
301870640,18.37,43.86,False,False
301870645,18.37,43.86,False,False
301870648,18.37,43.86,False,False
301870664,18.37,43.86,False,False
301870826,18.37,43.86,False,False
301871047,18.37,43.86,False,False
301871050,18.37,43.86,False,False
301871153,18.37,43.86,False,False
301871270,18.37,43.86,False,False
301871271,18.37,43.86,False,False
301871275,18.37,43.86,False,False
301871457,18.37,43.86,False,False
301871555,18.36,43.86,False,False
301871557,18.36,43.86,False,False
301871633,18.37,43.86,False,False
301871634,18.37,43.86,False,False
301871636,18.37,43.86,False,False
301871660,18.37,43.86,False,False
301871807,18.37,43.86,False,False
301871814,18.37,43.86,False,False
301873093,18.35,43.86,False,False
301873508,18.35,43.86,False,False
301875895,18.34,43.86,False,False
301877149,18.34,43.85,False,False
301877174,18.34,43.86,False,False
301877176,18.34,43.86,False,False
301877318,18.34,43.86,False,False
301877321,18.34,43.86,False,False
301877701,18.34,43.86,False,False
301878015,18.33,43.86,False,False
301878019,18.33,43.86,False,False
301946145,18.35,43.85,False,False
301946220,18.36,43.85,False,False
301946260,18.35,43.86,False,False
301946264,18.35,43.86,False,False
301946288,18.35,43.86,False,False
301946315,18.35,43.86,False,False
301946394,18.35,43.85,False,False
301946428,18.35,43.85,False,False
301946430,18.35,43.85,False,False
301946437,18.35,43.85,False,False
301946440,18.35,43.85,False,False
301946460,18.35,43.85,False,False
301946461,18.35,43.85,False,False
301946486,18.35,43.85,False,False
301946561,18.35,43.85,False,False
301947110,18.35,43.86,False,False
301947218,18.35,43.86,False,False
301947224,18.35,43.86,False,False
301947228,18.35,43.86,False,False
301947704,18.35,43.86,False,False
301947859,18.35,43.86,False,False
301947861,18.35,43.86,False,False
301947900,18.35,43.86,False,False
301947928,18.35,43.86,False,False
301948001,18.35,43.86,False,False
301948010,18.35,43.86,False,False
301948017,18.35,43.86,False,False
301948049,18.35,43.86,False,False
301948050,18.35,43.86,False,False
301948052,18.35,43.86,False,False
301948111,18.35,43.86,False,False
301948174,18.35,43.86,False,False
301948369,18.35,43.86,False,False
301948416,18.35,43.86,False,False
301948583,18.35,43.86,False,False
301948590,18.35,43.86,False,False
301948705,18.35,43.86,False,False
301948710,18.35,43.86,False,False
301948975,18.35,43.85,False,False
301948991,18.35,43.86,False,False
301949021,18.35,43.86,False,False
301949047,18.35,43.86,False,False
301949049,18.35,43.86,False,False
301949103,18.35,43.86,False,False
301949427,18.35,43.85,False,False
301949429,18.35,43.85,False,False
301949430,18.35,43.85,False,False
301949462,18.35,43.85,False,False
301949466,18.35,43.85,False,False
301949488,18.35,43.85,False,False
301949503,18.35,43.85,False,False
301949504,18.35,43.85,False,False
301949507,18.35,43.85,False,False
301949508,18.35,43.85,False,False
301949518,18.35,43.86,False,False
301949520,18.35,43.85,False,False
301949550,18.35,43.86,False,False
301949552,18.35,43.86,False,False
301949600,18.35,43.85,False,False
301949604,18.35,43.86,False,False
301949636,18.35,43.86,False,False
301949970,18.35,43.86,False,False
301950204,18.35,43.86,False,False
301950207,18.35,43.86,False,False
301950208,18.35,43.86,False,False
301950644,18.35,43.86,False,False
301950670,18.34,43.85,False,False
301950671,18.34,43.85,False,False
301950676,18.34,43.85,False,False
301950692,18.34,43.86,False,False
301950693,18.34,43.85,False,False
301950706,18.34,43.85,False,False
301950763,18.34,43.85,False,False
301950765,18.34,43.86,False,False
301950859,18.34,43.85,False,False
301950860,18.34,43.86,False,False
301950935,18.34,43.86,False,False
301950952,18.34,43.86,False,False
301951715,18.34,43.86,False,False
301951717,18.33,43.86,False,False
301951723,18.33,43.86,False,False
301951724,18.33,43.86,False,False
301951732,18.33,43.86,False,False
301951775,18.33,43.86,False,False
301951779,18.33,43.86,False,False
301952754,18.34,43.86,False,False
301952756,18.34,43.86,False,False
301953018,18.34,43.86,False,False
301953065,18.34,43.86,False,False
301953068,18.34,43.86,False,False
301953073,18.34,43.86,False,False
301953102,18.34,43.86,False,False
301953103,18.34,43.86,False,False
301953147,18.35,43.86,False,False
301953148,18.35,43.86,False,False
301953168,18.35,43.86,False,False
301953511,18.34,43.86,False,False
301953777,18.34,43.86,False,False
301953780,18.34,43.86,False,False
301953805,18.34,43.86,False,False
301953811,18.34,43.86,False,False
301953952,18.34,43.86,False,False
301954086,18.34,43.86,False,False
301954146,18.33,43.85,False,False
301954150,18.33,43.85,False,False
301954177,18.33,43.85,False,False
301954222,18.33,43.85,False,False
301954223,18.34,43.85,False,False
301954258,18.34,43.85,True,False
301954711,18.34,43.86,False,False
301954714,18.34,43.86,False,False
301956958,18.33,43.86,False,False
301957113,18.33,43.86,False,False
301957114,18.33,43.86,False,False
301957315,18.33,43.86,False,False
301957518,18.33,43.86,False,False
301957534,18.33,43.86,False,False
301958032,18.33,43.86,False,False
301958038,18.33,43.86,False,False
301958039,18.33,43.86,False,False
301958041,18.33,43.86,False,False
301958045,18.33,43.86,False,False
301958047,18.33,43.86,False,False
301958094,18.33,43.86,False,False
301958277,18.33,43.86,False,False
301958290,18.33,43.86,False,False
301958295,18.33,43.86,False,False
301958417,18.33,43.86,False,False
301958423,18.33,43.86,False,False
301958520,18.33,43.86,False,False
301958531,18.33,43.86,False,False
301958648,18.33,43.86,False,False
301958712,18.32,43.86,False,False
301958848,18.32,43.86,False,False
301958849,18.32,43.86,False,False
301958863,18.32,43.86,False,False
301958885,18.32,43.86,False,False
301958887,18.32,43.86,False,False
301959108,18.32,43.86,False,False
301959425,18.33,43.86,False,False
301959643,18.32,43.87,False,False
301959761,18.32,43.87,False,False
301959763,18.31,43.87,False,False
301959921,18.32,43.87,False,False
301959927,18.32,43.87,False,False
301959929,18.32,43.87,False,False
301959963,18.32,43.87,False,False
302331462,18.41,43.88,False,False
302332309,18.42,43.88,False,False
302332623,18.41,43.87,False,False
302332628,18.41,43.88,False,False
302332654,18.42,43.88,False,False
302332656,18.42,43.88,False,False
302332984,18.41,43.88,False,False
302332993,18.42,43.88,False,False
302333009,18.42,43.87,False,False
302333567,18.42,43.88,False,False
302333573,18.42,43.88,False,False
302333574,18.42,43.88,False,False
302334605,18.42,43.88,False,False
302334610,18.42,43.88,False,False
302335107,18.42,43.88,False,False
302335125,18.42,43.88,False,False
302335223,18.42,43.88,False,False
302335225,18.42,43.88,False,False
302335424,18.42,43.88,False,False
302335525,18.42,43.88,False,False
302335706,18.42,43.87,False,False
302335708,18.42,43.87,False,False
302335783,18.42,43.87,False,False
302335809,18.42,43.87,False,False
302335840,18.42,43.87,False,False
302335936,18.42,43.87,False,False
302335967,18.42,43.87,False,False
302336201,18.42,43.87,False,False
302336373,18.42,43.87,False,False
302336430,18.42,43.87,False,False
302336510,18.42,43.87,False,False
302336817,18.42,43.87,False,False
302336819,18.42,43.87,False,False
302338341,18.42,43.87,False,False
302338356,18.42,43.87,False,False
302338370,18.42,43.88,False,False
302338391,18.43,43.88,False,False
302339162,18.43,43.87,False,False
302339164,18.43,43.87,False,False
302339168,18.43,43.87,False,False
302339172,18.43,43.88,False,False
302339179,18.43,43.88,False,False
302339183,18.43,43.88,False,False
302339190,18.42,43.88,False,False
302339193,18.42,43.88,False,False
302339200,18.42,43.87,False,False
302339212,18.43,43.87,False,False
302340001,18.43,43.87,False,False
302340159,18.42,43.87,False,False
302340419,18.43,43.87,False,False
302340738,18.43,43.87,False,False
302340804,18.43,43.87,False,False
302340813,18.43,43.87,False,False
302340817,18.43,43.87,False,False
302340820,18.43,43.88,False,False
302341641,18.43,43.87,False,False
302343718,18.43,43.87,False,False
302343906,18.43,43.87,False,False
302344347,18.43,43.87,False,False
309197075,18.43,43.86,False,False
309197234,18.43,43.86,False,False
309197257,18.43,43.86,False,False
310542354,18.44,43.88,False,False
310542466,18.44,43.88,False,False
310543971,18.45,43.89,False,False
310545847,18.45,43.87,False,False
310546141,18.45,43.88,False,False
310546535,18.44,43.87,False,False
310549201,18.42,43.86,False,False
310549236,18.42,43.86,False,False
310549314,18.42,43.86,False,False
310549798,18.42,43.86,False,False
310550868,18.42,43.86,False,False
310550934,18.42,43.86,False,False
310552279,18.42,43.86,False,False
310552342,18.41,43.86,False,False
310552840,18.42,43.87,False,False
313199313,18.4,43.85,False,False
314640862,18.41,43.86,False,False
314640865,18.41,43.86,False,False
314640874,18.41,43.86,False,False
314641469,18.41,43.86,False,False
314641575,18.4,43.86,False,False
314641602,18.4,43.86,False,False
314641632,18.4,43.86,False,False
316054613,18.4,43.85,False,False
316054951,18.39,43.85,False,False
316055289,18.4,43.85,False,False
316055298,18.4,43.85,False,False
316055367,18.4,43.85,False,False
316055368,18.4,43.85,False,False
316055371,18.4,43.85,False,False
316055374,18.4,43.85,False,False
316055525,18.41,43.85,False,False
316056851,18.37,43.85,False,True
316056921,18.37,43.85,False,False
316056928,18.37,43.84,False,False
316057012,18.37,43.85,False,False
316057014,18.37,43.85,False,False
316057020,18.38,43.84,False,False
316057070,18.38,43.84,False,False
316057071,18.38,43.84,False,False
316057112,18.38,43.84,False,False
316057114,18.38,43.84,False,False
316057123,18.38,43.84,False,False
316057125,18.38,43.84,False,False
316057334,18.38,43.84,False,False
316057469,18.38,43.84,False,False
316057511,18.38,43.84,False,False
316057514,18.38,43.84,False,False
316495559,18.43,43.86,False,False
317631775,18.4,43.88,False,False
317631778,18.4,43.88,False,False
317631808,18.39,43.88,False,False
317631812,18.4,43.88,False,False
317631915,18.4,43.88,False,False
317631994,18.4,43.88,False,False
317632085,18.4,43.88,False,False
317632516,18.4,43.88,False,False
317632796,18.4,43.88,False,False
317632797,18.4,43.88,False,False
317633421,18.4,43.88,False,False
317633513,18.4,43.88,False,False
317633765,18.4,43.88,False,False
320044172,18.43,43.85,True,False
320044296,18.43,43.85,False,False
320044299,18.43,43.85,False,False
320044306,18.43,43.85,False,False
320044519,18.43,43.85,False,False
320044620,18.43,43.85,False,False
320044822,18.43,43.85,False,False
320044825,18.43,43.85,False,False
320045101,18.43,43.85,False,False
320048711,18.43,43.86,False,False
320049455,18.43,43.85,False,False
320049762,18.43,43.85,False,False
320049802,18.43,43.85,False,False
320049820,18.43,43.85,False,False
320050383,18.43,43.85,True,False
320050384,18.43,43.85,False,False
320062590,18.43,43.86,False,False
320062704,18.43,43.86,False,False
320062705,18.43,43.86,False,False
320064703,18.43,43.85,False,False
320064805,18.42,43.85,False,False
320065577,18.42,43.85,False,False
320067944,18.42,43.85,False,False
320068032,18.42,43.85,False,False
320068034,18.42,43.85,False,False
320070413,18.41,43.85,False,False
320070414,18.41,43.85,False,False
320070948,18.41,43.86,False,False
320312106,18.35,43.83,False,False
320312956,18.35,43.83,False,False
320324939,18.33,43.83,False,False
320977904,18.42,43.87,False,False
320977905,18.42,43.87,False,False
320978530,18.42,43.87,False,False
320978602,18.42,43.87,False,False
320979357,18.43,43.87,False,False
320981768,18.43,43.86,False,False
320981769,18.43,43.86,True,False
320981771,18.43,43.86,False,False
320981774,18.43,43.86,False,False
338694464,18.27,43.89,False,False
338694471,18.27,43.89,False,False
338694500,18.26,43.89,False,False
338694505,18.26,43.89,False,False
346286013,18.44,43.85,False,False
355859522,18.31,43.88,False,False
355860086,18.3,43.87,False,False
355860636,18.3,43.87,False,False
361419456,18.41,43.88,False,False
361419733,18.41,43.88,False,False
361419786,18.41,43.89,False,False
361420257,18.41,43.88,False,False
361420260,18.41,43.88,False,False
361420686,18.41,43.88,False,False
361421463,18.41,43.88,False,False
361421806,18.41,43.89,False,False
361421809,18.41,43.89,False,False
361421811,18.41,43.89,False,False
361421816,18.41,43.89,False,False
361423666,18.41,43.89,False,False
361423720,18.41,43.89,False,False
361423749,18.4,43.89,False,False
361423824,18.41,43.89,False,False
361423825,18.41,43.89,False,False
361423926,18.41,43.89,False,False
361423927,18.41,43.89,False,False
361423928,18.41,43.89,False,False
361425285,18.41,43.89,False,False
361425944,18.41,43.89,False,False
361425948,18.41,43.89,False,False
361426147,18.41,43.9,False,False
361426401,18.41,43.9,False,False
361426406,18.41,43.9,False,False
361426411,18.42,43.9,False,False
361426415,18.42,43.9,False,False
361426419,18.42,43.9,False,False
361426428,18.42,43.9,False,False
361426534,18.41,43.89,False,False
361427135,18.4,43.9,False,False
361427154,18.4,43.9,False,False
361427184,18.39,43.9,False,False
361427486,18.39,43.9,False,False
361427500,18.39,43.9,False,False
361428205,18.4,43.9,False,False
361428229,18.4,43.91,False,False
361428567,18.4,43.9,False,False
361429375,18.39,43.9,False,False
361430518,18.4,43.9,False,False
361431045,18.4,43.9,False,False
361433259,18.39,43.89,False,False
361433572,18.39,43.9,False,False
361433581,18.39,43.9,False,False
361439882,18.42,43.89,False,False
361440464,18.42,43.89,False,False
361440587,18.42,43.89,False,False
361440589,18.41,43.89,False,False
361440591,18.41,43.89,False,False
361440592,18.41,43.89,False,False
361440613,18.41,43.89,False,False
361440616,18.41,43.89,False,False
386167494,18.4,43.88,False,False
386167499,18.39,43.88,False,False
386876082,18.43,43.85,False,False
386876086,18.43,43.85,False,False
386876097,18.43,43.85,False,False
386876167,18.44,43.85,False,False
386876168,18.43,43.85,False,False
386876182,18.44,43.85,False,False
386876193,18.44,43.85,False,False
386876195,18.44,43.85,False,False
386876211,18.44,43.85,False,False
386876214,18.44,43.85,False,False
386876224,18.44,43.85,False,False
386876234,18.44,43.85,False,False
386876240,18.44,43.85,True,False
386876263,18.43,43.85,False,False
386876265,18.43,43.85,False,False
386876269,18.43,43.85,False,False
386876279,18.43,43.85,False,False
386876282,18.43,43.85,False,False
386876293,18.43,43.85,False,False
386876297,18.43,43.85,False,False
386876298,18.43,43.85,False,False
386876301,18.43,43.85,False,False
386878716,18.44,43.85,False,False
386878737,18.44,43.85,False,False
386878762,18.44,43.85,False,False
386878784,18.44,43.85,False,False
386878809,18.44,43.85,False,False
386878821,18.44,43.85,False,False
386878911,18.44,43.85,False,False
386878919,18.43,43.85,False,False
386878929,18.43,43.85,False,False
386878950,18.43,43.85,False,False
386878959,18.43,43.85,False,False
386883755,18.43,43.85,False,False
386883758,18.43,43.85,False,False
386883760,18.43,43.85,False,False
386883761,18.43,43.85,False,False
386883772,18.43,43.85,False,False
386883790,18.43,43.85,False,False
386883800,18.43,43.85,False,False
386883802,18.43,43.85,False,False
386883834,18.43,43.85,False,False
386883896,18.43,43.85,False,False
386883900,18.43,43.85,False,False
386883903,18.43,43.85,False,False
386883909,18.43,43.85,False,False
386883930,18.43,43.85,False,False
386883951,18.43,43.85,False,False
386889472,18.43,43.85,False,False
386889501,18.43,43.85,False,False
386889508,18.43,43.85,False,False
386889549,18.43,43.85,False,False
386889555,18.44,43.85,False,False
386889571,18.44,43.85,False,False
386889656,18.44,43.85,False,False
386889709,18.44,43.85,False,False
386889723,18.44,43.85,False,False
386889734,18.44,43.85,False,False
386889752,18.44,43.85,False,False
386889822,18.44,43.85,False,False
386889824,18.44,43.85,False,False
386889833,18.44,43.86,False,False
386889908,18.44,43.86,False,False
386889916,18.44,43.86,False,False
386889919,18.44,43.86,False,False
386889927,18.44,43.86,False,False
386896646,18.44,43.86,False,False
386896683,18.44,43.85,False,False
386896696,18.44,43.85,False,False
386896722,18.45,43.85,False,False
386896729,18.45,43.85,False,False
386896753,18.44,43.85,False,False
386896764,18.44,43.86,False,False
386896811,18.44,43.86,False,False
386896829,18.44,43.85,False,False
386896853,18.44,43.85,False,False
386899603,18.45,43.85,False,False
386899618,18.44,43.85,False,False
386899623,18.44,43.85,False,False
386899627,18.45,43.85,False,False
386899644,18.44,43.85,False,False
386899672,18.44,43.85,False,False
386899685,18.44,43.85,False,False
386899715,18.45,43.85,False,False
386899733,18.44,43.85,False,False
386899747,18.45,43.85,False,False
386903251,18.45,43.85,False,False
386903265,18.45,43.85,False,False
386903301,18.45,43.85,False,False
386903302,18.45,43.85,False,False
386903340,18.46,43.85,False,False
386903342,18.46,43.85,False,False
387423704,18.45,43.85,False,False
387423839,18.45,43.85,False,False
387431579,18.46,43.85,False,False
387431669,18.45,43.85,False,False
387431698,18.45,43.85,False,False
387431732,18.45,43.85,False,False
387431738,18.45,43.85,False,False
387431742,18.45,43.85,False,False
387431754,18.45,43.85,False,False
388217312,18.44,43.84,False,False
388217612,18.45,43.84,False,False
388276567,18.43,43.85,False,False
388276604,18.43,43.85,False,False
388276605,18.43,43.85,False,False
388276610,18.43,43.85,False,False
388276613,18.43,43.85,False,False
388276615,18.43,43.85,False,False
388276840,18.43,43.85,False,False
388276844,18.43,43.85,False,False
388276847,18.43,43.85,False,False
388276849,18.42,43.85,False,False
388276886,18.42,43.85,True,False
388276924,18.42,43.85,False,False
388276928,18.43,43.85,False,False
388276939,18.43,43.85,False,False
388276945,18.43,43.85,False,False
388276953,18.43,43.85,False,False
388276973,18.43,43.85,False,False
388276983,18.43,43.85,False,False
388277019,18.43,43.85,False,False
388277021,18.43,43.85,False,False
388277024,18.43,43.85,False,False
388277082,18.43,43.85,False,False
388277087,18.43,43.85,False,False
388277126,18.43,43.85,False,False
388277161,18.42,43.85,False,False
388277166,18.42,43.85,False,False
388277168,18.42,43.85,False,False
388277198,18.42,43.85,False,False
388277254,18.42,43.85,False,False
388277306,18.42,43.85,False,False
388277319,18.42,43.85,False,False
388277334,18.42,43.85,False,False
388277340,18.42,43.85,False,False
388277350,18.42,43.85,False,False
388277369,18.42,43.85,False,False
388277378,18.43,43.85,False,False
388277383,18.43,43.85,False,False
388277513,18.43,43.85,False,False
388277519,18.43,43.85,False,False
388277534,18.43,43.85,False,False
388277643,18.42,43.85,False,False
388277664,18.42,43.85,False,False
388277720,18.42,43.85,False,False
388277762,18.42,43.85,False,False
388277802,18.42,43.85,False,False
388277973,18.41,43.85,False,False
388277990,18.42,43.85,False,False
388278007,18.42,43.85,False,False
388278071,18.42,43.85,False,False
388278111,18.41,43.85,False,False
388278149,18.42,43.85,False,False
388278151,18.41,43.85,False,False
388278153,18.41,43.85,False,False
388278166,18.41,43.85,False,False
388278181,18.42,43.85,False,False
388278189,18.42,43.85,False,False
388278194,18.42,43.85,False,False
388278203,18.41,43.85,False,False
388278204,18.41,43.85,False,False
388278208,18.41,43.85,False,False
388278209,18.41,43.85,False,False
388278296,18.41,43.84,False,False
388278329,18.41,43.84,False,False
388278703,18.41,43.85,False,False
459145015,18.37,43.84,False,False
459145028,18.37,43.84,False,False
459145035,18.37,43.84,False,False
469167673,18.39,43.88,False,False
469167674,18.39,43.88,False,False
469167686,18.39,43.88,False,False
469167688,18.39,43.88,False,False
469167691,18.39,43.88,False,False
469167701,18.39,43.88,False,False
469167704,18.39,43.88,False,False
471179850,18.28,43.87,False,False
471179885,18.27,43.87,False,False
471179897,18.27,43.87,False,False
471179899,18.28,43.87,False,False
471179901,18.28,43.87,False,False
471179905,18.28,43.87,False,False
471179908,18.28,43.87,False,False
471179951,18.28,43.87,False,False
471179959,18.28,43.87,False,False
471179969,18.28,43.87,False,False
471179970,18.28,43.87,False,False
471179972,18.28,43.87,False,False
471179983,18.28,43.88,False,False
471179988,18.28,43.88,False,False
471179993,18.28,43.88,False,False
471180009,18.27,43.88,False,False
471180015,18.27,43.88,False,False
471180029,18.28,43.88,False,False
471180093,18.27,43.88,False,False
471180122,18.27,43.88,False,False
471180150,18.27,43.88,False,False
471180158,18.27,43.88,False,False
471180169,18.27,43.88,False,False
471180178,18.27,43.88,False,False
471180183,18.27,43.88,False,False
471180197,18.27,43.89,False,False
471180215,18.27,43.89,False,False
471180230,18.27,43.89,False,False
471180753,18.29,43.88,False,False
471180754,18.3,43.88,False,False
471180782,18.29,43.87,False,False
471180789,18.29,43.87,False,False
471180797,18.29,43.87,False,False
471180869,18.28,43.87,False,False
471180886,18.28,43.87,False,False
471180891,18.28,43.87,False,False
471180893,18.28,43.87,False,False
471180904,18.28,43.87,False,False
471180915,18.28,43.87,False,False
471180927,18.28,43.87,False,False
471180979,18.28,43.88,False,False
471181244,18.29,43.88,False,False
471181347,18.28,43.88,False,False
471181401,18.28,43.88,False,False
471181751,18.28,43.88,False,False
471182185,18.29,43.88,False,False
471182439,18.29,43.88,False,False
471182571,18.29,43.88,False,False
471182651,18.29,43.88,False,False
471182653,18.29,43.88,False,False
471182654,18.29,43.88,False,False
471182672,18.29,43.88,False,False
471182673,18.29,43.88,False,False
471182683,18.29,43.89,False,False
471182686,18.29,43.89,False,False
471182909,18.29,43.89,False,False
471182941,18.29,43.88,False,False
471182945,18.29,43.88,False,False
471182947,18.29,43.88,False,False
471182968,18.29,43.88,False,False
471182977,18.29,43.88,False,False
471183211,18.28,43.89,False,False
471183266,18.28,43.89,False,False
471183292,18.28,43.89,False,False
471183295,18.28,43.89,False,False
471183304,18.28,43.88,False,False
471183312,18.28,43.89,False,False
471183363,18.28,43.89,False,False
471183379,18.28,43.89,False,False
471183393,18.28,43.89,False,False
471183405,18.28,43.89,False,False
471183721,18.28,43.89,False,False
471183757,18.27,43.89,False,False
471183764,18.26,43.89,False,False
471183796,18.28,43.88,False,False
471183822,18.28,43.88,False,False
471183955,18.28,43.89,False,False
471184220,18.27,43.89,False,False
471184259,18.27,43.88,False,False
471184295,18.28,43.88,False,False
471184327,18.28,43.88,False,False
471184353,18.28,43.88,False,False
471184354,18.28,43.88,False,False
471184357,18.28,43.88,False,False
471184362,18.28,43.88,False,False
471184383,18.27,43.88,False,False
471184439,18.27,43.88,False,False
471185061,18.27,43.88,False,False
471185064,18.27,43.88,False,False
471185126,18.27,43.88,False,False
471316428,18.27,43.88,False,False
471316436,18.27,43.88,False,False
471316459,18.27,43.87,False,False
471316465,18.27,43.88,False,False
471316473,18.27,43.87,False,False
471316477,18.28,43.87,False,False
471316481,18.28,43.87,False,False
471316488,18.28,43.87,False,False
471316491,18.28,43.87,False,False
471316494,18.28,43.87,False,False
471316496,18.28,43.87,False,False
471316500,18.28,43.87,False,False
471316502,18.28,43.87,False,False
471316504,18.28,43.87,False,False
471316510,18.28,43.87,False,False
471316516,18.28,43.87,False,False
471316519,18.28,43.87,False,False
471316528,18.28,43.88,False,False
471316536,18.28,43.87,False,False
471316540,18.28,43.88,False,False
471316543,18.28,43.87,False,False
471316551,18.28,43.88,False,False
471316561,18.28,43.88,False,False
471316582,18.28,43.88,False,False
471316586,18.28,43.88,False,False
471316602,18.28,43.88,False,False
471412801,18.43,43.87,False,False
471412927,18.43,43.87,False,False
471412950,18.43,43.87,False,False
471412954,18.43,43.87,False,False
471412967,18.43,43.87,False,False
471413009,18.43,43.87,False,False
471413011,18.43,43.87,False,False
471413017,18.43,43.87,False,False
471413031,18.43,43.87,False,False
471413051,18.43,43.87,False,False
471413081,18.43,43.87,False,False
471413141,18.43,43.86,False,False
471413278,18.43,43.87,False,False
471622889,18.33,43.85,False,False
492688988,18.47,43.89,False,False
492690507,18.47,43.88,False,False
492693558,18.47,43.88,False,False
492693583,18.47,43.88,False,False
527364691,18.42,43.89,False,False
527364694,18.42,43.89,False,False
527364697,18.42,43.89,False,False
527364723,18.42,43.89,False,False
567542727,18.37,43.85,False,False
567542729,18.37,43.85,False,False
567892374,18.37,43.85,False,False
574598852,18.42,43.88,False,False
574605802,18.42,43.88,False,False
574605848,18.42,43.88,False,False
574605860,18.42,43.88,False,False
574605880,18.42,43.88,False,False
574872170,18.43,43.88,False,False
574872379,18.44,43.9,False,False
574872448,18.43,43.89,False,False
574960799,18.42,43.89,False,False
574960800,18.42,43.89,False,False
574960801,18.42,43.89,False,False
574960807,18.42,43.89,False,False
574960838,18.41,43.9,False,False
574960848,18.41,43.9,False,False
574960867,18.41,43.91,False,False
574960886,18.42,43.89,False,False
574960922,18.43,43.89,False,False
583505572,18.41,43.86,False,False
583505637,18.41,43.86,False,False
583589709,18.41,43.86,False,False
614457182,18.34,43.85,False,False
614457185,18.34,43.86,False,False
614457187,18.34,43.86,False,False
628650035,18.39,43.84,False,False
628650048,18.39,43.84,False,False
628650049,18.39,43.85,False,False
628650071,18.39,43.84,False,False
633166259,18.43,43.86,False,False
654038317,18.42,43.86,False,False
658735858,18.43,43.86,False,False
673754246,18.42,43.86,False,False
686454183,18.43,43.86,False,False
686454269,18.43,43.86,False,False
686454270,18.43,43.86,False,False
736707400,18.34,43.83,False,False
739119192,18.43,43.87,False,False
739119197,18.44,43.87,False,False
739119201,18.44,43.87,False,False
739466559,18.32,43.87,False,False
739466583,18.32,43.87,False,False
773003993,18.37,43.85,False,False
847937525,18.4,43.84,False,False
847937526,18.4,43.84,True,False
904972369,18.42,43.85,False,False
914229482,18.36,43.85,False,False
914230712,18.36,43.86,False,False
914232924,18.36,43.86,False,False
914251748,18.36,43.85,False,False
914251754,18.36,43.85,False,False
914251755,18.36,43.85,False,False
914251762,18.36,43.85,False,False
914251763,18.36,43.85,False,False
914261154,18.35,43.85,False,False
914261181,18.35,43.85,False,False
915410552,18.4,43.87,False,False
928124045,18.38,43.85,False,False
942075542,18.38,43.85,False,False
956431024,18.43,43.88,False,False
956431041,18.43,43.88,False,False
956431042,18.43,43.88,False,False
968604723,18.42,43.86,False,False
1021656060,18.38,43.84,False,False
1021656061,18.38,43.84,False,False
1021656072,18.38,43.84,False,False
1021656079,18.38,43.84,False,False
1021656114,18.38,43.84,False,False
1021657451,18.38,43.84,False,False
1021657496,18.38,43.84,False,False
1021657499,18.38,43.84,False,False
1021665999,18.39,43.85,False,False
1021671113,18.38,43.84,False,False
1021671119,18.38,43.84,False,False
1021671125,18.38,43.84,False,False
1021671129,18.39,43.84,False,False
1021671131,18.39,43.84,False,False
1021671138,18.39,43.84,False,False
1021671142,18.39,43.84,False,False
1021671151,18.39,43.84,False,False
1021671162,18.39,43.84,False,False
1021671166,18.39,43.84,False,False
1021671183,18.39,43.84,False,False
1021671188,18.39,43.84,False,False
1021674259,18.38,43.84,False,False
1021674276,18.38,43.84,False,False
1056303203,18.36,43.86,False,False
1056303233,18.36,43.86,False,False
1056303332,18.37,43.86,False,False
1056303409,18.37,43.86,False,False
1056303423,18.37,43.86,False,False
1056303444,18.36,43.86,False,False
1056303451,18.36,43.86,False,False
1056303517,18.37,43.86,False,False
1056303603,18.36,43.86,False,False
1066506035,18.4,43.86,False,False
1066871499,18.37,43.85,False,False
1066871516,18.37,43.85,False,False
1067800966,18.37,43.85,False,False
1097273806,18.38,43.85,False,False
1098016001,18.36,43.86,False,False
1130894663,18.43,43.88,False,False
1130903101,18.43,43.87,False,False
1130930986,18.43,43.87,False,False
1137565316,18.36,43.84,False,False
1180320965,18.44,43.9,False,False
1194129769,18.37,43.85,False,False
1231455806,18.35,43.83,False,False
1231455849,18.35,43.83,False,False
1231480275,18.35,43.83,False,True
1231480281,18.34,43.84,False,True
1231480285,18.34,43.84,False,True
1231487707,18.34,43.84,False,True
1231487712,18.34,43.85,False,False
1232368137,18.35,43.83,False,False
1248283481,18.35,43.84,False,False
1248290377,18.34,43.84,False,False
1248290381,18.34,43.84,False,False
1248414251,18.34,43.83,False,False
1276411996,18.4,43.89,False,False
1276412037,18.4,43.89,False,False
1276412062,18.4,43.9,False,False
1276412093,18.4,43.91,False,False
1276412143,18.41,43.91,False,False
1276412155,18.41,43.91,False,False
1276412228,18.39,43.92,False,False
1276437793,18.4,43.85,False,False
1277557036,18.42,43.86,False,False
1300528007,18.31,43.87,False,False
1300528022,18.31,43.87,False,False
1300528051,18.31,43.87,False,False
1300541821,18.33,43.86,False,False
1300613239,18.38,43.85,False,False
1300613242,18.37,43.85,False,False
1300613248,18.38,43.85,False,False
1300613250,18.37,43.85,False,False
1300777506,18.29,43.87,False,False
1300895487,18.37,43.85,False,False
1313637311,18.4,43.87,False,False
1313637325,18.41,43.87,False,False
1324141761,18.32,43.88,False,False
1326271878,18.4,43.87,False,False
1326271891,18.39,43.87,False,False
1326818619,18.39,43.86,False,False
1326818621,18.39,43.86,False,False
1326827106,18.4,43.87,False,False
1326827124,18.4,43.87,False,False
1326827141,18.4,43.87,False,False
1326827144,18.4,43.87,False,False
1326827146,18.4,43.87,False,False
1326827161,18.39,43.87,False,False
1326827174,18.4,43.87,False,False
1326827188,18.38,43.86,False,False
1326827196,18.4,43.87,False,False
1327335090,18.39,43.86,False,False
1327335091,18.39,43.86,False,False
1327337184,18.39,43.86,False,False
1327337186,18.39,43.86,False,False
1327337190,18.39,43.86,False,False
1327337229,18.39,43.86,False,False
1327342765,18.4,43.87,False,False
1327342766,18.4,43.87,False,False
1327342769,18.4,43.87,False,False
1327342771,18.4,43.87,False,False
1327342774,18.4,43.87,False,False
1327342775,18.4,43.87,False,False
1327352990,18.38,43.86,False,False
1327352991,18.39,43.86,False,False
1327352992,18.39,43.86,False,False
1333770390,18.38,43.86,False,False
1333770391,18.38,43.86,False,False
1333770397,18.38,43.86,False,False
1333770402,18.38,43.86,False,False
1333770410,18.39,43.87,False,False
1333770417,18.39,43.86,False,False
1333770419,18.38,43.86,False,False
1333770421,18.39,43.86,False,False
1333770425,18.38,43.86,False,False
1333770430,18.39,43.86,False,False
1333770433,18.38,43.86,False,False
1333770435,18.39,43.86,False,False
1333834360,18.4,43.86,False,False
1333834368,18.4,43.87,False,False
1333834374,18.4,43.87,False,False
1333834376,18.4,43.87,False,False
1333834379,18.39,43.86,False,False
1333834382,18.4,43.87,False,False
1333834386,18.39,43.86,False,False
1333834387,18.4,43.87,False,False
1333834398,18.4,43.87,False,False
1333834400,18.4,43.87,False,False
1333834402,18.4,43.86,False,False
1333834403,18.39,43.86,False,False
1333834409,18.4,43.87,False,False
1333834415,18.4,43.87,False,False
1333834422,18.4,43.87,False,False
1333834423,18.4,43.87,False,False
1333834427,18.4,43.87,False,False
1333834437,18.4,43.87,False,False
1333834441,18.4,43.87,False,False
1333834445,18.4,43.86,False,False
1333834451,18.4,43.87,False,False
1333834453,18.4,43.87,False,False
1334621157,18.39,43.87,False,False
1334621167,18.39,43.87,False,False
1334621170,18.39,43.87,False,False
1334621174,18.39,43.87,False,False
1334621642,18.39,43.87,False,False
1334621643,18.39,43.87,False,False
1334621645,18.39,43.87,False,False
1334621649,18.39,43.87,False,False
1337086327,18.38,43.87,False,False
1363625667,18.38,43.84,False,False
1363625668,18.38,43.84,False,False
1363680965,18.38,43.84,False,False
1363680969,18.38,43.84,False,False
1363680973,18.38,43.85,False,False
1363680975,18.38,43.84,False,False
1363680978,18.38,43.85,False,False
1363680982,18.38,43.84,False,False
1363680983,18.38,43.84,False,False
1363680989,18.38,43.84,False,False
1363739538,18.38,43.85,False,False
1363739542,18.38,43.84,False,False
1363739546,18.38,43.85,False,False
1363739553,18.38,43.84,False,False
1363739554,18.39,43.84,False,False
1363739555,18.38,43.84,False,False
1363739557,18.38,43.84,False,False
1363739559,18.38,43.85,False,False
1363821562,18.39,43.84,False,False
1363821575,18.39,43.85,False,False
1363821581,18.39,43.85,False,False
1363821587,18.39,43.84,False,False
1363821593,18.39,43.85,False,False
1363821605,18.39,43.84,False,False
1365076748,18.38,43.85,False,False
1365076750,18.38,43.85,False,False
1365076752,18.38,43.85,False,False
1365076759,18.38,43.85,False,False
1365076761,18.38,43.85,False,False
1365076764,18.38,43.84,False,False
1365076768,18.38,43.84,False,False
1365076769,18.38,43.85,False,False
1365076774,18.38,43.85,False,False
1365076775,18.38,43.85,False,False
1365076779,18.38,43.85,False,False
1365076784,18.38,43.84,False,False
1365076790,18.38,43.85,False,False
1365076797,18.38,43.85,False,False
1365076798,18.38,43.84,False,False
1365076799,18.38,43.85,False,False
1365077649,18.38,43.85,False,False
1365350438,18.39,43.85,False,False
1365350443,18.39,43.84,False,False
1365350444,18.38,43.85,False,False
1365350445,18.38,43.84,False,False
1365350456,18.38,43.85,False,False
1365350459,18.38,43.85,False,False
1365350465,18.38,43.84,False,False
1365350466,18.38,43.85,False,False
1365350486,18.38,43.85,False,False
1365350488,18.39,43.84,False,False
1365350489,18.38,43.85,False,False
1365350492,18.39,43.84,False,False
1365350493,18.39,43.84,False,False
1365350497,18.38,43.84,False,False
1365350498,18.38,43.84,False,False
1367208894,18.39,43.85,False,False
1367350274,18.38,43.85,False,False
1367350375,18.38,43.85,False,True
1372037167,18.4,43.85,False,False
1372065638,18.41,43.85,False,False
1382532387,18.43,43.87,False,False
1383425989,18.43,43.86,False,False
1383522734,18.37,43.84,False,False
1383527462,18.37,43.84,False,False
1383527467,18.37,43.84,False,False
1383527469,18.37,43.84,False,False
1384039543,18.45,43.88,False,False
1391585704,18.38,43.85,False,False
1392058408,18.39,43.85,False,False
1392058421,18.39,43.85,False,False
1392140853,18.39,43.85,False,False
1392140856,18.39,43.85,False,False
1392140868,18.39,43.85,False,False
1392140870,18.39,43.85,False,False
1392163967,18.39,43.84,False,False
1392163975,18.39,43.84,False,False
1392163978,18.39,43.84,False,False
1392163980,18.39,43.84,False,False
1392163981,18.38,43.84,False,False
1392163987,18.39,43.84,False,False
1392818655,18.38,43.84,False,False
1392818667,18.38,43.84,False,False
1392818675,18.38,43.84,False,False
1392818685,18.38,43.84,False,False
1392818690,18.38,43.85,False,False
1397581624,18.39,43.85,False,False
1397581626,18.39,43.85,False,False
1397581628,18.39,43.85,False,False
1397581670,18.39,43.85,False,False
1397581674,18.39,43.85,False,False
1397581676,18.39,43.85,False,False
1397581797,18.39,43.85,False,False
1397581802,18.39,43.85,False,False
1404317173,18.36,43.84,False,False
1404335836,18.4,43.87,False,False
1404339469,18.41,43.87,False,False
1404342660,18.36,43.84,False,False
1404343268,18.36,43.84,False,False
1433977824,18.39,43.84,False,False
1447454516,18.28,43.87,False,False
1448662763,18.43,43.86,False,False
1448662765,18.43,43.86,False,False
1448670619,18.44,43.85,False,False
1448670633,18.44,43.86,False,False
1453974898,18.33,43.89,False,False
1463879299,18.43,43.85,False,False
1463887030,18.44,43.85,False,False
1470608510,18.44,43.86,False,False
1470608512,18.44,43.86,False,False
1472502939,18.33,43.87,False,False
1472502940,18.33,43.87,False,False
1472504929,18.32,43.87,False,False
1474109701,18.45,43.86,False,False
1474113337,18.45,43.87,False,False
1474113373,18.45,43.86,False,False
1474113389,18.45,43.86,False,False
1474114372,18.45,43.86,False,False
1474116837,18.45,43.86,False,False
1474118433,18.45,43.87,False,False
1474121858,18.45,43.87,False,False
1474127531,18.45,43.87,False,False
1474142209,18.45,43.87,False,False
1474142218,18.45,43.87,False,False
1474142260,18.45,43.87,False,False
1474142324,18.45,43.87,False,False
1474142517,18.46,43.88,False,False
1474146856,18.45,43.88,False,False
1474148392,18.45,43.89,False,False
1474148473,18.47,43.89,False,False
1474164446,18.46,43.88,False,False
1474168290,18.48,43.88,False,False
1474168315,18.47,43.88,False,False
1474172079,18.47,43.88,False,False
1474175158,18.47,43.88,False,False
1474182591,18.46,43.88,False,False
1474182613,18.46,43.87,False,False
1474184608,18.46,43.87,False,False
1474193158,18.47,43.87,False,False
1474193161,18.47,43.87,False,False
1474193165,18.47,43.87,False,False
1474972617,18.43,43.87,False,False
1488327050,18.35,43.83,False,False
1488500922,18.44,43.88,False,False
1488509599,18.44,43.87,False,False
1488509603,18.44,43.87,False,False
1488513890,18.44,43.87,False,False
1488513904,18.44,43.87,False,False
1489365626,18.44,43.87,False,False
1489365629,18.44,43.87,False,False
1489365647,18.44,43.87,False,False
1489365648,18.44,43.87,False,False
1490383903,18.43,43.85,False,False
1491400144,18.45,43.87,False,False
1491400148,18.45,43.87,False,False
1497204867,18.45,43.91,False,False
1497204911,18.45,43.9,False,False
1502720209,18.44,43.89,False,False
1502720212,18.44,43.89,False,False
1502720217,18.43,43.89,False,False
1506189722,18.38,43.85,False,False
1506189743,18.38,43.85,False,False
1506189751,18.38,43.85,False,False
1506189769,18.38,43.85,False,False
1506250013,18.39,43.85,False,True
1506250077,18.39,43.85,False,False
1510211577,18.35,43.83,False,False
1510211655,18.35,43.83,False,False
1510308749,18.42,43.86,False,False
1510308751,18.42,43.86,False,False
1544180756,18.4,43.87,False,False
1566947303,18.37,43.85,False,False
1566951685,18.37,43.85,False,False
1566970243,18.37,43.85,False,False
1567018193,18.37,43.85,False,False
1567087825,18.38,43.85,False,False
1567087833,18.38,43.85,False,False
1567087835,18.38,43.85,False,False
1578110326,18.36,43.85,False,False
1579603065,18.42,43.86,False,False
1594343624,18.41,43.86,False,False
1594344041,18.41,43.86,False,False
1598758485,18.39,43.86,False,False
1598758486,18.39,43.86,False,False
1620446894,18.37,43.86,False,False
1620450218,18.37,43.86,False,False
1620450221,18.37,43.86,False,False
1634096869,18.35,43.85,False,False
1634096872,18.36,43.85,False,False
1644192359,18.38,43.86,False,False
1644192383,18.38,43.86,False,False
1679340109,18.39,43.85,False,False
1723267990,18.3,43.87,False,False
1723268041,18.3,43.87,False,False
1728566132,18.34,43.83,False,False
1728566136,18.34,43.83,False,False
1730671885,18.36,43.84,False,False
1730671893,18.36,43.84,False,False
1731624616,18.35,43.83,False,False
1754980497,18.38,43.85,False,False
1754988714,18.38,43.85,False,False
1782883342,18.36,43.86,False,False
1787596253,18.4,43.86,False,False
1787617871,18.4,43.86,False,False
1788617454,18.4,43.86,False,False
1794344202,18.4,43.88,False,False
1794344260,18.4,43.88,False,False
1799326974,18.4,43.85,False,False
1800317394,18.36,43.84,False,False
1800317399,18.35,43.85,False,True
1800317402,18.36,43.84,False,False
1800317405,18.36,43.84,False,False
1800317407,18.36,43.84,False,False
1800317410,18.37,43.85,False,False
1800317417,18.37,43.85,False,False
1800317418,18.37,43.85,False,False
1800317421,18.37,43.85,False,False
1800317425,18.38,43.86,False,False
1800317433,18.41,43.85,False,False
1800317435,18.4,43.85,False,False
1800317437,18.41,43.85,False,False
1800317443,18.44,43.85,False,False
1800317445,18.43,43.86,False,False
1800317447,18.44,43.85,False,False
1800317450,18.43,43.86,False,False
1800317451,18.43,43.85,False,False
1800317456,18.43,43.86,False,False
1800317475,18.41,43.86,False,False
1800317476,18.41,43.86,False,False
1800317481,18.42,43.86,False,False
1800349517,18.35,43.83,False,False
1800349567,18.36,43.83,False,False
1800349607,18.35,43.83,False,False
1800349650,18.35,43.83,False,False
1800349748,18.34,43.84,False,False
1800349832,18.34,43.85,False,False
1800349834,18.34,43.85,False,False
1800349883,18.34,43.85,False,False
1804727608,18.45,43.88,False,False
1804727611,18.45,43.88,False,False
1804727612,18.45,43.87,False,False
1804727614,18.46,43.87,False,False
1804727615,18.46,43.87,False,False
1804727616,18.46,43.88,False,False
1807518375,18.42,43.87,False,True
1828284519,18.44,43.86,False,False
1839324869,18.34,43.84,False,False
1841463881,18.33,43.87,False,False
1841467749,18.33,43.87,False,False
1841467777,18.33,43.87,False,False
1849071719,18.39,43.86,False,False
1849071745,18.4,43.86,False,False
1849071747,18.4,43.86,False,False
1849071756,18.4,43.86,False,False
1849071776,18.39,43.87,False,False
1855819263,18.43,43.85,False,False
1893961021,18.41,43.87,False,False
1893961023,18.41,43.87,False,False
1893962188,18.41,43.87,False,False
1893963657,18.41,43.87,False,False
1899986410,18.42,43.85,False,False
1899986432,18.43,43.85,False,False
1902634308,18.42,43.86,False,False
1906136261,18.41,43.86,False,False
1907031046,18.39,43.88,False,False
1909322734,18.39,43.88,False,False
1909333790,18.33,43.89,False,False
1914243302,18.42,43.87,False,False
1920199859,18.36,43.84,False,False
1922067361,18.41,43.85,False,False
1922067364,18.41,43.85,False,False
1922067366,18.41,43.85,False,False
1922076979,18.42,43.85,False,False
1923856759,18.36,43.85,False,True
1933967150,18.41,43.85,False,False
1936621105,18.34,43.84,False,False
1943572152,18.38,43.86,False,False
1944730721,18.34,43.85,False,False
1944730723,18.34,43.85,False,False
1945100189,18.38,43.85,False,False
1946239102,18.34,43.84,False,False
1946576858,18.34,43.84,False,False
1946584096,18.34,43.84,False,False
1946584128,18.34,43.84,False,False
1946742024,18.4,43.85,False,False
1946742028,18.4,43.85,False,False
1947826941,18.38,43.86,False,False
1947854213,18.39,43.86,False,False
1948136962,18.39,43.85,False,False
1948137500,18.39,43.84,False,False
1948155589,18.38,43.85,False,False
1948155700,18.38,43.84,False,False
1948156124,18.38,43.84,False,False
1948156283,18.38,43.84,False,False
1949723883,18.4,43.88,False,False
1949737034,18.28,43.88,False,False
1952870486,18.36,43.84,False,False
1952910740,18.4,43.87,False,False
1955237888,18.28,43.87,False,False
1955238751,18.28,43.87,False,False
1955245229,18.28,43.88,False,False
1955245230,18.28,43.88,False,False
1955745229,18.35,43.86,False,False
1955745230,18.35,43.86,False,False
1955770138,18.37,43.85,False,False
1955807441,18.41,43.85,False,False
1955811277,18.43,43.85,False,False
1958629838,18.44,43.87,False,False
1958644920,18.38,43.84,False,False
1958644927,18.38,43.84,False,False
1959275833,18.47,43.93,False,False
1962573883,18.38,43.84,False,False
1962574007,18.38,43.84,False,False
1963485092,18.43,43.87,False,False
1969792193,18.35,43.86,False,False
1969792194,18.35,43.85,False,False
1969792195,18.35,43.85,False,False
1969792201,18.35,43.85,False,False
1969792202,18.35,43.85,False,False
1973960017,18.44,43.87,False,False
1978168580,18.35,43.85,False,False
1986466836,18.42,43.86,False,False
1986466842,18.42,43.86,False,False
1986475219,18.42,43.86,False,False
1986767802,18.42,43.86,False,False
1986767807,18.42,43.86,False,False
1986767828,18.42,43.86,False,False
1988920555,18.42,43.86,False,False
1988946496,18.3,43.88,False,False
1988947280,18.29,43.87,False,False
2006674882,18.4,43.85,False,False
2006881382,18.4,43.85,False,False
2008254016,18.43,43.86,False,False
2016324771,18.39,43.85,False,False
2016324989,18.4,43.85,False,False
2017248286,18.41,43.86,False,True
2017248535,18.41,43.86,False,False
2018091851,18.4,43.86,False,False
2018092117,18.4,43.86,False,False
2019647284,18.44,43.86,False,False
2023217275,18.39,43.88,False,False
2023217284,18.39,43.88,False,False
2023217440,18.39,43.88,False,False
2023217511,18.39,43.88,False,False
2023217545,18.39,43.88,False,False
2023217598,18.39,43.88,False,False
2023217664,18.39,43.88,False,False
2023217720,18.39,43.88,False,False
2023218201,18.39,43.88,False,False
2023218436,18.39,43.88,False,False
2023218519,18.39,43.88,False,False
2023218681,18.39,43.88,False,False
2023811874,18.4,43.87,False,False
2025312657,18.39,43.85,False,False
2035554362,18.4,43.86,False,False
2045965287,18.41,43.86,False,False
2045965506,18.41,43.86,False,False
2046191889,18.42,43.87,False,False
2046209213,18.44,43.86,False,False
2070621105,18.42,43.87,False,False
2070715969,18.42,43.87,False,False
2070716028,18.42,43.87,False,False
2070716898,18.41,43.87,False,False
2070716956,18.41,43.87,False,False
2070717320,18.41,43.88,False,False
2070717358,18.41,43.88,False,False
2090108688,18.4,43.85,False,False
2093794208,18.44,43.86,False,False
2101754526,18.42,43.86,False,False
2101757694,18.4,43.85,False,False
2105997907,18.32,43.87,False,False
2105997908,18.32,43.87,False,False
2106006495,18.33,43.87,False,False
2106006918,18.33,43.87,False,False
2106008561,18.32,43.88,False,False
2106008565,18.32,43.88,False,False
2106008723,18.32,43.87,False,False
2106008724,18.32,43.87,False,False
2106008919,18.32,43.87,False,False
2106008920,18.32,43.87,False,False
2106088157,18.32,43.88,False,False
2106096171,18.32,43.88,False,False
2106096178,18.32,43.87,False,False
2106098989,18.39,43.85,False,False
2106101561,18.39,43.85,False,False
2107374539,18.32,43.86,False,False
2107385287,18.32,43.87,False,False
2107386509,18.32,43.86,False,False
2107387217,18.32,43.86,False,False
2107389655,18.32,43.87,False,False
2107389672,18.32,43.87,False,False
2107413447,18.33,43.86,False,False
2108501566,18.32,43.87,False,False
2108502045,18.31,43.87,False,False
2108503238,18.32,43.88,False,False
2108503247,18.32,43.88,False,False
2108503249,18.32,43.88,False,False
2108503265,18.32,43.88,False,False
2108504067,18.33,43.88,False,False
2108504153,18.32,43.87,False,False
2108504154,18.32,43.87,False,False
2108504175,18.32,43.87,False,False
2108504176,18.32,43.87,False,False
2108504253,18.33,43.87,False,False
2108504255,18.33,43.87,False,False
2108504261,18.33,43.87,False,False
2108504263,18.33,43.87,False,False
2108504783,18.33,43.87,False,False
2108505243,18.33,43.87,False,False
2108505244,18.33,43.87,False,False
2108505303,18.33,43.87,False,False
2108505317,18.33,43.87,False,False
2108517832,18.32,43.86,False,False
2108517912,18.32,43.86,False,False
2108562557,18.32,43.87,False,False
2108563638,18.32,43.87,False,False
2108563641,18.32,43.87,False,False
2108566715,18.32,43.87,False,False
2108567700,18.32,43.87,False,False
2108568024,18.32,43.86,False,False
2108568028,18.32,43.86,False,False
2108568326,18.32,43.86,False,False
2108568827,18.32,43.86,False,False
2108593038,18.33,43.87,False,False
2108596222,18.33,43.87,False,False
2108596227,18.33,43.87,False,False
2108596568,18.33,43.87,False,False
2108596571,18.33,43.87,False,False
2108596572,18.33,43.87,False,False
2108598842,18.32,43.87,False,False
2113091873,18.33,43.86,False,False
2113091876,18.33,43.86,False,False
2113092204,18.33,43.86,False,False
2113092294,18.33,43.86,False,False
2113092295,18.33,43.86,False,False
2113092298,18.33,43.86,False,False
2113092436,18.33,43.85,False,False
2113092719,18.34,43.86,False,False
2113092723,18.34,43.86,False,False
2113092727,18.34,43.86,False,False
2113092753,18.34,43.86,False,False
2113093586,18.34,43.86,False,False
2113094583,18.33,43.86,False,False
2115365595,18.42,43.87,False,False
2119557114,18.39,43.85,False,False
2119559400,18.39,43.85,False,False
2121850016,18.32,43.87,False,False
2121850879,18.32,43.87,False,False
2121851045,18.32,43.87,False,False
2123098051,18.32,43.86,False,False
2123098055,18.32,43.87,False,False
2123100160,18.32,43.87,False,False
2123101143,18.32,43.87,False,False
2123101146,18.32,43.87,False,False
2123102111,18.32,43.87,False,False
2128254509,18.36,43.83,False,False
2128267552,18.35,43.82,False,False
2134221730,18.37,43.86,False,False
2134816821,18.44,43.86,False,False
2134816829,18.44,43.86,False,False
2134816831,18.44,43.86,False,False
2134816843,18.44,43.86,False,False
2134816846,18.44,43.86,False,False
2135234217,18.4,43.84,False,False
2135246113,18.4,43.85,False,False
2135246453,18.4,43.85,False,False
2135246458,18.4,43.85,False,False
2135246462,18.4,43.85,False,False
2135250275,18.39,43.85,False,False
2205298532,18.34,43.83,False,False
2205298538,18.34,43.83,False,False
2205298624,18.34,43.83,False,False
2205457392,18.34,43.83,False,False
2229480424,18.42,43.87,False,False
2229490038,18.42,43.87,False,False
2229494074,18.42,43.87,False,False
2229508721,18.42,43.87,False,False
2232225989,18.37,43.84,False,False
2272366761,18.37,43.84,False,False
2272366762,18.37,43.85,False,False
2272366763,18.37,43.84,False,False
2284760596,18.31,43.88,False,False
2284760636,18.31,43.88,False,False
2291362665,18.27,43.87,False,False
2291362669,18.27,43.88,False,False
2291362670,18.27,43.87,False,False
2299306168,18.35,43.82,False,False
2305966312,18.37,43.84,False,False
2305967829,18.37,43.84,False,False
2311779625,18.37,43.84,False,False
2326845073,18.36,43.85,False,False
2331790889,18.43,43.86,False,False
2351225248,18.45,43.84,False,False
2351225289,18.45,43.84,False,False
2355702783,18.34,43.84,False,False
2355702784,18.34,43.84,False,False
2356222927,18.3,43.88,False,False
2380615202,18.35,43.83,False,False
2380615203,18.35,43.83,False,False
2380615205,18.35,43.83,False,False
2383630855,18.41,43.86,False,False
2384197761,18.34,43.83,False,False
2384201036,18.34,43.83,False,False
2384201039,18.34,43.83,False,False
2384201041,18.34,43.83,False,False
2384629610,18.34,43.83,False,False
2384629622,18.33,43.83,False,False
2384629623,18.33,43.83,False,False
2384629624,18.33,43.83,False,False
2384629625,18.33,43.83,False,False
2384629631,18.34,43.83,False,False
2384646038,18.34,43.83,False,False
2411040174,18.42,43.86,False,False
2429105918,18.41,43.85,False,False
2434145006,18.33,43.85,False,False
2434145037,18.33,43.85,False,False
2435274907,18.32,43.85,False,False
2445839979,18.44,43.86,False,False
2445846872,18.44,43.86,False,False
2491229643,18.38,43.86,False,False
2500063369,18.4,43.86,False,False
2501673823,18.41,43.86,False,True
2501679855,18.42,43.86,False,False
2502508964,18.37,43.85,False,False
2502581407,18.37,43.85,False,False
2502581408,18.37,43.85,False,False
2507150263,18.31,43.86,False,False
2507150268,18.31,43.85,False,False
2507150272,18.31,43.85,False,False
2507150275,18.32,43.85,False,False
2528922448,18.3,43.88,False,False
2538007312,18.41,43.86,False,False
2546277798,18.4,43.88,False,False
2546277877,18.4,43.88,False,False
2546277884,18.4,43.88,False,False
2546765929,18.4,43.88,False,False
2564124091,18.41,43.86,False,False
2566039853,18.42,43.87,False,False
2566039855,18.43,43.87,False,False
2566039856,18.43,43.87,False,False
2643655448,18.38,43.85,False,False
2643655453,18.41,43.85,False,False
2728449052,18.44,43.88,False,False
2791413667,18.43,43.85,False,False
2791418547,18.43,43.85,False,False
2791418549,18.43,43.85,False,False
2808791884,18.41,43.88,False,False
2875387914,18.44,43.9,False,False
2875387975,18.44,43.89,False,False
2887067732,18.43,43.86,False,False
2887067735,18.43,43.86,False,False
2887067736,18.43,43.86,False,False
2887067737,18.43,43.86,False,False
2909329748,18.37,43.87,False,False
2909347855,18.33,43.87,False,False
2909347856,18.33,43.87,False,False
2909347859,18.33,43.87,False,False
2909347860,18.33,43.87,False,False
2909347862,18.33,43.87,False,False
2909347863,18.32,43.87,False,False
2909347866,18.32,43.87,False,False
2909347867,18.32,43.87,False,False
2909347868,18.32,43.87,False,False
2909347870,18.32,43.87,False,False
2951542770,18.44,43.87,False,False
2951562225,18.44,43.87,False,False
2958286608,18.44,43.86,False,False
2958286623,18.44,43.86,False,False
2958286625,18.44,43.86,False,False
2959390136,18.42,43.86,False,False
2959390147,18.42,43.86,False,False
2959396033,18.42,43.86,False,False
2959396037,18.42,43.86,False,False
2988333162,18.43,43.87,False,False
2988333163,18.43,43.87,False,False
2989369696,18.44,43.86,False,False
3051019364,18.39,43.87,False,False
3066546151,18.35,43.84,False,False
3104012022,18.42,43.88,False,False
3104020101,18.42,43.88,False,False
3104020102,18.42,43.88,False,False
3104020104,18.42,43.88,False,False
3104020105,18.42,43.88,False,False
3104046938,18.42,43.87,False,False
3104056580,18.42,43.87,False,False
3104550583,18.41,43.87,False,False
3104610295,18.41,43.87,False,False
3104610297,18.41,43.87,False,False
3104629383,18.41,43.87,False,False
3104637122,18.41,43.87,False,False
3105399696,18.41,43.88,False,False
3105399703,18.42,43.88,False,False
3105399708,18.42,43.88,False,False
3127813679,18.36,43.84,False,False
3127813683,18.36,43.84,False,False
3127815152,18.36,43.84,False,False
3142368974,18.4,43.85,False,False
3168261863,18.4,43.86,False,False
3241781923,18.4,43.85,False,False
3241781925,18.4,43.85,False,False
3241790365,18.4,43.85,False,False
3241791360,18.4,43.85,False,False
3241793583,18.4,43.85,False,False
3241796534,18.4,43.85,False,False
3252021161,18.4,43.86,False,False
3428376384,18.4,43.85,False,False
3430402461,18.4,43.85,False,False
3529854855,18.33,43.86,False,False
3628793919,18.31,43.9,False,False
3628809420,18.31,43.89,False,False
3650952056,18.41,43.88,False,False
3650952064,18.41,43.88,False,False
3659890997,18.42,43.88,False,False
3659890999,18.42,43.88,False,False
3659891002,18.42,43.88,False,False
3659891006,18.42,43.88,False,False
3659891007,18.42,43.88,False,False
3659891012,18.42,43.88,False,False
3659891013,18.42,43.88,False,False
3659891016,18.42,43.88,False,False
3659891017,18.42,43.88,False,False
3659891127,18.42,43.88,False,False
3713256911,18.43,43.86,False,False
3749146135,18.4,43.86,False,False
3749146136,18.4,43.86,False,False
3749146143,18.4,43.86,False,False
3749196783,18.37,43.85,False,False
3752881740,18.41,43.9,False,False
3756691120,18.44,43.86,False,False
3756691431,18.44,43.86,False,False
3756691440,18.44,43.86,False,False
3756691441,18.44,43.86,False,False
3756951843,18.4,43.87,False,False
3763383613,18.33,43.85,False,False
3763383614,18.33,43.85,False,False
3763383616,18.33,43.85,False,False
3763386006,18.33,43.85,False,False
3777761557,18.44,43.85,False,False
3777793984,18.45,43.85,False,False
3787429424,18.41,43.85,False,False
3787429425,18.41,43.85,False,False
3787429426,18.41,43.85,False,False
3842547305,18.37,43.84,False,False
3842552624,18.37,43.84,False,False
3843840284,18.33,43.85,False,False
3843858767,18.33,43.85,False,False
3843858770,18.32,43.85,False,False
3859841618,18.3,43.88,False,False
3859841621,18.3,43.88,False,False
3859841629,18.3,43.88,False,False
3859841636,18.3,43.88,False,False
3860936496,18.36,43.85,False,False
3860936500,18.36,43.85,False,False
3860936502,18.37,43.85,False,False
3860936504,18.37,43.85,False,False
3860936507,18.36,43.85,False,False
3860936508,18.36,43.85,False,False
3860936512,18.36,43.85,False,False
3868812896,18.41,43.85,False,False
3868812899,18.41,43.85,False,False
3868812900,18.41,43.85,False,False
3868812901,18.41,43.85,False,False
3868812904,18.41,43.85,False,False
3873169283,18.33,43.85,False,False
3873169288,18.33,43.85,False,False
3873169289,18.33,43.85,False,False
3873169294,18.33,43.85,False,False
3897828947,18.33,43.85,False,False
3897828948,18.33,43.85,False,False
3933719960,18.37,43.85,False,False
3933719962,18.37,43.85,False,False
3941683581,18.45,43.83,False,False
3941683632,18.45,43.84,False,False
3942449344,18.43,43.85,False,False
3953400782,18.45,43.83,False,False
3974383824,18.44,43.83,False,False
3978261082,18.38,43.84,False,False
4039251388,18.39,43.85,False,True
4050577176,18.44,43.89,False,False
4050579836,18.45,43.88,False,False
4050579849,18.45,43.88,False,False
4050606805,18.46,43.88,False,False
4050606806,18.46,43.88,False,False
4050606816,18.46,43.88,False,False
4050606826,18.46,43.88,False,False
4050606844,18.46,43.88,False,False
4050606845,18.46,43.88,False,False
4050606848,18.46,43.88,False,False
4050606859,18.46,43.88,False,False
4052401030,18.39,43.88,False,False
4117676089,18.41,43.87,False,False
4144063061,18.31,43.87,False,False
4144063065,18.31,43.87,False,False
4144063066,18.31,43.87,False,False
4144065651,18.31,43.87,False,False
4166286182,18.33,43.86,False,False
4166372103,18.41,43.87,False,False
4195987166,18.41,43.85,False,False
4195988103,18.41,43.85,False,False
4196839934,18.44,43.85,False,False
4196878240,18.44,43.85,False,False
4196878243,18.44,43.85,False,False
4196994592,18.4,43.84,False,False
4196994609,18.4,43.84,False,False
4197007200,18.4,43.84,False,False
4197042407,18.41,43.85,False,False
4243498997,18.36,43.86,False,False
4243499016,18.36,43.86,False,False
4411145005,18.43,43.86,False,False
4423412668,18.45,43.86,False,False
4423412679,18.45,43.86,False,False
4504522070,18.38,43.85,False,False
4563677850,18.34,43.84,False,False
4563677851,18.34,43.84,False,False
4563677852,18.34,43.84,False,False
4563677853,18.34,43.84,False,False
4563677857,18.34,43.84,False,False
4563677859,18.34,43.84,False,False
4563677862,18.34,43.84,False,False
4563677867,18.34,43.84,False,False
4563677869,18.34,43.84,False,False
4563677885,18.34,43.84,False,False
4563677886,18.34,43.84,False,True
4563677887,18.34,43.84,False,False
4565128724,18.35,43.85,False,False
4565128726,18.35,43.85,False,False
4565128728,18.35,43.85,False,False
4565128730,18.35,43.85,False,False
4565128732,18.35,43.85,False,False
4565128735,18.35,43.85,False,False
4565128738,18.35,43.85,False,False
4565221633,18.39,43.85,False,False
4565221634,18.38,43.85,False,False
4565221635,18.39,43.85,False,False
4565221636,18.38,43.85,False,False
4565221644,18.39,43.85,False,False
4565221647,18.38,43.85,False,False
4565221654,18.39,43.85,False,False
4571888880,18.4,43.86,False,False
4571888881,18.4,43.86,False,False
4576114929,18.43,43.86,False,True
4587905015,18.43,43.85,False,False
4587905029,18.43,43.85,False,False
4642753360,18.38,43.86,False,False
4649322030,18.43,43.86,False,False
4675323060,18.37,43.85,False,False
4675323061,18.37,43.85,False,False
4675323062,18.37,43.85,False,False
4675323063,18.37,43.85,False,False
4675323064,18.37,43.85,False,False
4680630090,18.42,43.88,False,False
4680630095,18.41,43.88,False,False
4683526949,18.41,43.88,False,False
4683526953,18.41,43.88,False,False
4683526956,18.41,43.88,False,False
4683527235,18.41,43.89,False,False
4683527236,18.42,43.88,False,False
4683527243,18.41,43.88,False,False
4705248060,18.41,43.85,False,True
4707301860,18.41,43.86,False,False
4721171417,18.44,43.86,False,False
4721171418,18.44,43.86,False,False
4721738568,18.41,43.85,False,False
4728064662,18.43,43.85,False,False
4734965423,18.46,43.86,False,False
4736682690,18.44,43.87,False,False
4736701623,18.47,43.88,False,False
4736701624,18.47,43.88,False,False
4736701627,18.47,43.88,False,False
4736701628,18.47,43.88,False,False
4736783717,18.45,43.87,False,False
4745320164,18.41,43.85,False,False
4745320172,18.41,43.85,False,False
4747542906,18.48,43.88,False,False
4749469071,18.41,43.85,False,False
4749469080,18.41,43.85,False,False
4753351024,18.43,43.88,False,False
4753351045,18.43,43.88,False,False
4766213958,18.45,43.86,False,False
4766213966,18.45,43.86,False,False
4766214005,18.44,43.86,False,False
4766214011,18.44,43.86,False,False
4844752521,18.28,43.87,False,False
4856507038,18.41,43.86,False,False
4860750946,18.38,43.85,False,False
4860750955,18.37,43.85,False,False
4865144639,18.31,43.86,False,False
4866078613,18.41,43.85,False,False
4871324141,18.42,43.85,False,False
4871324162,18.43,43.85,False,False
4887395329,18.42,43.88,False,False
4887395330,18.42,43.88,False,False
4887395331,18.42,43.88,False,False
4887395334,18.42,43.88,False,False
4887395337,18.42,43.88,False,False
4887395338,18.42,43.88,False,False
4887395340,18.42,43.88,False,False
4900571136,18.38,43.85,False,False
4942281168,18.45,43.91,False,False
4942281197,18.45,43.9,False,False
4942281362,18.44,43.89,False,False
4942281373,18.44,43.89,False,False
4942281410,18.43,43.88,False,False
4942281412,18.43,43.88,False,False
4942281415,18.43,43.88,False,False
4942281522,18.43,43.88,False,False
4942281525,18.43,43.87,False,False
4942281527,18.43,43.87,False,False
4942281528,18.43,43.87,False,False
4942281529,18.43,43.87,False,False
4942281532,18.43,43.88,False,False
4942281534,18.43,43.87,False,False
4942281550,18.42,43.88,False,False
4942281551,18.42,43.88,False,False
4942281559,18.42,43.88,False,False
4942281568,18.43,43.88,False,False
4942281571,18.43,43.88,False,False
4942281574,18.43,43.88,False,False
4942281580,18.43,43.88,False,False
4942281582,18.43,43.88,False,False
4942281585,18.42,43.88,False,False
4942281604,18.42,43.88,False,False
4942281605,18.42,43.88,False,False
4942281611,18.42,43.88,False,False
4942281614,18.42,43.88,False,False
4942281616,18.42,43.89,False,False
4942281622,18.42,43.88,False,False
4942281627,18.42,43.88,False,False
4942281650,18.42,43.88,False,False
4942281655,18.42,43.88,False,False
4942281656,18.42,43.88,False,False
4942281659,18.42,43.88,False,False
4942281660,18.42,43.89,False,False
4943479481,18.42,43.89,False,False
4943479497,18.41,43.89,False,False
4943479498,18.42,43.89,False,False
4943479505,18.41,43.89,False,False
4943479519,18.42,43.9,False,False
4943479928,18.42,43.9,False,False
4943479936,18.42,43.9,False,False
4943479940,18.42,43.89,False,False
4943479941,18.42,43.89,False,False
4943479948,18.42,43.89,False,False
4943479957,18.41,43.89,False,False
4943479960,18.41,43.89,False,False
4943479961,18.42,43.89,False,False
4943479962,18.42,43.89,False,False
4943479964,18.42,43.89,False,False
4943479970,18.42,43.89,False,False
4943479976,18.42,43.89,False,False
4943479977,18.42,43.89,False,False
4943479980,18.41,43.89,False,False
4943479985,18.41,43.89,False,False
4943479990,18.41,43.89,False,False
4943479993,18.41,43.89,False,False
4943479998,18.42,43.89,False,False
4943480018,18.43,43.89,False,False
4943480025,18.42,43.89,False,False
4943480026,18.41,43.89,False,False
4943480039,18.41,43.89,False,False
4943480043,18.41,43.89,False,False
4943480044,18.41,43.89,False,False
4943480045,18.41,43.89,False,False
4943480054,18.41,43.89,False,False
4943480060,18.41,43.89,False,False
4943480062,18.41,43.89,False,False
4943480063,18.41,43.89,False,False
4943480064,18.41,43.89,False,False
4943480065,18.41,43.9,False,False
4943480067,18.41,43.9,False,False
4943480068,18.41,43.89,False,False
4943480069,18.41,43.89,False,False
4943480070,18.41,43.89,False,False
4943480072,18.41,43.89,False,False
4943480076,18.4,43.89,False,False
4943532121,18.46,43.85,False,False
4944810105,18.38,43.86,False,False
5064978210,18.4,43.85,False,False
5127810794,18.38,43.85,False,False
5127810798,18.38,43.85,False,False
5131071099,18.34,43.85,False,False
5148545030,18.42,43.86,False,False
5159455009,18.44,43.86,False,False
5204637368,18.39,43.88,False,False
5204637375,18.4,43.88,False,False
5204637379,18.4,43.88,False,False
5206463645,18.34,43.85,False,False
5206463652,18.34,43.85,False,False
5206463656,18.34,43.85,False,False
5206463657,18.34,43.85,False,False
5245591063,18.34,43.85,False,False
5260615394,18.35,43.83,False,False
5300892942,18.43,43.86,False,False
5307133540,18.33,43.87,False,False
5307133542,18.33,43.87,False,False
5307133543,18.33,43.87,False,False
5308051335,18.41,43.85,False,False
5349190045,18.42,43.87,False,False
5349190046,18.42,43.87,False,False
5458805035,18.43,43.86,False,False
5526076797,18.41,43.86,False,False
5536195306,18.42,43.87,False,False
5616777032,18.38,43.85,False,False
5616777036,18.38,43.85,False,False
5617818454,18.32,43.85,False,False
5629227907,18.4,43.84,False,False
5630874355,18.43,43.86,False,False
5631892936,18.43,43.87,False,False
5673055128,18.35,43.84,False,False
5703100786,18.27,43.89,False,False
5703100791,18.26,43.89,False,False
5738370364,18.41,43.85,False,False
5750123426,18.41,43.87,False,False
5752404234,18.4,43.86,False,False
5879109271,18.44,43.87,False,False
6010303642,18.42,43.88,False,False
6010303645,18.42,43.88,False,False
6010303647,18.42,43.87,False,False
6010303650,18.42,43.88,False,False
6010303652,18.42,43.88,False,False
6010303657,18.42,43.87,False,False
6010303659,18.42,43.87,False,False
6010303662,18.42,43.87,False,False
6010303664,18.42,43.87,False,False
6010306539,18.41,43.9,False,False
6010306908,18.41,43.89,False,False
6010307935,18.42,43.89,False,False
6010307937,18.42,43.89,False,False
6010307938,18.42,43.89,False,False
6010321287,18.42,43.88,False,False
6128912827,18.35,43.83,False,False
6156265956,18.4,43.87,False,False
6157489823,18.41,43.86,False,False
6159244681,18.43,43.86,False,False
6166982432,18.43,43.86,False,False
6166982439,18.43,43.86,False,False
6166982442,18.43,43.86,False,False
6166982466,18.43,43.86,False,False
6166982920,18.43,43.87,False,False
6168503097,18.41,43.85,False,False
6168503118,18.41,43.85,False,True
6168503119,18.41,43.85,False,False
6168697493,18.43,43.86,False,False
6168958425,18.42,43.86,False,False
6168958427,18.42,43.86,False,False
6168958435,18.42,43.86,False,False
6168959835,18.43,43.87,False,False
6168959847,18.43,43.86,False,False
6168959856,18.43,43.87,False,False
6171715380,18.43,43.9,False,False
6171715951,18.44,43.88,False,False
6171715953,18.43,43.88,False,False
6171727478,18.43,43.87,False,False
6171727481,18.43,43.87,False,False
6173482948,18.42,43.87,False,False
6179226151,18.43,43.86,False,False
6184421312,18.39,43.86,False,False
6184636759,18.38,43.86,False,False
6184636760,18.38,43.87,False,False
6184636765,18.38,43.86,False,False
6184636768,18.38,43.86,False,False
6184636780,18.38,43.86,False,False
6184636781,18.38,43.87,False,False
6184638985,18.38,43.87,False,False
6184638986,18.38,43.87,False,False
6184638987,18.38,43.86,False,False
6184841288,18.35,43.86,False,False
6184841295,18.35,43.86,False,False
6184841297,18.35,43.86,False,False
6184841298,18.35,43.86,False,False
6184841301,18.35,43.86,False,False
6184841303,18.35,43.86,False,False
6184841305,18.35,43.86,False,False
6184841306,18.35,43.86,False,False
6184841307,18.35,43.85,False,False
6184841311,18.35,43.85,False,False
6184841312,18.35,43.85,False,False
6184995929,18.35,43.86,False,False
6184995930,18.35,43.87,False,False
6184995945,18.35,43.87,False,False
6184995980,18.36,43.86,False,False
6184996296,18.35,43.86,False,False
6184996300,18.35,43.86,False,False
6184996307,18.36,43.86,False,False
6184996311,18.36,43.86,False,False
6184996313,18.36,43.86,False,False
6184996320,18.36,43.85,False,False
6184996324,18.35,43.85,False,False
6184996325,18.35,43.85,False,False
6184996328,18.35,43.85,False,False
6184996337,18.35,43.85,False,False
6184996339,18.35,43.85,False,False
6184996346,18.35,43.85,False,False
6184996350,18.36,43.86,False,False
6184996354,18.36,43.86,False,False
6184996356,18.36,43.86,False,False
6184996359,18.36,43.86,False,False
6184996360,18.36,43.86,False,False
6184996361,18.36,43.86,False,False
6184996373,18.37,43.86,False,False
6184996378,18.37,43.86,False,False
6184996379,18.37,43.86,False,False
6184996380,18.37,43.86,False,False
6184996382,18.37,43.86,False,False
6184996384,18.37,43.86,False,False
6184996388,18.37,43.86,False,False
6184996391,18.36,43.86,False,False
6185021881,18.35,43.85,False,False
6185021882,18.34,43.86,False,False
6185021884,18.34,43.86,False,False
6185022086,18.34,43.86,False,False
6185022095,18.35,43.86,False,False
6185022096,18.34,43.86,False,False
6185022097,18.34,43.86,False,False
6185022109,18.33,43.86,False,False
6185036192,18.32,43.86,True,False
6185036195,18.32,43.86,False,False
6185036196,18.32,43.86,False,False
6185036197,18.32,43.86,False,False
6185036198,18.32,43.87,False,False
6185036203,18.32,43.86,False,False
6185036207,18.32,43.86,False,False
6185036211,18.32,43.87,False,False
6185036213,18.32,43.86,False,False
6185036214,18.32,43.86,False,False
6185036219,18.32,43.86,False,False
6190618054,18.42,43.86,False,True
6190618055,18.41,43.85,False,False
6190618058,18.43,43.85,False,False
6190618059,18.43,43.85,False,False
6190850796,18.45,43.85,False,False
6190850809,18.44,43.85,False,False
6190850810,18.44,43.85,False,False
6190850823,18.45,43.86,False,False
6190850824,18.45,43.86,False,False
6190850825,18.44,43.86,True,False
6190988138,18.39,43.84,False,False
6190988142,18.39,43.84,False,False
6190988143,18.39,43.84,False,False
6190988152,18.39,43.84,False,False
6190988153,18.39,43.84,False,False
6190988155,18.39,43.84,False,False
6191116078,18.37,43.84,False,False
6191116080,18.37,43.84,False,False
6191116085,18.38,43.84,False,False
6191116086,18.38,43.84,False,False
6191116092,18.38,43.84,False,False
6191116093,18.38,43.84,False,False
6191116095,18.38,43.84,False,False
6191116096,18.38,43.84,False,False
6191116097,18.38,43.84,False,False
6191116105,18.38,43.84,False,False
6191116106,18.38,43.84,False,False
6191116108,18.38,43.84,False,False
6191116115,18.38,43.84,False,False
6191116119,18.37,43.84,False,False
6191116124,18.37,43.84,False,False
6191116126,18.37,43.84,False,False
6191116127,18.37,43.84,False,False
6191116130,18.37,43.84,False,False
6191116135,18.37,43.84,False,False
6191116136,18.37,43.84,False,False
6191116137,18.37,43.84,False,False
6191116139,18.37,43.84,False,False
6191116148,18.37,43.84,False,False
6191116150,18.37,43.84,False,False
6191116177,18.37,43.84,False,False
6191116185,18.37,43.84,False,False
6191116196,18.37,43.84,False,False
6191116198,18.37,43.84,False,False
6191116199,18.37,43.84,False,False
6191116210,18.37,43.84,False,False
6191116211,18.37,43.84,False,False
6191116220,18.37,43.84,False,False
6193066275,18.35,43.84,False,False
6193066278,18.36,43.84,False,False
6193066985,18.36,43.84,False,False
6193066991,18.36,43.84,False,False
6193067016,18.36,43.84,False,False
6193067017,18.36,43.84,False,False
6193067019,18.36,43.84,False,False
6193067020,18.37,43.84,False,False
6193067021,18.37,43.84,False,False
6193067025,18.37,43.84,False,False
6193067026,18.37,43.84,False,False
6193067028,18.37,43.84,False,False
6193067036,18.37,43.84,False,False
6193067048,18.37,43.84,False,False
6193067050,18.37,43.84,False,False
6193067055,18.37,43.84,False,False
6193067056,18.36,43.84,False,False
6193067068,18.36,43.84,False,False
6193067070,18.36,43.84,False,False
6193067084,18.36,43.83,False,False
6193067114,18.35,43.84,False,False
6193067115,18.35,43.84,False,False
6193176305,18.34,43.84,False,False
6193176312,18.34,43.83,False,False
6193176314,18.34,43.83,False,False
6193176315,18.34,43.83,False,False
6193176319,18.34,43.83,False,False
6193176324,18.33,43.84,False,False
6193176325,18.33,43.84,False,False
6193176326,18.33,43.83,False,False
6193176327,18.34,43.84,False,False
6193176328,18.34,43.84,False,False
6193176329,18.34,43.84,False,False
6193176330,18.34,43.84,False,False
6193176331,18.34,43.84,False,False
6193176332,18.34,43.84,False,False
6193176333,18.34,43.84,False,False
6193176336,18.34,43.84,False,False
6193176338,18.34,43.83,False,False
6193176339,18.34,43.84,False,False
6193176345,18.34,43.84,False,False
6193773061,18.39,43.87,False,False
6193773066,18.4,43.88,False,False
6193773069,18.4,43.87,False,False
6193780522,18.4,43.87,False,False
6193780525,18.4,43.87,False,False
6195900416,18.39,43.88,False,False
6195900421,18.39,43.88,False,False
6196090933,18.4,43.9,False,False
6196104266,18.36,43.87,False,False
6196104267,18.36,43.87,False,False
6196104268,18.36,43.87,False,False
6196104273,18.36,43.87,False,False
6196104276,18.36,43.86,False,False
6196104282,18.36,43.86,False,False
6196104793,18.36,43.87,False,False
6196104796,18.36,43.87,False,False
6196104802,18.36,43.86,False,False
6199033588,18.42,43.88,False,False
6199033593,18.42,43.88,False,False
6199033594,18.42,43.88,False,False
6199033595,18.42,43.88,False,False
6199033596,18.42,43.88,False,False
6199033609,18.42,43.87,False,False
6199033610,18.42,43.88,False,False
6199033615,18.43,43.87,False,False
6199033616,18.43,43.87,False,False
6199542948,18.33,43.87,False,False
6199542953,18.33,43.87,False,False
6199542956,18.33,43.87,False,False
6199600320,18.33,43.87,False,False
6199600321,18.33,43.87,False,False
6199600323,18.33,43.87,False,False
6199600324,18.33,43.87,False,False
6199600328,18.33,43.87,False,False
6199600331,18.33,43.87,False,False
6199600335,18.33,43.87,False,False
6199600341,18.33,43.87,False,False
6199600345,18.33,43.87,False,False
6199600348,18.33,43.87,False,False
6199600350,18.33,43.87,False,False
6199600351,18.33,43.87,False,False
6199657190,18.32,43.88,False,False
6199657191,18.32,43.88,False,False
6199657192,18.32,43.88,False,False
6199657193,18.32,43.87,False,False
6199657200,18.31,43.87,False,False
6199657202,18.32,43.87,False,False
6199657203,18.32,43.88,False,False
6199657207,18.32,43.88,False,False
6199657208,18.32,43.87,False,False
6199657211,18.32,43.87,False,False
6199657212,18.32,43.87,False,False
6199657217,18.32,43.88,False,False
6199759078,18.29,43.88,False,False
6199759081,18.29,43.88,False,False
6199759082,18.29,43.88,False,False
6199759786,18.29,43.88,False,False
6199759788,18.29,43.87,False,False
6199759789,18.29,43.88,False,False
6199759791,18.29,43.88,False,False
6199759803,18.29,43.88,False,False
6199759804,18.29,43.88,False,False
6199759805,18.29,43.88,False,False
6199759806,18.29,43.88,False,False
6199759810,18.29,43.88,False,False
6199759813,18.29,43.88,False,False
6199759815,18.28,43.88,False,False
6199759820,18.28,43.88,False,False
6199759824,18.29,43.87,False,False
6199759826,18.29,43.87,False,False
6199759831,18.29,43.87,False,False
6199759832,18.29,43.87,False,False
6199759833,18.29,43.87,False,False
6199759837,18.29,43.87,False,False
6199759838,18.29,43.88,False,False
6199759840,18.29,43.88,False,False
6199759841,18.29,43.88,False,False
6199759843,18.29,43.88,False,False
6199759844,18.29,43.88,False,False
6199759852,18.28,43.88,False,False
6199759860,18.29,43.88,False,False
6199759864,18.29,43.88,False,False
6199759876,18.29,43.88,False,False
6199759877,18.29,43.88,False,False
6199759878,18.29,43.88,False,False
6199759879,18.29,43.88,False,False
6199759882,18.29,43.88,False,False
6199759884,18.29,43.88,False,False
6199759885,18.29,43.88,False,False
6199759887,18.29,43.88,False,False
6199802340,18.27,43.87,False,False
6199802344,18.27,43.87,False,False
6199802345,18.27,43.88,False,False
6199802347,18.27,43.87,False,False
6199802351,18.28,43.87,False,False
6199802353,18.28,43.87,False,False
6199802354,18.28,43.87,False,False
6199802357,18.27,43.88,False,False
6199802359,18.27,43.88,False,False
6199802362,18.27,43.88,False,False
6199802365,18.27,43.88,False,False
6199802368,18.27,43.88,False,False
6199802370,18.27,43.88,False,False
6199802379,18.28,43.88,False,False
6199813885,18.27,43.88,False,False
6199813903,18.28,43.88,False,False
6199813904,18.28,43.88,False,False
6199813908,18.27,43.88,False,False
6199813909,18.27,43.88,False,False
6199813911,18.27,43.88,False,False
6199813912,18.27,43.88,False,False
6199813913,18.27,43.88,False,False
6209910721,18.42,43.88,False,False
6209910722,18.42,43.88,False,False
6209982112,18.42,43.86,False,False
6209982113,18.42,43.86,False,False
6210026674,18.42,43.88,False,False
6210026675,18.42,43.88,False,False
6212861942,18.37,43.84,False,False
6212861943,18.37,43.84,False,False
6213047816,18.4,43.85,False,False
6213047817,18.4,43.85,False,False
6213047823,18.4,43.85,False,False
6213047826,18.4,43.85,False,False
6213047828,18.4,43.85,False,False
6213047832,18.4,43.85,False,False
6213201101,18.39,43.85,False,False
6213339698,18.35,43.84,False,False
6213567544,18.36,43.84,False,False
6218190643,18.37,43.86,False,False
6218304442,18.36,43.87,False,False
6218304445,18.36,43.86,False,False
6218338133,18.33,43.86,False,False
6218338134,18.33,43.86,False,False
6218338137,18.33,43.86,False,False
6218350369,18.33,43.86,False,False
6218424261,18.32,43.87,False,False
6218424263,18.32,43.87,False,False
6218443985,18.32,43.87,False,False
6218443987,18.32,43.87,False,False
6218443990,18.32,43.87,False,False
6218443992,18.32,43.87,False,False
6218611514,18.34,43.86,False,False
6218659532,18.34,43.86,True,False
6218712586,18.35,43.86,False,False
6218732453,18.36,43.86,False,False
6218732455,18.35,43.86,False,False
6218732456,18.36,43.86,False,False
6218782144,18.36,43.86,False,False
6218782145,18.36,43.86,False,False
6218794616,18.36,43.85,False,False
6218794618,18.36,43.85,False,False
6218835369,18.35,43.86,False,False
6218835370,18.35,43.85,False,False
6218835371,18.35,43.86,False,False
6218835372,18.35,43.86,False,False
6218835373,18.35,43.86,False,False
6218852127,18.35,43.86,False,False
6218852128,18.35,43.86,False,False
6218852130,18.35,43.86,False,False
6218852131,18.35,43.86,False,False
6218911809,18.35,43.85,False,False
6218987285,18.34,43.85,False,False
6218987287,18.34,43.86,False,False
6219018578,18.33,43.86,False,False
6220417271,18.32,43.86,False,False
6220417272,18.32,43.86,False,False
6220523144,18.32,43.88,False,False
6220606122,18.32,43.88,False,False
6220606125,18.32,43.88,False,False
6220606126,18.32,43.88,False,False
6222395645,18.44,43.85,False,False
6222395647,18.44,43.85,False,False
6222395648,18.43,43.86,False,False
6222395651,18.43,43.86,False,False
6222422940,18.44,43.85,False,False
6222438091,18.44,43.86,False,False
6222459367,18.43,43.85,False,False
6222563285,18.42,43.85,False,False
6222563286,18.41,43.85,False,False
6222563287,18.42,43.85,False,False
6222587392,18.43,43.85,False,False
6222587393,18.43,43.85,False,False
6222587394,18.43,43.85,False,False
6222592512,18.43,43.85,False,False
6222664867,18.45,43.87,False,False
6222698235,18.42,43.86,False,False
6222747911,18.4,43.87,False,False
6222835831,18.4,43.87,False,False
6222835832,18.4,43.87,False,False
6222835833,18.4,43.87,False,False
6222886939,18.39,43.88,False,False
6222886940,18.39,43.88,False,False
6234746909,18.33,43.87,False,False
6235090406,18.44,43.86,False,False
6235090422,18.44,43.86,False,False
6242187793,18.35,43.86,False,False
6242859855,18.42,43.88,False,False
6284322250,18.32,43.87,False,False
6351537815,18.43,43.86,False,False
6351537818,18.43,43.86,False,False
6352266627,18.45,43.85,False,False
6352715814,18.45,43.87,False,False
6352715816,18.45,43.87,False,False
6352715817,18.45,43.87,False,False
6352715818,18.45,43.87,False,False
6352715821,18.45,43.87,False,False
6352865198,18.44,43.86,False,False
6352865199,18.44,43.86,False,False
6352970494,18.44,43.85,False,False
6352970497,18.44,43.85,False,False
6353186425,18.42,43.85,False,False
6353186427,18.42,43.85,False,False
6353186429,18.42,43.85,False,False
6353186430,18.42,43.85,False,False
6354459865,18.44,43.86,False,False
6354463624,18.44,43.85,False,False
6354554756,18.44,43.86,False,False
6354554771,18.44,43.86,False,False
6354570656,18.41,43.87,False,True
6354820890,18.43,43.85,False,False
6354917843,18.42,43.85,False,False
6354917845,18.42,43.85,False,False
6355024132,18.42,43.85,False,False
6355024135,18.42,43.85,False,False
6355024136,18.42,43.85,False,False
6355395241,18.41,43.85,False,False
6355421110,18.41,43.85,False,False
6360261795,18.43,43.85,False,False
6360261800,18.43,43.85,False,False
6360286136,18.43,43.85,False,False
6360341628,18.43,43.85,False,False
6360811541,18.41,43.85,False,False
6360811544,18.4,43.85,False,False
6360811548,18.4,43.85,False,False
6360900325,18.32,43.87,False,False
6360900326,18.32,43.87,False,False
6360900328,18.32,43.87,False,False
6361026342,18.35,43.86,False,False
6361061083,18.31,43.88,False,False
6361061084,18.31,43.88,False,False
6361078559,18.31,43.89,False,False
6361078571,18.31,43.89,False,False
6361099654,18.32,43.89,False,False
6361099677,18.32,43.89,False,False
6361099681,18.31,43.89,False,False
6361099684,18.31,43.89,False,False
6361282591,18.4,43.85,False,False
6361282593,18.4,43.85,False,False
6361327949,18.4,43.85,False,False
6361346385,18.32,43.87,False,False
6361377220,18.4,43.85,False,False
6361381093,18.32,43.87,False,False
6361381098,18.32,43.87,False,False
6361381101,18.32,43.87,False,False
6362747573,18.32,43.88,False,False
6362747574,18.32,43.88,False,False
6362750700,18.32,43.87,False,False
6362840693,18.32,43.88,False,False
6363090685,18.32,43.87,False,False
6363164919,18.32,43.88,False,False
6363164925,18.32,43.88,False,False
6363164952,18.32,43.88,False,False
6363164953,18.32,43.88,False,False
6363346284,18.39,43.85,False,False
6363346390,18.38,43.85,False,False
6363346392,18.38,43.85,False,False
6363394901,18.32,43.87,False,False
6363523400,18.32,43.87,False,False
6363523401,18.32,43.87,False,False
6363523402,18.32,43.87,False,False
6363611463,18.33,43.87,False,False
6363680251,18.38,43.85,False,False
6363700404,18.37,43.85,False,False
6363700405,18.37,43.85,False,False
6363700414,18.39,43.85,False,False
6364788666,18.32,43.86,False,False
6364788670,18.32,43.86,False,False
6364788674,18.32,43.86,False,False
6364788683,18.32,43.86,False,False
6365113092,18.33,43.86,False,False
6365280026,18.33,43.86,False,False
6365316762,18.33,43.86,False,False
6365397295,18.37,43.85,False,False
6365442396,18.34,43.84,False,True
6365509078,18.33,43.86,False,False
6365509081,18.33,43.86,False,False
6365509987,18.33,43.86,False,False
6365510034,18.33,43.86,False,False
6365510043,18.33,43.86,False,False
6365510048,18.32,43.86,False,False
6365510049,18.32,43.86,False,False
6365582255,18.33,43.86,False,False
6365602163,18.33,43.86,False,False
6365819852,18.37,43.85,False,True
6365918818,18.32,43.86,False,False
6366102204,18.35,43.84,False,False
6366146268,18.33,43.83,False,False
6366219851,18.34,43.83,False,False
6366242114,18.36,43.86,False,False
6366242124,18.36,43.86,False,False
6366242125,18.36,43.86,False,False
6366265940,18.33,43.86,False,False
6366265944,18.33,43.86,False,False
6366272720,18.35,43.85,False,False
6366272725,18.37,43.85,False,False
6366272727,18.36,43.85,False,False
6366272728,18.36,43.85,False,False
6366272729,18.36,43.85,False,False
6366272731,18.36,43.85,False,False
6366272736,18.36,43.85,False,False
6366272748,18.36,43.85,False,False
6366272750,18.36,43.85,False,False
6366284782,18.33,43.86,False,False
6366284783,18.33,43.86,False,False
6366284784,18.33,43.86,False,False
6366289686,18.33,43.86,False,False
6367793481,18.33,43.85,False,False
6367793483,18.33,43.85,False,False
6367808650,18.33,43.86,False,False
6367808652,18.33,43.86,False,False
6367880459,18.33,43.86,False,False
6367880461,18.33,43.86,False,False
6368067213,18.38,43.85,False,False
6368067230,18.39,43.85,False,False
6368067241,18.38,43.85,False,False
6368067242,18.38,43.85,False,False
6368067244,18.38,43.85,False,False
6368067245,18.38,43.85,False,False
6368143951,18.39,43.85,False,False
6368143955,18.39,43.85,False,False
6368143956,18.39,43.85,False,False
6368279414,18.38,43.85,False,False
6368279418,18.38,43.85,False,False
6368610583,18.34,43.86,False,False
6368610985,18.34,43.86,False,False
6368610986,18.35,43.86,False,False
6368610989,18.35,43.86,False,False
6368610990,18.35,43.86,False,False
6368610993,18.35,43.86,False,False
6368610994,18.34,43.86,False,False
6368610996,18.34,43.86,False,False
6368649401,18.35,43.86,False,False
6368649406,18.35,43.86,False,False
6368684425,18.38,43.84,False,False
6368684427,18.38,43.84,False,False
6368848271,18.37,43.84,False,False
6368848272,18.37,43.84,False,False
6368906640,18.35,43.86,False,False
6368906641,18.35,43.86,False,False
6368983801,18.37,43.84,False,False
6369012727,18.36,43.84,False,False
6369164824,18.38,43.85,False,False
6369164825,18.38,43.85,False,False
6369164837,18.39,43.85,False,False
6370506524,18.35,43.86,False,False
6370506534,18.35,43.86,False,False
6370576106,18.42,43.85,False,False
6370671059,18.34,43.83,False,False
6370675071,18.34,43.84,False,False
6370675076,18.34,43.84,False,False
6370750578,18.36,43.86,False,False
6370750581,18.36,43.86,False,False
6370750583,18.36,43.86,False,False
6370991609,18.34,43.84,False,False
6371022463,18.34,43.84,False,False
6376112599,18.29,43.88,False,False
6376112601,18.29,43.88,False,False
6376112602,18.29,43.88,False,False
6376131864,18.36,43.84,False,False
6376359585,18.36,43.84,False,False
6376398512,18.4,43.85,False,False
6376435096,18.4,43.85,False,False
6376453479,18.36,43.84,False,False
6376453480,18.36,43.84,False,False
6376453481,18.36,43.84,False,False
6391139700,18.39,43.87,False,False
6391139719,18.39,43.87,False,False
6391139747,18.39,43.87,False,False
6391141139,18.39,43.87,False,False
6391141165,18.39,43.87,False,False
6391141306,18.4,43.87,False,False
6391223776,18.38,43.86,False,False
6391223779,18.37,43.86,False,False
6391252787,18.39,43.85,False,False
6391275021,18.37,43.86,False,False
6391390324,18.44,43.87,False,False
6391402527,18.39,43.87,False,False
6391402528,18.4,43.87,False,False
6391402534,18.4,43.87,False,False
6391427771,18.4,43.86,False,False
6391427772,18.4,43.86,False,False
6391427773,18.4,43.86,False,False
6391427776,18.4,43.86,False,False
6391427789,18.4,43.86,False,False
6391508858,18.39,43.88,False,False
6391508859,18.39,43.88,False,False
6391508868,18.39,43.88,False,False
6391524208,18.39,43.86,False,False
6391782808,18.38,43.84,False,False
6391782810,18.38,43.84,False,False
6391840495,18.41,43.88,False,False
6391840502,18.41,43.88,False,False
6391921078,18.43,43.87,False,False
6391933634,18.4,43.87,False,False
6391933635,18.4,43.87,False,False
6391933651,18.4,43.87,False,False
6391933800,18.4,43.86,False,False
6392058798,18.42,43.87,False,False
6392058799,18.42,43.87,False,False
6392058801,18.41,43.87,False,False
6393964434,18.44,43.86,False,False
6394075603,18.4,43.86,False,False
6394358407,18.41,43.88,False,False
6394556219,18.39,43.85,False,False
6394696596,18.33,43.86,False,False
6394723755,18.42,43.88,False,False
6394763781,18.42,43.87,False,False
6394834200,18.35,43.86,False,False
6394834207,18.35,43.86,False,False
6394877410,18.42,43.87,False,True
6394889116,18.42,43.89,False,False
6394889127,18.42,43.89,False,False
6394889142,18.42,43.89,False,False
6394889144,18.42,43.89,False,False
6394889146,18.42,43.89,False,False
6394889152,18.42,43.89,False,False
6394898052,18.42,43.87,False,False
6396486671,18.44,43.86,False,False
6396499872,18.39,43.87,False,False
6396501508,18.39,43.86,False,False
6396501531,18.39,43.86,False,False
6396501536,18.39,43.86,False,False
6396531968,18.36,43.86,False,False
6396568474,18.35,43.85,False,False
6396774916,18.42,43.89,False,False
6396793311,18.41,43.86,False,False
6396793312,18.41,43.86,False,False
6396808158,18.38,43.85,False,False
6396816171,18.43,43.87,False,False
6396816173,18.43,43.87,False,False
6396879474,18.42,43.86,False,False
6397075565,18.43,43.87,False,False
6397130477,18.43,43.87,False,False
6397130917,18.44,43.87,False,False
6397131014,18.44,43.87,False,False
6397131029,18.44,43.87,False,False
6397234493,18.42,43.86,False,False
6398581389,18.41,43.87,False,False
6398581392,18.41,43.87,False,False
6398677534,18.44,43.87,False,False
6398693579,18.42,43.87,False,False
6398693580,18.42,43.87,False,False
6399099089,18.39,43.88,False,False
6399181563,18.39,43.88,False,False
6399181568,18.39,43.88,False,False
6399181569,18.39,43.88,False,False
6399237559,18.39,43.88,False,False
6399237561,18.39,43.88,False,False
6399237562,18.39,43.88,False,False
6399237571,18.39,43.88,False,False
6399237574,18.39,43.88,False,False
6399358827,18.42,43.87,False,False
6399358828,18.42,43.87,False,False
6399491657,18.44,43.87,False,False
6399648118,18.3,43.88,False,False
6401044292,18.33,43.87,False,False
6401044295,18.32,43.87,False,False
6401262787,18.32,43.87,False,False
6401262788,18.32,43.87,False,False
6401583662,18.36,43.84,False,False
6401583665,18.36,43.84,False,False
6401611759,18.34,43.84,False,False
6401611778,18.35,43.84,False,False
6407501214,18.35,43.84,False,False
6407722060,18.36,43.84,False,False
6421348761,18.37,43.86,False,False
6421348763,18.37,43.86,False,False
6421348774,18.37,43.87,False,False
6449678752,18.27,43.89,False,False
6449678759,18.27,43.88,False,False
6488453882,18.4,43.85,False,False
6488455291,18.4,43.85,False,False
6579136827,18.38,43.85,False,False
6579136829,18.38,43.85,False,False
6579136831,18.38,43.85,False,True
6610123659,18.32,43.85,False,False
6821342264,18.26,43.89,False,False
6821342269,18.26,43.89,False,False
6821365818,18.27,43.89,False,False
6821365871,18.27,43.89,False,False
6821376401,18.26,43.89,False,False
6821376404,18.26,43.89,False,False
6821376414,18.27,43.89,False,False
6821376425,18.27,43.89,False,False
6821376426,18.27,43.89,False,False
6821376450,18.27,43.89,False,False
6821381672,18.26,43.9,False,False
6821399288,18.27,43.89,False,False
6821399320,18.27,43.89,False,False
6821399331,18.27,43.89,False,False
6821399348,18.27,43.89,False,False
6821399352,18.26,43.89,False,False
6821399353,18.27,43.89,False,False
6821399379,18.27,43.89,False,False
6821399380,18.26,43.89,False,False
6821399428,18.26,43.89,False,False
6838686048,18.43,43.86,False,False
6859020095,18.45,43.86,False,False
6861072293,18.44,43.86,False,False
6861093132,18.4,43.85,False,False
6861376365,18.39,43.85,False,False
6861499256,18.43,43.86,False,False
6861503180,18.39,43.85,False,False
6861503184,18.4,43.85,False,False
6861657583,18.34,43.83,False,False
6861769797,18.34,43.83,False,False
6861769817,18.34,43.83,False,False
6861834250,18.34,43.84,False,False
6864839473,18.41,43.85,False,False
6864887944,18.41,43.85,False,False
6864887949,18.41,43.85,False,False
6865000541,18.41,43.85,False,False
6865001808,18.4,43.85,False,False
6865001810,18.4,43.85,False,False
6865147006,18.38,43.85,False,False
6865147015,18.37,43.84,False,False
6865147056,18.37,43.84,False,False
6865168571,18.38,43.85,False,False
6865168579,18.38,43.84,False,False
6865185157,18.38,43.84,False,False
6865185180,18.38,43.84,False,False
6865205790,18.38,43.84,False,False
6867959292,18.34,43.83,False,False
6867964677,18.38,43.84,False,False
6867964681,18.37,43.85,False,False
6868194823,18.38,43.85,False,False
6868194829,18.37,43.85,False,False
6868194834,18.37,43.84,False,False
6868194838,18.37,43.84,False,False
6868197085,18.41,43.86,False,False
6868296407,18.38,43.88,False,False
6868366119,18.39,43.88,False,False
6871507648,18.37,43.84,False,False
6871727701,18.38,43.84,False,False
6871727709,18.38,43.84,False,False
6871792216,18.4,43.86,False,False
6871806922,18.32,43.86,False,False
6871806932,18.32,43.86,False,False
6871806943,18.33,43.86,False,False
6871806947,18.33,43.86,False,False
6871820232,18.32,43.85,False,False
6871820245,18.32,43.86,False,False
6872277042,18.4,43.86,False,False
6872313929,18.41,43.86,False,False
6878600300,18.39,43.87,False,False
6878679366,18.39,43.87,False,False
6878714880,18.38,43.87,False,False
6879112115,18.37,43.84,False,False
6879112126,18.36,43.84,False,False
6879181437,18.36,43.83,False,False
6879181444,18.36,43.83,False,False
6879378046,18.37,43.84,False,False
6879641178,18.4,43.87,False,False
6879657442,18.37,43.84,False,False
6879657443,18.37,43.84,False,False
6879657448,18.37,43.84,False,False
6879657451,18.37,43.84,False,False
6879694568,18.4,43.86,False,False
6879694570,18.4,43.86,False,False
6879694583,18.39,43.87,False,False
6879722797,18.39,43.86,False,False
6879731228,18.4,43.86,False,False
6879731242,18.4,43.86,False,False
6879758589,18.4,43.87,False,False
6879758598,18.4,43.87,False,False
6879758599,18.4,43.87,False,False
6879758602,18.39,43.87,False,False
6879758614,18.39,43.87,False,False
6879829992,18.36,43.84,False,False
6879858960,18.41,43.85,False,False
6879858981,18.4,43.85,False,False
6879858982,18.4,43.85,False,False
6879877002,18.37,43.84,False,False
6879900300,18.4,43.85,False,False
6879905270,18.36,43.84,False,False
6879934716,18.36,43.84,False,False
6879934731,18.36,43.84,False,False
6879934743,18.36,43.84,False,False
6879971364,18.36,43.85,False,False
6879971366,18.36,43.85,False,False
6879971369,18.36,43.85,False,False
6879971370,18.36,43.85,False,False
6879987093,18.37,43.84,False,False
6879987095,18.37,43.84,False,False
6879987096,18.36,43.84,False,False
6879987098,18.36,43.84,False,False
6882258546,18.33,43.86,False,False
6882299249,18.33,43.86,False,False
6882299260,18.33,43.86,False,False
6882299276,18.33,43.86,False,False
6882299280,18.33,43.86,False,False
6882312972,18.33,43.86,False,False
6882362386,18.33,43.85,True,False
6882484724,18.33,43.86,False,False
6882484732,18.33,43.85,False,False
6882593561,18.41,43.85,False,False
6882650148,18.34,43.86,False,False
6883076523,18.35,43.86,False,False
6883113402,18.35,43.85,False,False
6883113416,18.35,43.86,False,False
6883394894,18.35,43.86,False,False
6883599526,18.42,43.85,False,False
6883616106,18.35,43.86,False,False
6883616122,18.34,43.86,False,False
6883668213,18.43,43.85,False,False
6883668217,18.43,43.85,False,False
6883700561,18.42,43.88,False,False
6883700570,18.42,43.88,False,False
6883700578,18.41,43.88,False,False
6883700580,18.41,43.88,False,False
6883710889,18.41,43.88,False,False
6883710891,18.41,43.88,False,False
6883830419,18.43,43.85,False,False
6883830424,18.43,43.85,False,False
6883853441,18.33,43.86,False,False
6883855330,18.34,43.86,False,False
6883856469,18.45,43.85,False,False
6883876802,18.46,43.85,False,False
6903940762,18.45,43.87,False,False
6903940764,18.45,43.87,False,False
6903940766,18.45,43.87,False,False
6903951699,18.43,43.87,False,False
6903951703,18.43,43.87,False,False
6903978252,18.43,43.87,False,False
6903978264,18.45,43.87,False,False
6903978266,18.45,43.87,False,False
6903978270,18.45,43.87,False,False
6903978271,18.45,43.87,False,False
6904019308,18.43,43.86,False,False
6904082952,18.44,43.86,False,False
6904119154,18.44,43.87,False,False
6904119162,18.44,43.87,False,False
6904119167,18.44,43.87,False,False
6906505384,18.32,43.87,False,False
6906509686,18.32,43.87,False,False
6906509693,18.32,43.87,False,False
6906509695,18.31,43.87,False,False
6906598654,18.32,43.86,False,False
6906598657,18.32,43.86,False,False
6906747230,18.26,43.89,False,False
6906747245,18.26,43.89,False,False
6906747250,18.27,43.89,False,False
6906747266,18.27,43.88,False,False
6906747275,18.27,43.88,False,False
6906757449,18.32,43.87,False,False
6906757450,18.32,43.87,False,False
6906757451,18.32,43.87,False,False
6906762507,18.27,43.88,False,False
6906762551,18.27,43.88,False,False
6906762562,18.27,43.89,False,False
6906815994,18.28,43.88,False,False
6906822800,18.28,43.88,False,False
6906822805,18.29,43.88,False,False
6906834320,18.28,43.89,False,False
6906834326,18.28,43.89,False,False
6906834327,18.28,43.88,False,False
6906834339,18.28,43.88,False,False
6906834344,18.28,43.89,False,False
6906847286,18.28,43.88,False,False
6906847295,18.27,43.88,False,False
6906847302,18.28,43.88,False,False
6906847313,18.28,43.88,False,False
6906847314,18.28,43.88,False,False
6906847317,18.28,43.88,False,False
6906847324,18.28,43.88,False,False
6906847326,18.28,43.88,False,False
6906847331,18.27,43.89,False,False
6906935164,18.28,43.87,False,False
6906935167,18.28,43.87,False,False
6906935169,18.28,43.87,False,False
6906935171,18.29,43.87,False,False
6906935173,18.28,43.87,False,False
6907005640,18.3,43.88,False,False
6907029834,18.27,43.87,False,False
6907029838,18.28,43.88,False,False
6907029839,18.28,43.88,False,False
6907029866,18.26,43.88,False,False
6907029871,18.26,43.88,False,False
6907029876,18.27,43.87,False,False
6907029879,18.28,43.87,False,False
6907037687,18.3,43.89,False,False
6907037713,18.3,43.88,False,False
6907048753,18.29,43.89,False,False
6907048760,18.29,43.88,False,False
6907048762,18.29,43.88,False,False
6907048768,18.29,43.88,False,False
6907048777,18.29,43.88,False,False
6907065811,18.28,43.89,False,False
6907065843,18.28,43.89,False,False
6907065853,18.28,43.89,False,False
6907065868,18.31,43.89,False,False
6907148125,18.33,43.88,False,False
6907148176,18.31,43.89,False,False
6907148184,18.31,43.89,False,False
6907153898,18.31,43.89,False,False
6907153910,18.31,43.89,False,False
6907153933,18.31,43.89,False,False
6907153975,18.32,43.89,False,False
6907153984,18.32,43.89,False,False
6907153985,18.32,43.89,False,False
6907153999,18.31,43.89,False,False
6907232476,18.33,43.88,False,False
6907277716,18.31,43.88,False,False
6907277760,18.33,43.88,False,False
6909831080,18.32,43.87,False,False
6909831081,18.32,43.87,False,False
6909831083,18.32,43.87,False,False
6909877286,18.32,43.87,False,False
6909877288,18.33,43.86,False,False
6910738651,18.43,43.85,False,False
6910738659,18.43,43.85,False,False
6910786387,18.43,43.85,False,False
6910806240,18.47,43.87,False,False
6910806249,18.47,43.87,False,False
6910815996,18.46,43.86,False,False
6910816008,18.46,43.86,False,False
6910816027,18.46,43.87,False,False
6910816096,18.46,43.87,False,False
6910832751,18.46,43.85,False,False
6913123864,18.32,43.86,False,False
6913123875,18.32,43.86,False,False
6913713963,18.45,43.86,False,False
6913827436,18.45,43.87,False,False
6913827468,18.45,43.88,False,False
6913827479,18.45,43.88,False,False
6913838053,18.43,43.87,False,False
6913838058,18.43,43.87,False,False
6913838063,18.44,43.88,False,False
6913838084,18.44,43.87,False,False
6913842990,18.45,43.88,False,False
6913858089,18.44,43.88,False,False
6913997145,18.47,43.88,False,False
6913997176,18.46,43.87,False,False
6914010703,18.45,43.87,False,False
6914010712,18.45,43.88,False,False
6914015027,18.48,43.88,False,False
6914015084,18.46,43.88,False,False
6914063610,18.47,43.88,False,False
6914063623,18.47,43.88,False,False
6914063633,18.47,43.88,False,False
6914063661,18.46,43.88,False,False
6914063674,18.46,43.88,False,False
6914063683,18.46,43.88,False,False
6914068213,18.46,43.87,False,False
6914068215,18.46,43.87,False,False
6914068216,18.47,43.88,False,False
6914068232,18.47,43.88,False,False
6914068240,18.47,43.88,False,False
6914068252,18.46,43.88,False,False
6914068269,18.46,43.88,False,False
6914068275,18.46,43.88,False,False
6914068506,18.46,43.88,False,False
6914068529,18.46,43.87,False,False
6914068530,18.46,43.87,False,False
6914068538,18.46,43.87,False,False
6914068545,18.46,43.87,False,False
6914068551,18.46,43.88,False,False
6914068561,18.46,43.87,False,False
6914079386,18.47,43.88,False,False
6914079390,18.47,43.88,False,False
6914079391,18.46,43.88,False,False
6952888980,18.41,43.88,False,False
6952908688,18.42,43.89,False,False
6952908690,18.41,43.89,False,False
6955517773,18.41,43.89,False,False
6955537243,18.4,43.88,False,False
6955667353,18.43,43.88,False,False
6955689413,18.42,43.88,False,False
6955689422,18.42,43.88,False,False
6955763719,18.42,43.88,False,False
6955763746,18.43,43.87,False,False
6956022976,18.4,43.88,False,False
6956022978,18.4,43.88,False,False
6956094881,18.31,43.9,False,False
6956094882,18.31,43.9,False,False
6956096145,18.31,43.89,False,False
6956096157,18.31,43.89,False,False
6956096158,18.31,43.89,False,False
6956096169,18.31,43.89,False,False
6956101900,18.31,43.9,False,False
6956167741,18.43,43.88,False,False
6956167749,18.41,43.89,False,False
6957987513,18.31,43.9,False,False
6957987524,18.31,43.9,False,False
6958012750,18.31,43.9,False,False
6958012775,18.31,43.9,False,False
6958024185,18.31,43.9,False,False
6958024199,18.31,43.89,False,False
6958024200,18.31,43.9,False,False
6958151247,18.36,43.86,False,False
6958296953,18.38,43.86,False,False
6958296954,18.37,43.85,False,False
6958326888,18.36,43.86,False,False
6958456092,18.37,43.86,False,False
6958456098,18.36,43.87,False,False
6958485888,18.37,43.86,False,False
6958485892,18.37,43.86,False,False
6958485895,18.37,43.86,False,False
6958485896,18.37,43.86,False,False
6958485902,18.37,43.86,False,False
6958485915,18.36,43.86,False,False
6958485920,18.36,43.86,False,False
6958506909,18.37,43.86,False,False
6958506913,18.36,43.86,False,False
6958506925,18.37,43.86,False,False
6958538239,18.36,43.86,False,False
6958538245,18.36,43.86,False,False
6958538246,18.36,43.86,False,False
6958843949,18.39,43.86,False,False
6958843961,18.38,43.87,False,False
6958888842,18.39,43.86,False,False
6967286688,18.4,43.86,False,False
6967286689,18.4,43.86,False,False
6967286690,18.4,43.86,False,False
6967286695,18.38,43.86,False,False
6967286696,18.38,43.86,False,False
6967286697,18.38,43.86,False,False
6967286698,18.38,43.86,False,False
6967286699,18.38,43.86,False,False
6967286706,18.4,43.86,False,False
6967303851,18.38,43.86,False,False
6967771916,18.41,43.86,False,False
6967771921,18.42,43.87,False,False
6969853129,18.36,43.85,False,False
6969995208,18.38,43.84,False,False
6970320248,18.37,43.85,False,True
6970320249,18.37,43.85,False,True
6970320250,18.37,43.85,False,True
6970320264,18.36,43.85,False,False
6970320274,18.37,43.85,False,False
6970424122,18.36,43.84,False,False
6970424134,18.36,43.84,False,False
6970430341,18.36,43.85,False,False
6970430350,18.37,43.84,False,False
6970430353,18.37,43.84,False,False
6974384381,18.37,43.84,False,False
6974384382,18.37,43.84,False,False
6974419994,18.36,43.85,False,False
6974992982,18.38,43.84,False,False
6975189022,18.39,43.84,False,False
6975189042,18.39,43.84,False,False
6975294294,18.39,43.85,False,False
6975294295,18.39,43.85,False,False
6975294301,18.39,43.85,False,False
6975294305,18.38,43.84,False,False
6975294315,18.38,43.84,False,False
6975369172,18.38,43.86,False,False
6978439493,18.43,43.85,False,False
6978439502,18.43,43.85,False,False
6978439504,18.43,43.85,False,False
6978500733,18.42,43.85,False,False
6980418725,18.36,43.86,False,False
6980418727,18.36,43.86,False,False
6980418728,18.36,43.86,False,False
6980418739,18.36,43.86,False,False
6980418740,18.36,43.86,False,False
6980418746,18.36,43.86,False,False
6980418747,18.38,43.86,False,False
6980418756,18.38,43.86,False,False
6980418757,18.36,43.86,False,False
6980418762,18.36,43.86,False,False
6980445887,18.37,43.86,False,False
6980445894,18.37,43.86,False,False
6981229230,18.41,43.88,False,False
6981311283,18.41,43.85,False,False
6981327185,18.43,43.85,False,False
6981708003,18.42,43.85,False,False
6981708011,18.42,43.85,False,False
6987954272,18.37,43.85,False,True
6988107309,18.39,43.9,False,False
6988107342,18.41,43.9,False,False
6988107360,18.4,43.9,False,False
6988174139,18.4,43.9,False,False
6988174148,18.39,43.9,False,False
6988321900,18.41,43.91,False,False
6988321911,18.41,43.91,False,False
6988321960,18.41,43.91,False,False
6988327064,18.41,43.91,False,False
6988346396,18.41,43.91,False,False
6988362007,18.41,43.91,False,False
6988385512,18.42,43.91,False,False
6988385556,18.41,43.91,False,False
6988419118,18.42,43.89,False,False
6988419145,18.41,43.91,False,False
6988419153,18.41,43.91,False,False
6988419154,18.41,43.91,False,False
6988419158,18.41,43.91,False,False
6988419160,18.41,43.9,False,False
6988424035,18.42,43.9,False,False
6988424039,18.42,43.89,False,False
6988424049,18.42,43.89,False,False
6988424051,18.42,43.89,False,False
6988453720,18.41,43.9,False,False
6988453726,18.42,43.89,False,False
6988453730,18.41,43.91,False,False
6988453743,18.41,43.91,False,False
6988453744,18.41,43.91,False,False
6988453763,18.41,43.91,False,False
6988453764,18.41,43.9,False,False
6988453770,18.41,43.9,False,False
6988517395,18.4,43.91,False,False
6988517422,18.4,43.91,False,False
6988517423,18.4,43.91,False,False
6988517445,18.4,43.9,False,False
6988517463,18.4,43.9,False,False
6988520678,18.41,43.91,False,False
6988520684,18.41,43.91,False,False
6988524394,18.4,43.9,False,False
6988524395,18.39,43.89,False,False
6988531176,18.4,43.9,False,False
6988531179,18.4,43.9,False,False
6988531180,18.4,43.91,False,False
6988531181,18.4,43.91,False,False
6988544000,18.4,43.91,False,False
6988544016,18.4,43.91,False,False
6988544028,18.39,43.89,False,False
6988544502,18.39,43.9,False,False
6988544508,18.39,43.9,True,False
6988544509,18.39,43.9,False,False
6988544515,18.41,43.9,False,False
6988544531,18.4,43.9,True,False
6988558575,18.43,43.9,False,False
6988577442,18.44,43.9,False,False
6988577459,18.44,43.89,False,False
6988577477,18.43,43.9,False,False
6988577478,18.43,43.89,False,False
6988583385,18.44,43.9,False,False
6988583403,18.44,43.9,False,False
6988583404,18.44,43.9,False,False
6988583409,18.44,43.9,False,False
6988583410,18.44,43.9,False,False
6988583419,18.44,43.9,False,False
6988583429,18.44,43.9,False,False
6988590091,18.43,43.89,False,False
6990483613,18.45,43.9,False,False
6990483622,18.44,43.9,False,False
6990911013,18.4,43.92,False,False
6990911017,18.41,43.92,False,False
6990911032,18.41,43.92,False,False
6990911033,18.41,43.92,False,False
6990911069,18.41,43.92,False,False
6990911070,18.41,43.92,False,False
6990911080,18.4,43.92,False,False
6990954450,18.4,43.91,False,False
6993899769,18.33,43.87,False,False
6993899781,18.33,43.86,False,False
6993903282,18.33,43.86,False,False
6993937156,18.33,43.86,False,False
6993937164,18.33,43.86,False,False
6993961994,18.33,43.86,False,False
6993962001,18.33,43.86,False,False
6993962003,18.33,43.86,False,False
6993962016,18.33,43.86,False,False
6993965862,18.34,43.86,False,False
6993965884,18.35,43.86,False,False
6993967886,18.33,43.86,False,False
6993967887,18.34,43.86,False,False
6993967892,18.34,43.86,False,False
6993967894,18.33,43.86,False,False
6993967895,18.33,43.86,False,False
6993967896,18.33,43.86,False,False
6993967900,18.33,43.86,False,False
6993967904,18.33,43.86,False,False
6993967908,18.33,43.86,False,False
6993991414,18.35,43.86,False,False
6993991426,18.35,43.86,False,False
6993991427,18.35,43.86,False,False
6993991445,18.35,43.87,False,False
6993991448,18.35,43.87,False,False
6993991449,18.35,43.86,False,False
6993991451,18.35,43.86,False,False
6993991455,18.35,43.86,False,False
6993991462,18.35,43.86,False,False
6993993416,18.35,43.86,False,False
6993993425,18.35,43.86,False,False
6993993433,18.34,43.86,False,False
6994029969,18.35,43.86,False,False
6994029978,18.35,43.86,False,False
6994029982,18.35,43.86,False,False
6994035585,18.35,43.86,False,False
6994035587,18.35,43.86,False,False
6994035593,18.35,43.86,False,False
6996974560,18.34,43.86,False,False
6996974566,18.34,43.86,False,False
6996974571,18.34,43.86,False,False
6996974572,18.34,43.86,False,False
6996974573,18.34,43.86,False,False
6996974580,18.34,43.86,False,False
6997014490,18.34,43.86,False,False
6997014494,18.34,43.86,False,False
6997014507,18.34,43.86,False,False
6997014510,18.34,43.86,False,False
6997014512,18.34,43.86,False,False
6997014520,18.34,43.86,False,False
6997014530,18.34,43.86,False,False
6997014532,18.34,43.86,False,False
6997256845,18.35,43.86,False,False
6997256852,18.35,43.86,False,False
6997256853,18.35,43.86,False,False
6997256876,18.35,43.86,False,False
6997256881,18.35,43.86,False,False
6997280502,18.35,43.86,False,False
6997280516,18.35,43.86,False,False
6997280521,18.35,43.86,False,False
6997330841,18.34,43.86,False,False
6997498144,18.33,43.88,False,False
6997498145,18.33,43.88,False,False
6997498146,18.34,43.88,False,False
6997498155,18.34,43.88,False,False
6997498174,18.34,43.88,False,False
6997501650,18.33,43.88,False,False
6997501661,18.33,43.88,False,False
6997534477,18.28,43.91,False,False
6997543636,18.28,43.91,False,False
6997543666,18.28,43.91,False,False
6997543682,18.29,43.9,False,False
6997556906,18.29,43.9,False,False
6997556907,18.29,43.9,False,False
6997556915,18.29,43.9,False,False
6997556916,18.28,43.91,False,False
6997556973,18.29,43.9,False,False
6997556978,18.29,43.9,False,False
6997568336,18.3,43.9,False,False
6997568346,18.29,43.9,False,False
6997568352,18.28,43.91,False,False
6997568366,18.28,43.91,False,False
6997568367,18.29,43.91,False,False
6997573096,18.28,43.91,False,False
6997573097,18.28,43.91,False,False
6997573112,18.29,43.91,False,False
6997573125,18.29,43.91,False,False
6997573141,18.29,43.9,False,False
6997573156,18.29,43.9,False,False
6997573158,18.29,43.9,False,False
6997573182,18.29,43.9,False,False
6997573183,18.29,43.9,False,False
6997573194,18.3,43.9,False,False
6997573218,18.3,43.9,False,False
6997594349,18.28,43.91,False,False
6997594360,18.29,43.91,False,False
6997608054,18.28,43.9,False,False
6997640346,18.28,43.91,False,False
6997640357,18.28,43.91,False,False
6997640365,18.28,43.91,False,False
6997640383,18.28,43.91,False,False
6997645993,18.26,43.9,False,False
6997646000,18.26,43.9,False,False
7026890676,18.28,43.91,False,False
7060679442,18.41,43.88,False,False
7098520359,18.42,43.86,False,False
7098591540,18.43,43.85,True,False
7100035804,18.43,43.86,False,False
7259225758,18.34,43.83,False,False
7259225761,18.34,43.83,False,False
7259225767,18.34,43.83,False,False
7264560832,18.4,43.86,False,False
7264560833,18.4,43.86,False,False
7264560834,18.4,43.87,False,False
7264560836,18.4,43.87,False,False
7264576917,18.4,43.87,False,False
7264576919,18.4,43.87,False,False
7264576928,18.4,43.87,False,False
7264576935,18.4,43.87,False,False
7264576939,18.4,43.87,False,False
7264576940,18.38,43.86,False,False
7264797496,18.45,43.88,False,False
7264797497,18.45,43.88,False,False
7264982142,18.33,43.86,False,False
7397591387,18.35,43.83,False,False
7515030280,18.34,43.83,False,False
7798505473,18.4,43.88,False,False
7804312983,18.4,43.86,False,False
7810182334,18.36,43.85,False,False
7813814027,18.39,43.86,False,False
7813814033,18.39,43.86,False,False
7813814038,18.39,43.86,False,False
7813814039,18.39,43.86,False,False
7813814047,18.39,43.86,False,False
7813814059,18.39,43.86,False,False
7831375034,18.43,43.86,False,False
7840829792,18.45,43.86,False,False
7864807051,18.44,43.86,False,False
7866659895,18.44,43.86,False,False
7927493272,18.36,43.85,False,False
7956357258,18.34,43.84,False,False
8174226776,18.4,43.86,False,False
8174226779,18.4,43.86,False,False
8174226787,18.4,43.86,False,False
8174717586,18.41,43.88,False,False
8174717594,18.42,43.88,False,False
8174717596,18.42,43.88,False,False
8174717600,18.42,43.88,False,False
8174717601,18.42,43.88,False,False
8174717605,18.42,43.88,False,False
8174717608,18.42,43.88,False,False
8174717609,18.42,43.88,False,False
8174730333,18.42,43.87,False,False
8225509688,18.26,43.88,False,False
8227516296,18.36,43.85,False,False
8227516297,18.36,43.85,False,False
8227516298,18.36,43.85,False,False
8264730602,18.44,43.86,False,False
8270157345,18.43,43.87,False,False
8270157356,18.43,43.87,False,False
8270287413,18.44,43.87,False,False
8270287414,18.44,43.87,False,False
8270320825,18.44,43.87,False,False
8270320832,18.44,43.87,False,False
8270320833,18.44,43.87,False,False
8272180233,18.45,43.87,False,False
8272180234,18.45,43.87,False,False
8272180238,18.45,43.87,False,False
8272180239,18.45,43.87,False,False
8272180241,18.45,43.87,False,False
8272180242,18.45,43.87,False,False
8272182569,18.45,43.87,False,False
8272182574,18.45,43.87,False,False
8273497064,18.45,43.87,False,False
8273497076,18.45,43.87,False,False
8273683881,18.46,43.87,False,False
8273683884,18.46,43.87,False,False
8273696023,18.46,43.87,False,False
8273705748,18.47,43.87,False,False
8273705750,18.47,43.87,False,False
8273705751,18.47,43.87,False,False
8273705763,18.47,43.87,False,False
8273705764,18.47,43.87,False,False
8273705765,18.47,43.87,False,False
8273722797,18.45,43.88,False,False
8273722928,18.45,43.88,False,False
8273722942,18.45,43.88,False,False
8274131694,18.45,43.88,False,False
8274131696,18.45,43.88,False,False
8274131697,18.46,43.88,False,False
8274131699,18.46,43.88,False,False
8274213850,18.45,43.88,False,False
8274213854,18.45,43.88,False,False
8274213955,18.45,43.88,False,False
8274213960,18.45,43.88,False,False
8274213961,18.45,43.88,False,False
8274213963,18.45,43.88,False,False
8274213968,18.45,43.88,False,False
8274214111,18.45,43.88,False,False
8274214113,18.45,43.88,False,False
8274513455,18.39,43.86,False,False
8275306777,18.44,43.88,False,False
8275306783,18.43,43.88,False,False
8275307005,18.44,43.88,False,False
8491433204,18.39,43.87,False,False
8491433207,18.39,43.87,False,False
8507686734,18.43,43.87,False,False
8507686746,18.43,43.87,False,False
8514441210,18.38,43.87,False,False
8999529096,18.34,43.83,False,False
8999529105,18.34,43.83,False,False
8999534428,18.34,43.83,False,False
9051837613,18.32,43.87,False,False
9155616853,18.38,43.85,False,False
9157295477,18.43,43.85,False,False
9157295485,18.43,43.85,False,False
9158079495,18.43,43.85,False,False
9158079496,18.43,43.85,False,False
9162554601,18.34,43.86,False,False
9162554606,18.34,43.86,False,False
9162667630,18.34,43.86,False,False
9162667631,18.34,43.86,False,False
9191155714,18.41,43.86,False,False
9191292963,18.39,43.85,False,True
9195617678,18.36,43.84,False,False
9195617682,18.36,43.84,False,False
9195617709,18.36,43.84,False,False
9195617715,18.36,43.84,False,False
9208153329,18.34,43.83,False,False
9208153330,18.34,43.83,False,False
9325511593,18.35,43.83,False,False
9325511594,18.35,43.83,False,False
9325511596,18.35,43.83,False,False
9325711778,18.35,43.85,False,False
9325711784,18.35,43.85,False,False
9325711789,18.35,43.85,False,False
9325711796,18.35,43.85,False,False
9325711797,18.35,43.85,False,False
9325766441,18.36,43.85,False,False
9325766442,18.36,43.85,False,False
9325766447,18.36,43.85,False,False
9325766448,18.36,43.85,False,False
9332976323,18.4,43.85,False,False
9332976355,18.37,43.85,False,False
9332976361,18.37,43.85,False,False
9337261449,18.41,43.86,False,False
9337261450,18.41,43.86,False,False
9380339027,18.4,43.86,False,False
9380339028,18.4,43.86,False,False
9409056694,18.36,43.85,False,False
9566302512,18.34,43.83,False,False
9566302513,18.34,43.83,False,False
9566466244,18.45,43.85,False,False
9566725637,18.44,43.87,False,False
9566725640,18.44,43.87,False,False
9566797215,18.39,43.88,False,False
9566797216,18.4,43.88,False,False
9566815617,18.4,43.88,False,False
9566815619,18.4,43.88,False,False
9566912281,18.4,43.85,False,False
9566912285,18.4,43.85,False,False
9566912286,18.4,43.85,False,False
9568889766,18.36,43.84,False,False
9568889769,18.36,43.84,False,False
9703854402,18.41,43.88,False,False
9703854403,18.41,43.88,False,False
9733565483,18.44,43.86,False,False
9939725060,18.42,43.87,False,False
10038977946,18.34,43.83,False,False
10038977980,18.34,43.84,False,False
10265634293,18.43,43.87,False,False
10270258445,18.43,43.86,False,False
10307781019,18.4,43.87,False,False
10307781038,18.4,43.87,False,False
10769086323,18.43,43.86,False,False
10832837312,18.43,43.86,False,False
10958282479,18.42,43.86,False,False
10970002963,18.39,43.85,False,False
10970002964,18.39,43.85,False,False
10970003005,18.34,43.83,False,False
11023458218,18.42,43.87,False,False
11023462656,18.42,43.87,False,False
11023462658,18.42,43.87,False,False
11023462660,18.42,43.87,False,False
11038287701,18.37,43.85,False,False
11038287702,18.37,43.85,False,False
11042119854,18.34,43.83,False,False
11085084819,18.41,43.91,False,False
11113476526,18.36,43.85,False,False
11113476531,18.36,43.85,False,False
11113476533,18.36,43.85,False,False
11113476537,18.36,43.85,False,False
11113476540,18.36,43.85,False,False
11113476543,18.36,43.85,False,False
11113476545,18.36,43.85,False,False
11113476548,18.36,43.85,False,False
11113476572,18.35,43.85,False,False
11142826539,18.41,43.85,False,False
11158979442,18.26,43.89,False,False
11159272588,18.42,43.88,False,False
11159718045,18.41,43.85,False,False
11159718046,18.41,43.85,False,False
11159718047,18.41,43.85,False,False
11159724690,18.42,43.85,False,False
11172142579,18.38,43.85,False,False
11172142584,18.37,43.85,False,False
11172142589,18.37,43.85,False,False
11172142591,18.37,43.84,False,False
11172142592,18.37,43.84,False,False
11172142595,18.37,43.84,False,False
11172142596,18.37,43.84,False,False
11172142597,18.37,43.84,False,False
11172142604,18.37,43.85,False,False
11172142605,18.38,43.84,False,False
11172142606,18.38,43.84,False,False
11175089863,18.4,43.85,False,False
11175089868,18.4,43.85,False,False
11175204499,18.43,43.86,False,False
11175204502,18.43,43.86,False,False
11175918209,18.34,43.84,False,False
11175918210,18.34,43.84,False,False
11175918214,18.34,43.84,False,False
11175918215,18.34,43.84,False,False
11187088880,18.39,43.88,False,False
11187147647,18.41,43.91,False,False
11187147652,18.41,43.91,False,False
11188958636,18.37,43.86,False,False
11188970244,18.37,43.86,False,False
11189437430,18.44,43.85,False,False
11189437436,18.44,43.85,False,False
11189596239,18.4,43.87,False,False
11189596245,18.4,43.87,False,False
11194855669,18.37,43.86,False,False
11194855673,18.37,43.86,False,False
11194855674,18.37,43.86,False,False
11194855676,18.37,43.86,False,False
11194855677,18.37,43.86,False,False
11194855679,18.37,43.86,False,False
11194855684,18.37,43.86,False,False
11205626335,18.35,43.85,False,False
11208467468,18.31,43.87,False,False
11208467470,18.31,43.87,False,False
11218723720,18.35,43.85,False,False
11238858193,18.4,43.91,False,False
11238858198,18.4,43.9,False,False
11238858199,18.4,43.91,False,False
11253757267,18.39,43.85,True,False
11255510525,18.43,43.85,False,False
11258095459,18.37,43.84,False,False
11258112534,18.38,43.84,False,False
11258115237,18.37,43.84,False,False
11258115238,18.37,43.84,False,False
11258115239,18.37,43.84,False,False
11258115244,18.38,43.84,False,False
11258115246,18.38,43.84,False,False
11258115249,18.37,43.84,False,False
11258115251,18.37,43.84,False,False
11258115257,18.37,43.84,False,False
11258115259,18.37,43.84,False,False
11258115260,18.37,43.84,False,False
11258115263,18.38,43.84,False,False
11258115264,18.38,43.84,False,False
11258115265,18.37,43.84,False,False
11258115269,18.37,43.84,False,False
11258115273,18.37,43.84,False,False
11258115274,18.38,43.84,False,False
11262691002,18.38,43.85,False,False
11335510050,18.35,43.85,False,False
11335510060,18.35,43.85,False,False
11335625111,18.39,43.87,False,False
11336002291,18.43,43.84,False,False
11336005309,18.36,43.87,False,False
11336057830,18.4,43.87,False,False
11336057831,18.39,43.87,False,False
11336070291,18.4,43.87,False,False
11337401143,18.39,43.87,False,False
11337674019,18.39,43.88,False,False
11337674021,18.39,43.88,False,False
11337728457,18.36,43.85,False,False
11337747019,18.35,43.86,False,False
11337766798,18.33,43.87,False,False
11337766804,18.33,43.87,False,False
11337769012,18.32,43.87,False,False
11337775141,18.32,43.87,False,False
11337775142,18.33,43.87,False,False
11337775437,18.32,43.87,False,False
11337776588,18.32,43.87,False,False
11337782893,18.27,43.88,False,False
11337784508,18.34,43.86,False,False
11337784511,18.34,43.86,False,False
11337784836,18.32,43.88,False,False
11337784837,18.32,43.88,False,False
11337785631,18.36,43.85,False,False
11337785632,18.36,43.85,False,False
11337786907,18.36,43.86,False,False
11337786916,18.36,43.86,False,False
11337787455,18.34,43.85,False,False
11337787464,18.34,43.86,False,False
11337790521,18.35,43.86,False,False
11337793945,18.34,43.86,False,False
11337793957,18.34,43.86,False,False
11337794869,18.36,43.86,False,False
11337799793,18.34,43.86,False,False
11337802217,18.35,43.86,False,False
11337802220,18.35,43.86,False,False
11337809832,18.34,43.85,False,False
11337809840,18.34,43.86,False,False
11337816888,18.34,43.86,False,False
11337867272,18.34,43.86,False,False
11337891905,18.33,43.86,False,False
11337891906,18.33,43.86,False,False
11337891911,18.33,43.86,False,False
11338151024,18.42,43.91,False,False
11338167425,18.39,43.87,False,False
11338167428,18.39,43.87,False,False
11338709183,18.29,43.88,False,False
11338741595,18.29,43.89,False,False
11338741598,18.29,43.89,False,False
11338755700,18.29,43.89,False,False
11338803555,18.28,43.89,False,False
11338803560,18.28,43.88,False,False
11338871085,18.3,43.89,False,False
11338871119,18.3,43.89,False,False
11338871128,18.3,43.88,False,False
11338871136,18.3,43.88,False,False
11338888125,18.3,43.88,False,False
11345949939,18.39,43.86,False,False
11345949942,18.39,43.86,False,False
11345949958,18.39,43.86,False,False
11345970301,18.39,43.86,False,False
11345970303,18.39,43.86,False,False
11345999182,18.42,43.85,False,False
11345999190,18.42,43.85,False,False
11346000173,18.34,43.84,False,False
11346000175,18.34,43.84,False,False
11346001729,18.38,43.85,False,False
11346001732,18.38,43.85,False,False
11346002628,18.38,43.84,False,False
11346002636,18.39,43.84,False,False
11346032779,18.36,43.84,False,False
11346035713,18.37,43.84,True,False
11346053723,18.37,43.84,False,False
11346053725,18.37,43.84,False,False
11346062140,18.38,43.85,False,False
11346064416,18.37,43.84,False,False
11346065505,18.38,43.84,False,False
11346067004,18.37,43.85,False,False
11346078415,18.35,43.85,False,False
11346078417,18.35,43.85,False,False
11346078579,18.36,43.85,False,False
11346088162,18.42,43.87,False,False
11346088570,18.42,43.87,False,False
11346099663,18.35,43.85,False,False
11351297114,18.39,43.85,False,False
11351297115,18.39,43.85,False,False
11379786983,18.4,43.87,False,False
11401557882,18.4,43.87,False,False
11401557890,18.4,43.87,False,False
11640881507,18.35,43.85,False,False
11640881510,18.35,43.85,False,False
11640881512,18.35,43.85,False,False
11640881514,18.35,43.85,False,False
11640881519,18.35,43.85,False,False
11640881521,18.35,43.85,False,False
11640881523,18.35,43.85,False,False
11672326955,18.42,43.85,False,False
11672522121,18.41,43.86,False,False
11672522122,18.41,43.86,False,False
11811495472,18.41,43.91,False,False
11889564186,18.43,43.85,False,False
11961523006,18.37,43.84,False,False
11961523008,18.37,43.84,False,False
11961523010,18.37,43.84,False,False
11961523012,18.37,43.84,False,False
11977428484,18.35,43.85,False,False
11991211010,18.41,43.86,False,False
12007766912,18.34,43.83,False,False
12007802374,18.33,43.83,False,False
12007802375,18.33,43.83,False,False
12045725932,18.36,43.85,False,False
12046344101,18.43,43.85,False,False
12046344103,18.43,43.85,False,False
12091725458,18.37,43.85,False,False
12171257958,18.35,43.85,False,False
12179788818,18.37,43.84,False,False
12196782635,18.35,43.85,False,False
12201098849,18.38,43.85,False,False
12255302217,18.34,43.85,False,False
12255302221,18.34,43.85,False,False
12255302222,18.34,43.85,False,False
12255302223,18.34,43.85,False,False
12322799084,18.41,43.85,False,False
12398545754,18.38,43.85,False,False
12398545755,18.38,43.85,False,False
12398545758,18.38,43.85,False,False
12398545759,18.38,43.85,False,False
12398545762,18.38,43.85,False,False
12402699743,18.41,43.85,False,False
12402699752,18.41,43.85,False,False
12402699760,18.41,43.85,False,False
12504156319,18.38,43.86,False,False
12536190858,18.41,43.87,False,False
12548630878,18.41,43.86,False,False
12676661197,18.36,43.85,False,False
12704772573,18.36,43.86,False,False
12704772583,18.36,43.86,False,False
12704772584,18.36,43.86,False,False
12735642207,18.43,43.87,False,False
12735642209,18.43,43.87,False,False
12735642210,18.43,43.87,False,False
12735642212,18.43,43.87,False,False
12735642218,18.43,43.87,False,False
12735642220,18.43,43.87,False,False
12735642221,18.43,43.87,False,False
12735642222,18.43,43.87,False,False
12743663758,18.37,43.84,False,False
12743663759,18.37,43.84,False,False
12743733570,18.37,43.84,False,False
12743733571,18.37,43.84,False,False
12743733573,18.37,43.84,False,False
12771489022,18.35,43.84,False,False
12771927629,18.34,43.84,False,False
12773089502,18.42,43.85,False,False
12776852614,18.41,43.86,False,False
12776854196,18.41,43.86,False,False
12784604560,18.43,43.85,False,False
12786535657,18.28,43.87,False,False
12799917483,18.39,43.85,False,False
12813631319,18.35,43.86,False,False
12813631326,18.35,43.86,False,False
12843758231,18.4,43.86,False,False
12843758238,18.4,43.87,False,False
12886528356,18.43,43.88,False,False
12886528368,18.42,43.88,False,False
12886577751,18.43,43.85,False,False
12886577757,18.42,43.85,False,False
12886684760,18.42,43.88,False,False
12886692900,18.45,43.84,False,False
12886704046,18.43,43.85,False,False
12886704047,18.43,43.85,False,False
12886704052,18.43,43.85,False,False
12886704053,18.43,43.85,False,False
12886704054,18.43,43.85,False,False
12886704055,18.43,43.85,False,False
12886751673,18.43,43.88,False,False
12886751674,18.43,43.88,False,False
12886751683,18.42,43.88,False,False
12886973819,18.42,43.88,False,False
12886973820,18.42,43.88,False,False
12886973824,18.42,43.87,False,False
12887076060,18.43,43.85,False,False
12887076069,18.43,43.85,False,False
12887112975,18.43,43.88,False,False
12887112988,18.43,43.87,False,False
12887112994,18.43,43.87,False,False
12887112999,18.43,43.88,False,False
12887113008,18.43,43.88,False,False
12887201064,18.43,43.85,False,False
12887201074,18.43,43.85,False,False
12887884656,18.42,43.85,False,False
12887885898,18.45,43.87,False,False
12887885899,18.45,43.87,False,False
12887891801,18.45,43.87,False,False
12887891805,18.45,43.87,False,False
12887891811,18.45,43.87,False,False
12887891813,18.45,43.86,False,False
12887893317,18.44,43.87,False,False
12887927607,18.41,43.88,False,False
12887927611,18.41,43.88,False,False
12887927616,18.41,43.88,False,False
12887927620,18.41,43.88,False,False
12887927621,18.41,43.88,False,False
12887927622,18.41,43.88,False,False
12887927623,18.41,43.88,False,False
12887927624,18.41,43.88,False,False
12887927625,18.41,43.88,False,False
12887927627,18.41,43.88,False,False
12887927689,18.32,43.86,False,False
12887927696,18.32,43.86,False,False
12887945141,18.42,43.89,False,False
12887945142,18.41,43.89,False,False
12887945146,18.42,43.88,False,False
12887953557,18.44,43.87,False,False
12887953564,18.44,43.87,False,False
12887953571,18.44,43.87,False,False
12887966502,18.32,43.86,False,False
12887966514,18.33,43.86,False,False
12887966518,18.32,43.86,False,False
12887966519,18.32,43.86,False,False
12887966520,18.32,43.86,False,False
12887966524,18.32,43.86,False,False
12887966544,18.45,43.87,False,False
12887966550,18.45,43.87,False,False
12887966565,18.45,43.87,False,False
12887975858,18.41,43.85,False,False
12888001910,18.42,43.88,False,False
12888061074,18.42,43.88,False,False
12888061075,18.42,43.88,False,False
12888061079,18.42,43.88,False,False
12888061082,18.41,43.88,False,False
12888076833,18.41,43.88,False,False
12888076834,18.42,43.88,False,False
12888076839,18.42,43.88,False,False
12888076848,18.42,43.88,False,False
12888090864,18.45,43.87,False,False
12888090879,18.45,43.86,False,False
12888128353,18.42,43.87,False,False
12888128356,18.41,43.87,False,False
12888128361,18.42,43.88,False,False
12888128366,18.41,43.88,False,False
12888128367,18.41,43.88,False,False
12888128371,18.42,43.88,False,False
12888255043,18.45,43.87,False,False
12888275721,18.4,43.88,False,False
12888275725,18.4,43.88,False,False
12888275727,18.4,43.88,False,False
12888275728,18.4,43.88,False,False
12888326353,18.42,43.88,False,False
12888326354,18.42,43.88,False,False
12888326355,18.41,43.88,False,False
12888460105,18.44,43.88,False,False
12888460107,18.44,43.88,False,False
12888501352,18.43,43.85,False,False
12888501356,18.43,43.85,False,False
12888531569,18.44,43.88,False,False
12888615521,18.43,43.85,False,False
12888615522,18.43,43.85,False,False
12888787014,18.43,43.87,False,False
12888787015,18.44,43.88,False,False
12888837741,18.42,43.88,False,False
12888837743,18.42,43.87,False,False
12888837750,18.42,43.87,False,False
12889064280,18.43,43.85,False,False
12889117291,18.42,43.88,False,False
12889117297,18.43,43.87,False,False
12889154702,18.43,43.88,False,False
12889787885,18.33,43.86,False,False
12889787895,18.33,43.86,False,False
12889787897,18.34,43.86,False,False
12889822802,18.33,43.86,False,False
12889912192,18.41,43.85,False,False
12890170209,18.44,43.86,False,False
12890173490,18.32,43.86,False,False
12890187403,18.44,43.85,False,False
12890227121,18.34,43.86,False,False
12890252017,18.32,43.86,False,False
12890253487,18.34,43.85,False,False
12890253493,18.34,43.85,False,False
12890253500,18.33,43.85,False,False
12890290706,18.33,43.85,False,False
12890302149,18.45,43.86,False,False
12890326600,18.45,43.85,False,False
12890382622,18.33,43.86,False,False
12890480733,18.44,43.85,False,False
12890505197,18.41,43.86,False,False
12891960792,18.43,43.86,False,False
12894657532,18.39,43.85,False,False
12894657540,18.39,43.85,False,False
12898466048,18.34,43.85,False,False
12898466051,18.34,43.85,False,False
12898466053,18.34,43.85,False,False
12898526847,18.39,43.88,False,False
12898526852,18.39,43.88,False,False
12898526855,18.39,43.88,False,False
12898526856,18.39,43.88,False,False
12898570859,18.4,43.88,False,False
12898570860,18.4,43.88,False,False
12898570861,18.4,43.88,False,False
12898570863,18.4,43.88,False,False
12898570864,18.39,43.88,False,False
12898570868,18.39,43.87,False,False
12898576162,18.34,43.86,False,False
12898627797,18.39,43.88,False,False
12898627799,18.39,43.88,False,False
12898693669,18.33,43.86,False,False
12898757801,18.39,43.88,False,False
12898790147,18.42,43.86,False,False
12898790157,18.43,43.87,False,False
12898790174,18.42,43.87,False,False
12898790177,18.42,43.86,False,False
12898792528,18.33,43.86,False,False
12898819360,18.35,43.85,False,False
12898832394,18.4,43.88,False,False
12898832395,18.4,43.88,False,False
12898859228,18.44,43.86,False,False
12898860221,18.4,43.88,False,False
12898860222,18.4,43.88,False,False
12898862544,18.32,43.86,False,False
12898862553,18.32,43.86,False,False
12898862557,18.33,43.86,False,False
12898862558,18.33,43.86,False,False
12898862559,18.33,43.86,False,False
12898862560,18.33,43.86,False,False
12898898760,18.39,43.88,False,False
12898898761,18.39,43.88,False,False
12898898764,18.39,43.88,False,False
12898898765,18.4,43.88,False,False
12898898766,18.39,43.88,False,False
12898898767,18.39,43.88,False,False
12899149398,18.42,43.85,False,False
12899180301,18.42,43.85,False,False
12899629411,18.42,43.85,False,False
12899765802,18.33,43.84,False,False
12899765806,18.33,43.84,False,False
12899765814,18.34,43.84,False,False
12899863394,18.43,43.86,False,False
12899863395,18.43,43.86,False,False
12900709486,18.37,43.86,False,False
12900774935,18.43,43.87,False,False
12900774944,18.43,43.86,False,False
12900774949,18.43,43.86,False,False
12900821802,18.4,43.88,False,False
12900828596,18.44,43.87,False,False
12900828597,18.44,43.87,False,False
12900960123,18.4,43.84,False,False
12900977401,18.43,43.87,False,False
12901199598,18.45,43.85,False,False
12901219102,18.43,43.87,False,False
12901219124,18.42,43.87,False,False
12901219125,18.42,43.87,False,False
12901219126,18.42,43.87,False,False
12901219127,18.42,43.87,False,False
12901219128,18.43,43.87,False,False
12901219132,18.43,43.87,False,False
12901219134,18.43,43.87,False,False
12901219143,18.43,43.87,False,False
12901219145,18.43,43.87,False,False
12901225934,18.39,43.88,False,False
12901225939,18.39,43.88,False,False
12901225941,18.39,43.88,False,False
12901260677,18.43,43.87,False,False
12901260685,18.43,43.87,False,False
12901260691,18.43,43.87,False,False
12901260692,18.43,43.87,False,False
12901277199,18.38,43.86,False,False
12901333921,18.38,43.86,False,False
12901333938,18.38,43.85,False,False
12901333939,18.38,43.86,False,False
12901337157,18.4,43.85,False,False
12901337159,18.41,43.85,False,False
12901337163,18.41,43.85,False,False
12901375918,18.41,43.85,False,False
12901398011,18.38,43.86,False,False
12901398013,18.38,43.86,False,False
12901446083,18.43,43.87,False,False
12901492579,18.37,43.86,False,False
12901492582,18.37,43.86,False,False
12901492583,18.37,43.86,True,False
12901492584,18.37,43.86,False,False
12901492598,18.38,43.86,False,False
12901553885,18.39,43.84,False,False
12901553886,18.39,43.84,False,False
12901553888,18.39,43.84,False,False
12901553889,18.39,43.84,False,False
12901553892,18.39,43.85,False,False
12901553900,18.38,43.85,False,False
12901556001,18.38,43.85,False,False
12901556002,18.39,43.85,False,False
12901574854,18.41,43.84,False,False
12901839295,18.34,43.84,False,False
12902312233,18.42,43.86,False,False
12903126592,18.43,43.85,False,False
12903126593,18.43,43.85,False,False
12903126595,18.42,43.85,False,False
12903810130,18.4,43.85,False,False
12903810132,18.39,43.84,False,False
12903810133,18.39,43.84,False,False
12903810134,18.39,43.84,False,False
12903928957,18.44,43.87,False,False
12903928962,18.44,43.87,False,False
12903932357,18.38,43.86,False,False
12904001246,18.4,43.87,False,False
12904001292,18.4,43.86,False,False
12904007307,18.41,43.85,False,False
12904023255,18.39,43.85,False,False
12904023256,18.39,43.85,False,False
12904023260,18.4,43.85,False,False
12904071171,18.36,43.84,False,False
12904071172,18.36,43.84,False,False
12904071173,18.36,43.84,False,False
12904071174,18.36,43.84,False,False
12904071175,18.37,43.84,False,False
12905132054,18.4,43.87,False,False
12905143410,18.37,43.86,False,False
12905143413,18.38,43.86,False,False
12905143417,18.38,43.86,False,False
12905447255,18.39,43.84,False,False
12905447259,18.39,43.84,False,False
12905447260,18.39,43.84,False,False
12905447261,18.39,43.84,False,False
12905447262,18.39,43.84,False,False
12905447296,18.4,43.86,False,False
12905498922,18.39,43.87,False,False
12905498925,18.39,43.87,False,False
12905498927,18.39,43.87,False,False
12905498930,18.39,43.87,False,False
12905498931,18.39,43.87,False,False
12905498936,18.4,43.87,False,False
12905498939,18.39,43.87,False,False
12905666610,18.44,43.85,False,False
12905883192,18.44,43.86,False,False
12906090335,18.35,43.85,False,False
12906090336,18.35,43.85,False,False
12906125405,18.37,43.84,False,False
12906125410,18.37,43.84,False,False
12906125412,18.37,43.84,False,False
12906457444,18.37,43.86,False,False
12906457447,18.36,43.86,False,False
12906457451,18.35,43.86,False,False
12906828983,18.38,43.85,False,False
12907523375,18.38,43.84,False,False
12907523378,18.37,43.84,False,False
12907523381,18.37,43.84,False,False
12907523385,18.37,43.84,False,False
12907523397,18.37,43.84,False,False
12907533434,18.35,43.85,False,False
12907533435,18.35,43.85,False,False
12907533438,18.36,43.86,False,False
12907533441,18.36,43.86,False,False
12908576993,18.35,43.84,False,False
12908576997,18.35,43.84,False,False
12908576998,18.35,43.84,False,False
12908606022,18.36,43.84,False,False
12908619698,18.4,43.87,False,False
12908641402,18.4,43.87,False,False
12908641403,18.4,43.87,False,False
12908641404,18.4,43.87,False,False
12908641405,18.4,43.87,False,False
12908641409,18.4,43.87,False,False
12908641418,18.4,43.87,False,False
12908641421,18.4,43.87,False,False
12908641422,18.4,43.87,False,False
12908641424,18.4,43.87,True,False
12908641426,18.4,43.87,False,False
12908641428,18.39,43.86,False,False
12908641429,18.39,43.86,False,False
12908641430,18.39,43.86,False,False
12908641437,18.39,43.87,False,False
12908641445,18.39,43.87,False,False
12908648330,18.36,43.84,False,False
12908648332,18.36,43.84,False,False
12908648340,18.36,43.84,False,False
12908648475,18.4,43.87,False,False
12908648479,18.4,43.87,False,False
12908648485,18.4,43.87,False,False
12908648486,18.4,43.87,False,False
12908648487,18.4,43.87,False,False
12908648489,18.4,43.87,False,False
12908668258,18.36,43.84,False,False
12908676693,18.39,43.87,False,False
12908834909,18.39,43.86,False,False
12908834911,18.38,43.86,False,False
12908834913,18.39,43.86,False,False
12908834918,18.4,43.87,False,False
12908834922,18.4,43.86,False,False
12908834923,18.4,43.87,False,False
12908876320,18.42,43.86,False,False
12908876321,18.42,43.86,False,False
12908880135,18.4,43.86,False,False
12908880179,18.35,43.84,False,False
12909044150,18.4,43.87,False,False
12909065861,18.39,43.84,False,False
12909108320,18.39,43.87,False,False
12909187595,18.38,43.85,False,False
12909280040,18.35,43.85,False,False
12909280041,18.35,43.85,False,False
12909280045,18.35,43.86,False,False
12909296747,18.38,43.84,False,False
12909380414,18.38,43.84,False,False
12909380418,18.38,43.84,False,False
12909380422,18.38,43.84,False,False
12909380424,18.38,43.85,False,False
12909380426,18.38,43.84,False,False
12909380427,18.38,43.84,False,False
12909415455,18.35,43.85,False,False
12909415456,18.35,43.85,False,False
12909415457,18.35,43.85,False,False
12909415458,18.35,43.85,False,False
12909415465,18.35,43.85,False,False
12909456720,18.38,43.85,False,False
12909505731,18.37,43.86,False,False
12909505732,18.36,43.86,False,False
12909505737,18.36,43.85,False,False
12909576489,18.37,43.84,False,False
12909576497,18.37,43.84,False,False
12909614309,18.37,43.85,False,False
12909614310,18.37,43.84,False,False
12909614311,18.37,43.85,False,False
12909614312,18.37,43.84,False,False
12909614313,18.37,43.85,False,False
12909614314,18.37,43.84,False,False
12909668266,18.36,43.85,False,False
12909856436,18.35,43.86,False,False
12909856437,18.35,43.86,False,False
12909856458,18.36,43.85,False,False
12910655335,18.38,43.85,False,False
12910806726,18.36,43.85,False,False
12911719236,18.36,43.84,False,False
12911719238,18.36,43.84,False,False
12911719239,18.36,43.84,False,False
12911719240,18.35,43.84,False,False
12911994920,18.4,43.86,False,False
12911996242,18.41,43.86,False,False
12912122844,18.39,43.87,False,False
12912220966,18.42,43.85,False,False
12912324179,18.44,43.86,False,False
12912354049,18.38,43.84,False,False
12912452187,18.38,43.84,False,False
12912452188,18.38,43.84,False,False
12912452189,18.38,43.84,False,False
12912459395,18.36,43.85,False,False
12912465414,18.37,43.84,False,False
12912616902,18.38,43.84,False,False
12912644487,18.37,43.84,False,False
12912737241,18.41,43.86,False,False
12912737242,18.41,43.86,False,False
12912737243,18.41,43.86,False,False
12912737244,18.41,43.86,False,False
12912801084,18.4,43.86,False,False
12912801085,18.4,43.86,False,False
12912801086,18.4,43.86,False,False
12912801087,18.4,43.86,False,False
12912801088,18.4,43.86,False,False
12912805838,18.35,43.85,False,False
12912805839,18.35,43.85,False,False
12912932241,18.36,43.85,False,False
12912932242,18.36,43.85,False,False
12912932250,18.36,43.85,False,False
12912932251,18.36,43.85,False,False
12912932267,18.36,43.85,False,False
12918832904,18.42,43.87,False,False
12918832905,18.42,43.87,False,False
12918832907,18.42,43.87,False,False
12918832919,18.42,43.87,False,False
12918832928,18.42,43.87,False,False
12918832935,18.42,43.86,False,False
12918837602,18.39,43.86,False,False
12918837603,18.39,43.86,False,False
12918837614,18.39,43.86,False,False
12918837630,18.39,43.86,False,False
12918942599,18.35,43.85,False,False
12919787449,18.36,43.85,False,False
12919787455,18.36,43.86,False,False
12919787475,18.36,43.86,False,False
12919806851,18.36,43.86,False,False
12919818902,18.36,43.86,False,False
12919818905,18.36,43.86,False,False
12920428366,18.38,43.86,False,False
12920508687,18.39,43.85,False,False
12920523223,18.39,43.85,False,False
12920582871,18.4,43.85,False,False
12920651126,18.39,43.86,False,False
12920651127,18.39,43.86,False,False
12920651128,18.39,43.86,False,False
12920655598,18.38,43.85,False,False
12920655599,18.38,43.85,False,False
12920789263,18.39,43.86,False,False
12922048413,18.35,43.85,False,False
12922458955,18.39,43.85,False,False
12922530208,18.39,43.85,False,False
12922530209,18.39,43.85,False,False
12922530210,18.39,43.85,False,False
12922530215,18.39,43.85,False,False
12922997937,18.36,43.85,False,False
12951673913,18.3,43.89,False,False
12959613418,18.42,43.86,False,False
13058623072,18.32,43.87,False,False
13058623075,18.32,43.87,False,False
13144061041,18.41,43.91,False,False
13147652158,18.39,43.86,False,False
13149331757,18.43,43.86,False,False
13204877868,18.4,43.85,False,False
13247358598,18.44,43.86,False,False
13249441074,18.42,43.86,False,False
13250605045,18.41,43.86,False,False
13252200507,18.42,43.86,False,False
13322076221,18.39,43.85,False,False
13322076229,18.39,43.85,False,False
13322076230,18.39,43.85,False,False
13326166717,18.34,43.83,False,True
13326166719,18.34,43.83,False,False
13326166724,18.34,43.83,False,False
13337832588,18.33,43.83,False,False
13337832589,18.33,43.83,False,False
13374214523,18.34,43.83,False,False
13375497921,18.34,43.84,False,False
13375497922,18.34,43.84,False,False
13377315175,18.4,43.85,False,False
13386200644,18.29,43.88,False,False
13416334987,18.35,43.82,False,False
13426819977,18.35,43.83,False,False
13426819978,18.35,43.83,False,False
13430142547,18.38,43.84,False,False
13469019597,18.42,43.86,False,False
13469095395,18.42,43.86,False,False
13469095398,18.42,43.86,False,False
13602019508,18.35,43.85,False,False
13602120346,18.39,43.86,False,False
13711223982,18.28,43.89,False,False
13717216070,18.44,43.85,False,False
13752770892,18.4,43.9,False,False
13907032327,18.31,43.89,False,False
14077098235,18.43,43.85,False,False
14077098239,18.43,43.85,False,False
14077098251,18.43,43.85,False,False
